FECHA Y HORA,Presión atmosférica (mmHg),Temperatura Ambiente (Celsius),Velocidad del Viento (m/s),Dirección del viento (°),Humedad Relativa (%),Radiación Solar (W/m²),Precipitación (mm),NO2 (µg/m³),NO (µg/m³),NOX (µg/m³),CO (µg/m³),O3 (µg/m³),SO2 (µg/m³),TRS (µg/m³),PM10 (µg/m³),PM2.5 (µg/m³)
01/01/2024 12:00:00 AM,696.291,24.086,1.142,181.289,83.83,0,0,NA,NA,NA,NA,12.002,NA,3.572,34.214,22.552
01/01/2024 01:00:00 AM,696.132,23.734,1.42,121.161,82.638,0,0,NA,NA,NA,NA,12.026,NA,-999,58.092,45.076
01/01/2024 02:00:00 AM,695.799,23.169,1.592,68.523,86.201,0,0,NA,NA,NA,NA,10.988,NA,0.897,43.862,31.956
01/01/2024 03:00:00 AM,695.3,23.281,1.368,126.128,80.681,0,0,NA,NA,NA,NA,-999,NA,-999,26.767,18.866
01/01/2024 04:00:00 AM,694.951,22.887,2.341,152.432,75.516,0,0,NA,NA,NA,NA,11.431,NA,-999,15.322,9.279
01/01/2024 05:00:00 AM,695.139,22.394,1.868,156.524,74.926,0,0,NA,NA,NA,NA,10.724,NA,-999,14.128,8.248
01/01/2024 06:00:00 AM,695.573,22.088,1.914,181.05,75.209,0,0,NA,NA,NA,NA,-999,NA,-999,13.028,7.574
01/01/2024 07:00:00 AM,695.858,22.021,1.99,167.576,73.858,14.403,0,NA,NA,NA,NA,11.14,NA,-999,12.503,6.899
01/01/2024 08:00:00 AM,696.445,22.854,1.871,184.837,70.677,127.777,0,NA,NA,NA,NA,10.212,NA,-999,12.897,6.865
01/01/2024 09:00:00 AM,696.629,26.167,0.963,184.208,64.742,331.76,0,NA,NA,NA,NA,18.338,NA,-999,16.714,10.214
01/01/2024 10:00:00 AM,696.556,27.142,1.622,61.414,67.201,515.17,0,NA,NA,NA,NA,37.762,NA,-999,21.345,14.188
01/01/2024 11:00:00 AM,696.176,28.251,3.332,71.509,62.824,532.262,0,NA,NA,NA,NA,47.259,NA,-999,16.938,11.162
01/01/2024 12:00:00 PM,695.722,28.047,4.717,35.945,69.141,412.122,0,NA,NA,NA,NA,36.872,NA,-999,20.323,11.143
01/01/2024 01:00:00 PM,695.159,28.157,5.439,37.476,69.069,410.752,0,NA,NA,NA,NA,35.268,NA,-999,18.02,10.65
01/01/2024 02:00:00 PM,694.607,28.073,5.385,42.92,69.791,362.58,0,NA,NA,NA,NA,35.976,NA,-999,20.041,13.163
01/01/2024 03:00:00 PM,694.159,28.025,4.858,58.819,69.781,341.893,0,NA,NA,NA,NA,35.853,NA,-999,19.507,13.87
01/01/2024 04:00:00 PM,693.956,27.342,5.121,47.394,72.979,178.35,0,NA,NA,NA,NA,41.552,NA,-999,16.642,11.12
01/01/2024 05:00:00 PM,694.107,26.261,4.548,45.979,78.099,69.519,0,NA,NA,NA,NA,40.006,NA,-999,17.757,11.576
01/01/2024 06:00:00 PM,694.281,25.406,3.914,35.764,82.813,26.518,0,NA,NA,NA,NA,33.744,NA,0.629,15.347,9.181
01/01/2024 07:00:00 PM,694.671,24.871,1.968,19.271,85.097,0,0,NA,NA,NA,NA,29.908,NA,0.736,15.206,8.349
01/01/2024 08:00:00 PM,695.203,24.52,1.197,66.591,86.804,0,0,NA,NA,NA,NA,20.061,NA,1.094,18.822,10.172
01/01/2024 09:00:00 PM,695.684,24.399,0.772,109.113,87.032,0,0,NA,NA,NA,NA,19.782,NA,0.766,18.781,10.049
01/01/2024 10:00:00 PM,696.108,24.236,0.871,91.753,87.466,0,0,NA,NA,NA,NA,9.591,NA,2.605,22.401,11.003
01/01/2024 11:00:00 PM,696.012,24.071,0.841,181.16,86.61,0,0,NA,NA,NA,NA,12.285,NA,-999,21.583,10.03
01/02/2024 12:00:00 AM,695.843,23.6,0.985,67.956,86.628,0,0,NA,NA,NA,NA,-999,NA,0.943,17.54,8.618
01/02/2024 01:00:00 AM,695.438,23.182,1.165,163.8,86.214,0,0,NA,NA,NA,NA,11.19,NA,-999,13.921,7.723
01/02/2024 02:00:00 AM,694.867,23.347,1.616,159.263,80.917,0,0,NA,NA,NA,NA,9.717,NA,3.19,12.674,6.732
01/02/2024 03:00:00 AM,694.629,22.884,1.123,90.079,83.633,0,0,NA,NA,NA,NA,9.945,NA,-999,12.831,6.853
01/02/2024 04:00:00 AM,694.45,22.889,1.647,148.044,75.14,0,0,NA,NA,NA,NA,9.549,NA,3.111,9.637,5.479
01/02/2024 05:00:00 AM,694.496,22.814,2.051,138.371,71.595,0,0,NA,NA,NA,NA,10.278,NA,2.549,9.679,5.033
01/02/2024 06:00:00 AM,694.956,22.609,1.801,152.552,70.673,0,0,NA,NA,NA,NA,7.956,NA,-999,10.563,5.669
01/02/2024 07:00:00 AM,695.411,22.427,1.702,168.666,70.548,5.091,0,NA,NA,NA,NA,6.78,NA,2.133,14.791,6.633
01/02/2024 08:00:00 AM,695.891,22.806,1.342,182.848,69.83,46.883,0,NA,NA,NA,NA,4.224,NA,1.909,18.18,7.07
01/02/2024 09:00:00 AM,696.16,24.589,1.366,299.598,71.14,300.842,0,NA,NA,NA,NA,9.352,NA,-999,21.831,8.718
01/02/2024 10:00:00 AM,696.116,26.277,1.932,59.315,68.835,396.978,0,NA,NA,NA,NA,20.9,NA,-999,26.576,10.744
01/02/2024 11:00:00 AM,695.734,27.179,3.754,45.821,66.755,514.556,0,NA,NA,NA,NA,42.928,NA,2.666,19.41,9.046
01/02/2024 12:00:00 PM,695.273,27.481,4.94,35.389,69.35,481.577,0,NA,NA,NA,NA,42.55,NA,2.107,15.564,7.625
01/02/2024 01:00:00 PM,694.814,27.264,4.007,41.375,71.892,404.856,0,NA,NA,NA,NA,37.206,NA,2.263,16.635,7.665
01/02/2024 02:00:00 PM,694.333,27.287,4.353,31.516,70.721,259.55,0,NA,NA,NA,NA,35.141,NA,2.613,14.371,7.163
01/02/2024 03:00:00 PM,693.988,27.475,4.488,44.361,69.306,300.182,0,NA,NA,NA,NA,33.594,NA,2.929,12.107,6.277
01/02/2024 04:00:00 PM,693.746,28.021,4.225,48.371,66.742,327.152,0,NA,NA,NA,NA,36.686,NA,2.982,11.306,6.192
01/02/2024 05:00:00 PM,693.788,27.839,4.822,35.626,67.288,248.191,0,NA,NA,NA,NA,40.034,NA,-999,11.657,5.983
01/02/2024 06:00:00 PM,694.061,26.714,3.646,36.008,73.505,48.514,0,NA,NA,NA,NA,38.091,NA,2.661,14.208,6.931
01/02/2024 07:00:00 PM,694.268,25.875,1.768,32.222,77.418,0,0,NA,NA,NA,NA,28.659,NA,3.259,18.552,8.022
01/02/2024 08:00:00 PM,694.717,25.317,1.277,65.236,79.986,0,0,NA,NA,NA,NA,12.953,NA,4.297,18.123,8.766
01/02/2024 09:00:00 PM,695.3,24.572,1.258,93.776,82.033,0,0,NA,NA,NA,NA,13.585,NA,-999,23.436,9.724
01/02/2024 10:00:00 PM,695.805,23.962,1.232,153.666,82.096,0,0,NA,NA,NA,NA,12.669,NA,3.787,19.245,8.129
01/02/2024 11:00:00 PM,695.97,23.412,1.34,177.572,82.759,0,0,NA,NA,NA,NA,11.658,NA,3.477,16.513,7.412
01/03/2024 12:00:00 AM,695.912,23.361,1.527,166.016,81.358,0,0,NA,NA,NA,NA,-999,NA,3.27,14.936,6.974
01/03/2024 01:00:00 AM,695.697,23.294,1.538,153.897,79.365,0,2.2,NA,NA,NA,NA,9.85,NA,-999,16.018,7.036
01/03/2024 02:00:00 AM,695.33,22.728,1.529,148.57,80.187,0,0.2,NA,NA,NA,NA,6.675,NA,3.385,15.831,7.017
01/03/2024 03:00:00 AM,694.939,22.848,2.024,176.666,75.441,0,0,NA,NA,NA,NA,8.952,NA,2.786,9.471,5.726
01/03/2024 04:00:00 AM,694.823,22.692,2.099,167.977,72.55,0,0,NA,NA,NA,NA,9.692,NA,-999,9.495,5.357
01/03/2024 05:00:00 AM,695.087,22.422,2.278,175.52,70.79,0,0,NA,NA,NA,NA,10.95,NA,-999,8.713,5.04
01/03/2024 06:00:00 AM,695.446,22.011,1.8,166.505,71.211,0,0,NA,NA,NA,NA,9.485,NA,2.301,9.923,5.239
01/03/2024 07:00:00 AM,696.017,21.598,1.873,160.723,72.038,8.426,0,NA,NA,NA,NA,5.962,NA,-999,13.393,6.156
01/03/2024 08:00:00 AM,696.703,22.161,2.284,168.494,69.35,122.724,0,NA,NA,NA,NA,9.938,NA,2.008,14.827,6.57
01/03/2024 09:00:00 AM,696.934,24.595,1.459,167.417,62.938,303.597,0,NA,NA,NA,NA,13.175,NA,-999,19.898,7.652
01/03/2024 10:00:00 AM,696.662,27.049,1.46,357.235,65.371,480.916,0,NA,NA,NA,NA,32.591,NA,3.841,26.618,12.596
01/03/2024 11:00:00 AM,696.023,29.135,1.656,16.796,59.229,614.671,0,NA,NA,NA,NA,57.284,NA,3.258,23.363,11.561
01/03/2024 12:00:00 PM,695.268,28.703,4.771,25.503,63.753,455.718,0.2,NA,NA,NA,NA,56.465,NA,-999,17.784,9.202
01/03/2024 01:00:00 PM,694.666,28.037,5.21,45.225,69.254,382.816,0,NA,NA,NA,NA,49.779,NA,-999,17.471,9.62
01/03/2024 02:00:00 PM,693.977,28.262,5.248,31.071,68.117,391.338,0,NA,NA,NA,NA,46.072,NA,3.511,15.86,8.525
01/03/2024 03:00:00 PM,693.43,28.696,5.452,37.96,66.952,464.918,0,NA,NA,NA,NA,43.363,NA,3.179,17.471,9.466
01/03/2024 04:00:00 PM,693.267,28.975,4.077,39.432,65.805,342.747,0,NA,NA,NA,NA,43.776,NA,3.218,12.853,7.467
01/03/2024 05:00:00 PM,693.341,28.245,5.045,19.026,67.903,225.684,0,NA,NA,NA,NA,44.906,NA,-999,14.037,7.62
01/03/2024 06:00:00 PM,693.732,27.087,4.093,43.141,74.374,82.738,0,NA,NA,NA,NA,40.684,NA,3.674,15.993,8.447
01/03/2024 07:00:00 PM,694.163,25.993,2.857,44.84,79.957,0.273,0,NA,NA,NA,NA,33.68,NA,4.064,17.801,9.092
01/03/2024 08:00:00 PM,694.663,25.403,1.03,10.978,81.934,0,0,NA,NA,NA,NA,25.084,NA,4.118,22.101,10.102
01/03/2024 09:00:00 PM,695.205,25.415,1.077,4.829,81.24,0,0,NA,NA,NA,NA,11.953,NA,5.5,25.861,12.57
01/03/2024 10:00:00 PM,695.574,25.194,0.881,34.538,80.955,0,0,NA,NA,NA,NA,11.442,NA,-999,29.87,13.238
01/03/2024 11:00:00 PM,695.861,24.741,0.972,160.427,81.77,0,0,NA,NA,NA,NA,7.629,NA,-999,27.02,11.831
01/04/2024 12:00:00 AM,695.806,24.533,1.664,136.139,78.965,0,0,NA,NA,NA,NA,-999,NA,4.833,16.613,8.979
01/04/2024 01:00:00 AM,695.663,24.247,1.652,126.206,76.911,0,0,NA,NA,NA,NA,17.131,NA,-999,13.764,7.835
01/04/2024 02:00:00 AM,695.293,24.079,1.672,161.246,71.435,0,0,NA,NA,NA,NA,17.619,NA,3.035,11.697,6.786
01/04/2024 03:00:00 AM,694.839,23.853,2.39,165.565,66.136,0,0,NA,NA,NA,NA,20.896,NA,-999,9.937,5.799
01/04/2024 04:00:00 AM,694.834,23.356,2.269,137.902,65.669,0,0,NA,NA,NA,NA,21.22,NA,-999,8.938,5.399
01/04/2024 05:00:00 AM,694.963,22.788,2.672,164.835,65.098,0,0,NA,NA,NA,NA,23.704,NA,2.098,9.551,5.309
01/04/2024 06:00:00 AM,695.365,22.119,1.598,166.699,68.174,0,0,NA,NA,NA,NA,11.117,NA,2.346,11.12,5.863
01/04/2024 07:00:00 AM,695.972,21.792,1.608,169.229,69.143,25.101,0,NA,NA,NA,NA,10.696,NA,2.973,15.926,6.794
01/04/2024 08:00:00 AM,696.574,23.021,1.718,161.093,65.236,215.034,0,NA,NA,NA,NA,11.004,NA,-999,26.977,8.331
01/04/2024 09:00:00 AM,696.872,25.722,1.157,136.41,57.702,334.466,0,NA,NA,NA,NA,19.99,NA,2.242,24.901,8.23
01/04/2024 10:00:00 AM,696.809,27,1.659,35.932,61.866,519.402,0,NA,NA,NA,NA,34.143,NA,3.234,24.455,12.171
01/04/2024 11:00:00 AM,696.434,28.533,2.234,24.455,58.326,592.856,0,NA,NA,NA,NA,49.179,NA,-999,15.167,8.993
01/04/2024 12:00:00 PM,696,28.985,3.986,41.346,61.096,534.663,0,NA,NA,NA,NA,58.133,NA,1.914,19.203,10.145
01/04/2024 01:00:00 PM,695.569,28.751,4.918,40.172,66.053,484.219,0,NA,NA,NA,NA,46.049,NA,1.636,17.091,9.033
01/04/2024 02:00:00 PM,694.835,28.937,4.733,47.6,63.769,378.011,0,NA,NA,NA,NA,44.323,NA,-999,15.383,8.664
01/04/2024 03:00:00 PM,694.287,28.897,5.34,31.376,64.262,366.592,0,NA,NA,NA,NA,43.837,NA,2.343,14.822,8.094
01/04/2024 04:00:00 PM,694.112,29.076,4.763,30.003,65.009,317.534,0,NA,NA,NA,NA,46.473,NA,-999,15.375,8.843
01/04/2024 05:00:00 PM,694.29,28.358,5.257,44.821,69,241.811,0,NA,NA,NA,NA,48.137,NA,3.1,15.919,8.62
01/04/2024 06:00:00 PM,694.659,27.349,3.264,35.03,73.023,82.102,0,NA,NA,NA,NA,47.7,NA,3.643,21.465,10.929
01/04/2024 07:00:00 PM,694.878,26.226,1.815,17.689,78.691,0.306,0,NA,NA,NA,NA,38.884,NA,3.763,24.343,13.689
01/04/2024 08:00:00 PM,695.415,25.547,0.808,38.501,81.257,0,0,NA,NA,NA,NA,21.234,NA,5.048,30.544,18.731
01/04/2024 09:00:00 PM,696.027,25.056,0.909,81.923,82.454,0,0,NA,NA,NA,NA,12.888,NA,-999,45.954,25.391
01/04/2024 10:00:00 PM,696.258,24.52,1.098,183.192,82.03,0,0,NA,NA,NA,NA,19.945,NA,4.743,25.222,12.535
01/04/2024 11:00:00 PM,696.219,23.775,1.366,170.677,83.312,0,0,NA,NA,NA,NA,21.435,NA,-999,20.915,10.91
01/05/2024 12:00:00 AM,696.195,23.639,1.373,139.501,80.866,0,0,NA,NA,NA,NA,-999,NA,4.161,17.136,9.729
01/05/2024 01:00:00 AM,695.987,23.933,2.347,147.115,72.536,0,0,NA,NA,NA,NA,22.833,NA,1.047,15.969,8.989
01/05/2024 02:00:00 AM,695.573,23.581,2.499,155.244,68.685,0,0,NA,NA,NA,NA,22.541,NA,0.918,13.339,8.645
01/05/2024 03:00:00 AM,695.243,23.286,2.817,156.272,66.026,0,0,NA,NA,NA,NA,27.352,NA,0.533,13.006,8.145
01/05/2024 04:00:00 AM,695.079,23.032,3.156,155.332,63.196,0,0,NA,NA,NA,NA,30.849,NA,-999,11.919,7.606
01/05/2024 05:00:00 AM,695.245,22.416,2.121,200.763,62.941,0,0,NA,NA,NA,NA,27.43,NA,-999,10.79,7.499
01/05/2024 06:00:00 AM,695.566,21.944,2.53,142.417,63.94,0,0,NA,NA,NA,NA,24.061,NA,0.372,13.266,7.979
01/05/2024 07:00:00 AM,695.954,22.079,2.969,175.845,60.367,18.511,0,NA,NA,NA,NA,24.912,NA,-999,13.883,7.498
01/05/2024 08:00:00 AM,696.526,22.466,1.878,154.24,59.614,117.532,0,NA,NA,NA,NA,20.553,NA,-999,19.621,8.478
01/05/2024 09:00:00 AM,696.921,23.425,1.432,126.699,57.757,168.554,0,NA,NA,NA,NA,24.75,NA,0.499,26.958,9.661
01/05/2024 10:00:00 AM,696.657,26.443,1.188,133.69,54.594,450.692,0,NA,NA,NA,NA,31.176,NA,0.755,30.76,13.639
01/05/2024 11:00:00 AM,696.077,27.247,3.123,212.255,63.317,557.605,0,NA,NA,NA,NA,49.205,NA,0.454,23.348,12.455
01/05/2024 12:00:00 PM,695.428,27.335,3.727,33.118,67.599,383.863,0,NA,NA,NA,NA,49.562,NA,-999,20.71,11.683
01/05/2024 01:00:00 PM,695.015,27.376,4.738,43.076,68.394,414.071,0,NA,NA,NA,NA,49.462,NA,0.782,20.99,11.933
01/05/2024 02:00:00 PM,694.523,27.859,4.576,34.458,66.501,449.193,0,NA,NA,NA,NA,50.438,NA,0.871,18.645,11.247
01/05/2024 03:00:00 PM,693.934,27.691,4.96,32.6,66.935,409.915,0,NA,NA,NA,NA,53.506,NA,-999,17.605,10.868
01/05/2024 04:00:00 PM,693.798,27.762,4.801,37.763,66.535,274.13,0,NA,NA,NA,NA,54.545,NA,1.314,16.797,10.348
01/05/2024 05:00:00 PM,694.116,27.138,4.349,41.121,70.448,206.623,0,NA,NA,NA,NA,50.619,NA,1.604,18.008,10.364
01/05/2024 06:00:00 PM,694.461,26.608,2.999,35.513,72.617,71.13,0,NA,NA,NA,NA,45.843,NA,-999,18.975,10.848
01/05/2024 07:00:00 PM,694.918,25.589,1.085,24.434,76.816,0.128,0,NA,NA,NA,NA,30.655,NA,2.683,25.898,13.706
01/05/2024 08:00:00 PM,695.374,24.947,0.863,85.335,77.524,0,0,NA,NA,NA,NA,19.697,NA,2.943,32.721,15.926
01/05/2024 09:00:00 PM,695.853,24.11,1.52,160.132,78.007,0,0,NA,NA,NA,NA,22.826,NA,2.594,29.401,13.412
01/05/2024 10:00:00 PM,696.015,23.532,1.852,170.789,77.684,0,0,NA,NA,NA,NA,24.44,NA,1.54,22.711,12.256
01/05/2024 11:00:00 PM,695.906,23.264,2.25,159.809,75.951,0,0,NA,NA,NA,NA,25.615,NA,-999,18.172,11.007
01/06/2024 12:00:00 AM,695.752,22.685,1.334,122.394,77.365,0,0,NA,NA,NA,NA,-999,NA,1.812,19.221,11.79
01/06/2024 01:00:00 AM,695.467,22.242,1.384,139.177,76.273,0,0,NA,NA,NA,NA,19.396,NA,-999,16.685,10.88
01/06/2024 02:00:00 AM,694.98,22.362,1.317,232.492,74.154,0,0,NA,NA,NA,NA,18.414,NA,2.751,18.165,11.481
01/06/2024 03:00:00 AM,694.566,21.873,0.907,163.384,77.044,0,0,NA,NA,NA,NA,10.573,NA,5.529,28.018,18.715
01/06/2024 04:00:00 AM,694.491,21.016,0.585,330.976,85.355,0,0,NA,NA,NA,NA,3.926,NA,-999,45.468,27.84
01/06/2024 05:00:00 AM,694.692,20.299,0.807,337.2,88.007,0,0,NA,NA,NA,NA,3.926,NA,16.677,38.071,20.844
01/06/2024 06:00:00 AM,694.862,20.598,0.887,343.528,80.305,0,0,NA,NA,NA,NA,-999,NA,-999,28.83,16.425
01/06/2024 07:00:00 AM,695.223,20.927,0.915,171.078,72.486,14.902,0,NA,NA,NA,NA,7.272,NA,4.807,23.351,13.741
01/06/2024 08:00:00 AM,695.784,22.727,0.775,208.035,65.569,195.862,0,NA,NA,NA,NA,9.008,NA,3.817,28.482,13.905
01/06/2024 09:00:00 AM,695.92,24.961,0.883,40.904,60.53,331.599,0,NA,NA,NA,NA,18.301,NA,3.403,35.194,16.909
01/06/2024 10:00:00 AM,695.511,26.591,1.526,44.155,60.733,517.601,0,NA,NA,NA,NA,40.224,NA,3.152,39.896,20.867
01/06/2024 11:00:00 AM,695.065,27.846,3.286,6.878,57.547,590.584,0,NA,NA,NA,NA,66.09,NA,1.354,28.794,16.244
01/06/2024 12:00:00 PM,694.596,28.014,4.638,41.379,62.109,543.669,0,NA,NA,NA,NA,73.338,NA,-999,26.382,14.515
01/06/2024 01:00:00 PM,693.988,27.516,5.06,44.969,65.921,368.219,0,NA,NA,NA,NA,66.03,NA,-999,26.633,15.676
01/06/2024 02:00:00 PM,693.275,28.112,4.993,39.804,64.268,516.28,0,NA,NA,NA,NA,60.389,NA,-999,21.821,13.212
01/06/2024 03:00:00 PM,692.592,28.448,5.186,42.788,63.389,433.92,0,NA,NA,NA,NA,57.394,NA,-999,19.464,12.117
01/06/2024 04:00:00 PM,692.281,28.515,5.104,39.012,63.923,337.962,0,NA,NA,NA,NA,56.657,NA,-999,18.976,11.901
01/06/2024 05:00:00 PM,692.382,28.382,4.078,28.923,65.334,239.523,0,NA,NA,NA,NA,56.895,NA,-999,19.588,12.019
01/06/2024 06:00:00 PM,692.671,27.441,3.091,25.874,69.205,93.202,0,NA,NA,NA,NA,53.011,NA,-999,23.638,14.593
01/06/2024 07:00:00 PM,693.041,26.32,1.974,20.356,73.215,0.193,0,NA,NA,NA,NA,44.376,NA,1.23,24.254,13.71
01/06/2024 08:00:00 PM,693.615,25.995,2.114,59.588,76.097,0,0,NA,NA,NA,NA,49.554,NA,1.392,21.389,13.102
01/06/2024 09:00:00 PM,694.123,25.795,0.955,333.97,76.15,0,0,NA,NA,NA,NA,50.254,NA,-999,23.233,13.905
01/06/2024 10:00:00 PM,694.477,25.343,0.954,18.95,77.665,0,0,NA,NA,NA,NA,29.517,NA,4.22,36.547,18.563
01/06/2024 11:00:00 PM,694.527,25.018,0.984,147.164,74.73,0,0,NA,NA,NA,NA,34.938,NA,3.288,26.797,15.008
01/07/2024 12:00:00 AM,694.412,24.24,0.644,47.139,78.329,0,0,NA,NA,NA,NA,-999,NA,5.875,32.462,17.921
01/07/2024 01:00:00 AM,694.311,24.052,0.607,359.126,75.88,0,0,NA,NA,NA,NA,18.553,NA,2.499,25.433,16.141
01/07/2024 02:00:00 AM,693.997,23.338,0.482,74.775,79.835,0,0,NA,NA,NA,NA,12.91,NA,-999,28.84,17.004
01/07/2024 03:00:00 AM,693.703,23.29,1.124,129.087,75.515,0,0,NA,NA,NA,NA,18.142,NA,1.319,22.598,13.94
01/07/2024 04:00:00 AM,693.785,22.879,0.923,211.873,75.436,0,0,NA,NA,NA,NA,16.452,NA,0.732,22.748,13.959
01/07/2024 05:00:00 AM,694.052,22.063,0.833,326.71,83.878,0,0,NA,NA,NA,NA,-999,NA,-999,34.669,19.792
01/07/2024 06:00:00 AM,694.555,21.666,1.699,29.464,77.411,0,0,NA,NA,NA,NA,11.755,NA,2.74,24.997,15.38
01/07/2024 07:00:00 AM,694.879,21.878,1.748,162.145,71.413,13.549,0,NA,NA,NA,NA,14.881,NA,-999,18.534,11.803
01/07/2024 08:00:00 AM,695.356,23.301,1.61,181.408,65.727,181.024,0,NA,NA,NA,NA,16.441,NA,0.602,22.675,13.068
01/07/2024 09:00:00 AM,695.693,25.039,1.219,128.048,64.047,322.447,0,NA,NA,NA,NA,21.905,NA,0.957,26.536,15.784
01/07/2024 10:00:00 AM,695.359,27.757,1.503,85.052,60.416,507.403,0,NA,NA,NA,NA,46.754,NA,0.626,32.756,20.445
01/07/2024 11:00:00 AM,694.778,28.68,2.488,58.414,58.311,575.811,0,NA,NA,NA,NA,76.124,NA,-999,30.951,19.394
01/07/2024 12:00:00 PM,694.215,29.947,3.916,104.277,56.063,619.746,0,NA,NA,NA,NA,77.782,NA,-999,29.496,16.135
01/07/2024 01:00:00 PM,693.592,29.775,5.043,11.654,60.64,607.839,0,NA,NA,NA,NA,70.239,NA,-999,25.867,15.206
01/07/2024 02:00:00 PM,692.768,29.626,5.21,40.913,61.907,539.641,0,NA,NA,NA,NA,62.703,NA,-999,25.851,15.328
01/07/2024 03:00:00 PM,692.22,29.431,5.558,51.739,62.056,428.249,0,NA,NA,NA,NA,61.809,NA,-999,22.193,13.92
01/07/2024 04:00:00 PM,692.056,29.566,4.136,34.097,59.365,283.958,0,NA,NA,NA,NA,64.005,NA,-999,20.448,12.466
01/07/2024 05:00:00 PM,692.147,29.32,3.471,35.403,59.945,205.624,0,NA,NA,NA,NA,65.888,NA,-999,20.87,13.094
01/07/2024 06:00:00 PM,692.453,28.078,3.904,34.4,65.677,88.836,0,NA,NA,NA,NA,68.36,NA,-999,21.158,13.775
01/07/2024 07:00:00 PM,692.854,26.671,2.307,28.726,74.364,0.177,0,NA,NA,NA,NA,62.669,NA,-999,28.359,16.485
01/07/2024 08:00:00 PM,693.306,26.026,1.654,58.278,78.81,0,0,NA,NA,NA,NA,51.93,NA,2.701,27.088,16.805
01/07/2024 09:00:00 PM,693.812,25.438,1.051,63.632,80.633,0,0,NA,NA,NA,NA,39.606,NA,1.427,32.723,18.971
01/07/2024 10:00:00 PM,694.232,24.796,1.537,163.701,77.526,0,0,NA,NA,NA,NA,38.299,NA,1.686,30.832,16.319
01/07/2024 11:00:00 PM,694.215,24.548,2.023,149.496,73.376,0,0,NA,NA,NA,NA,35.631,NA,0.948,22.199,14.095
01/08/2024 12:00:00 AM,694.169,24.375,2.387,163.246,69.132,0,0,NA,NA,NA,NA,-999,NA,0.698,18.792,11.842
01/08/2024 01:00:00 AM,693.766,24.211,3.43,166.147,67.113,0,0,NA,NA,NA,NA,36.784,NA,1.536,16.954,10.838
01/08/2024 02:00:00 AM,693.279,23.921,2.451,165.912,68.497,0,0,NA,NA,NA,NA,34.412,NA,1.223,17.16,11.133
01/08/2024 03:00:00 AM,692.891,23.452,2.096,122.009,69.461,0,0,NA,NA,NA,NA,30.094,NA,-999,16.599,11.381
01/08/2024 04:00:00 AM,692.638,23.33,1.398,167.824,66.135,0,0,NA,NA,NA,NA,28.473,NA,-999,15.854,11.008
01/08/2024 05:00:00 AM,692.796,22.583,1.129,341.276,70.072,0,0,NA,NA,NA,NA,21.841,NA,-999,20.693,13.39
01/08/2024 06:00:00 AM,693.192,23.13,2.823,169.945,60.325,0,0,NA,NA,NA,NA,31.316,NA,0.9,13.591,9.114
01/08/2024 07:00:00 AM,693.703,23.633,2.445,178.822,56.034,14.193,0,NA,NA,NA,NA,27.721,NA,1.096,14.662,8.397
01/08/2024 08:00:00 AM,694.368,24.288,1.021,137.882,59.531,178.414,0,NA,NA,NA,NA,13.98,NA,3.059,26.746,12.728
01/08/2024 09:00:00 AM,694.808,24.893,1.118,53.826,68.729,311.008,0,NA,NA,NA,NA,11.682,NA,-999,49.387,23.443
01/08/2024 10:00:00 AM,694.741,27.62,1.324,91.82,61.015,514.057,0,NA,NA,NA,NA,43.621,NA,3.456,43.552,23.883
01/08/2024 11:00:00 AM,694.267,29.313,1.986,33.758,52.865,583.753,0,NA,NA,NA,NA,64.262,NA,-999,29.141,16.341
01/08/2024 12:00:00 PM,693.837,30.236,3.879,18.328,52.8,629.606,0,NA,NA,NA,NA,70.245,NA,0.569,24.271,14.676
01/08/2024 01:00:00 PM,693.38,29.783,4.753,37.674,61.146,604.617,0,NA,NA,NA,NA,64.203,NA,0.528,27.955,15.514
01/08/2024 02:00:00 PM,692.698,29.611,5.046,37.155,60.105,540.543,0,NA,NA,NA,NA,60.316,NA,0.592,23.028,14.482
01/08/2024 03:00:00 PM,692.215,30.189,4.01,12.859,59.332,451.014,0,NA,NA,NA,NA,57.017,NA,-999,20.473,13.482
01/08/2024 04:00:00 PM,691.862,29.881,4.469,37.252,60.539,305.611,0,NA,NA,NA,NA,60.088,NA,0.652,20.338,13.415
01/08/2024 05:00:00 PM,691.819,29.295,4.187,13.264,62.254,219.642,0,NA,NA,NA,NA,62.181,NA,-999,21.882,13.784
01/08/2024 06:00:00 PM,692.178,28.15,3.389,29.545,65.743,72.145,0,NA,NA,NA,NA,63.495,NA,0.971,24.831,16.482
01/08/2024 07:00:00 PM,692.727,26.778,1.284,1.129,71.762,0.209,0,NA,NA,NA,NA,60.313,NA,1.892,33.81,20.555
01/08/2024 08:00:00 PM,693.248,26.067,0.794,291.401,76.397,0,0,NA,NA,NA,NA,42.371,NA,-999,31.369,17.433
01/08/2024 09:00:00 PM,693.777,25.345,1.999,150.32,76.466,0,0,NA,NA,NA,NA,32.092,NA,3.672,36.913,20.192
01/08/2024 10:00:00 PM,694.248,25.016,2.378,164.516,73.382,0,0,NA,NA,NA,NA,35.204,NA,-999,27.045,15.822
01/08/2024 11:00:00 PM,694.41,24.611,2.662,170.365,69.521,0,0,NA,NA,NA,NA,34.382,NA,-999,23.978,14.721
01/09/2024 12:00:00 AM,694.482,24.438,2.846,165.345,65.019,0,0,NA,NA,NA,NA,-999,NA,1.756,21.415,13.763
01/09/2024 01:00:00 AM,694.25,24.337,3.055,153.675,60.714,0,0,NA,NA,NA,NA,37.605,NA,-999,17.377,12.111
01/09/2024 02:00:00 AM,693.864,24.354,2.826,176.625,58.092,0,0,NA,NA,NA,NA,41.136,NA,2.422,17.529,11.659
01/09/2024 03:00:00 AM,693.443,23.748,2.122,159.169,59.624,0,0,NA,NA,NA,NA,35.238,NA,-999,17.636,12.129
01/09/2024 04:00:00 AM,693.531,23.081,1.889,174.455,63.054,0,0,NA,NA,NA,NA,25.505,NA,-999,20.395,13.092
01/09/2024 05:00:00 AM,693.798,22.818,3.164,179.345,58.32,0,0,NA,NA,NA,NA,35.907,NA,3.111,17.014,11.038
01/09/2024 06:00:00 AM,693.996,23.031,2.759,169.591,54.652,0,0,NA,NA,NA,NA,34.132,NA,2.305,15.294,10.074
01/09/2024 07:00:00 AM,694.615,22.473,1.628,195.951,56.041,12.373,0,NA,NA,NA,NA,18.426,NA,-999,20.095,11.553
01/09/2024 08:00:00 AM,695.309,23.009,1.828,175.235,56.8,188.854,0,NA,NA,NA,NA,21.006,NA,3.134,27.931,12.829
01/09/2024 09:00:00 AM,695.665,25.351,1.156,117.804,52.571,328.408,0,NA,NA,NA,NA,27.269,NA,-999,35.208,14.287
01/09/2024 10:00:00 AM,695.391,27.865,1.678,339.764,49.324,514.991,0,NA,NA,NA,NA,43.683,NA,2.927,37.46,16.337
01/09/2024 11:00:00 AM,694.888,29.224,2.244,50.76,49.968,584.172,0,NA,NA,NA,NA,70.827,NA,1.916,33.33,17.175
01/09/2024 12:00:00 PM,694.402,30.369,3.929,76.493,49.463,628.172,0,NA,NA,NA,NA,69.52,NA,-999,27.36,14.867
01/09/2024 01:00:00 PM,694.002,29.98,5.28,35.87,56.051,613.301,0,NA,NA,NA,NA,68.656,NA,-999,28.574,16.099
01/09/2024 02:00:00 PM,693.284,29.814,4.826,43.194,57.269,559.603,0,NA,NA,NA,NA,-999,NA,-999,25.906,15.368
01/09/2024 03:00:00 PM,692.496,30.439,4.53,36.289,52.797,431.987,0,NA,NA,NA,NA,-999,NA,-999,-999,-999
01/09/2024 04:00:00 PM,692.133,30.583,4.525,34.269,50.935,304.338,0,NA,NA,NA,NA,-999,NA,-999,-999,-999
01/09/2024 05:00:00 PM,692.362,30.097,4.048,25.734,55.109,212.054,0,NA,NA,NA,NA,-999,NA,-999,-999,-999
01/09/2024 06:00:00 PM,692.884,28.91,2.793,31.447,62.307,83.906,0,NA,NA,NA,NA,-999,NA,-999,-999,-999
01/09/2024 07:00:00 PM,693.425,27.366,2.164,24.163,70.988,0.225,0,NA,NA,NA,NA,-999,NA,-999,-999,-999
01/09/2024 08:00:00 PM,693.858,26.86,1.269,23.519,72.488,0,0,NA,NA,NA,NA,-999,NA,-999,-999,-999
01/09/2024 09:00:00 PM,694.264,26.323,1.382,49.489,71.315,0,0,NA,NA,NA,NA,-999,NA,-999,-999,-999
01/09/2024 10:00:00 PM,694.716,25.767,1.705,138.604,68.534,0,0,NA,NA,NA,NA,-999,NA,-999,-999,-999
01/09/2024 11:00:00 PM,695.044,25.283,1.753,145.848,65.23,0,0,NA,NA,NA,NA,-999,NA,-999,-999,-999
01/10/2024 12:00:00 AM,695.22,24.575,1.6,175.957,65.741,0,0,NA,NA,NA,NA,-999,NA,-999,-999,-999
01/10/2024 01:00:00 AM,695.069,24.058,2.016,174.755,65.85,0,0,NA,NA,NA,NA,-999,NA,-999,-999,-999
01/10/2024 02:00:00 AM,694.967,23.403,1.911,154.19,67.015,0,0,NA,NA,NA,NA,-999,NA,-999,-999,-999
01/10/2024 03:00:00 AM,694.762,22.707,1.807,163.807,69.699,0,0,NA,NA,NA,NA,-999,NA,-999,-999,-999
01/10/2024 04:00:00 AM,694.787,22.294,1.496,162.361,71.438,0,0,NA,NA,NA,NA,-999,NA,-999,-999,-999
01/10/2024 05:00:00 AM,695.143,21.919,1.717,170.203,73.002,0,0,NA,NA,NA,NA,-999,NA,-999,-999,-999
01/10/2024 06:00:00 AM,695.409,21.462,1.121,135.74,75.679,0,0,NA,NA,NA,NA,-999,NA,-999,-999,-999
01/10/2024 07:00:00 AM,695.888,21.793,1.296,172.977,70.984,10.826,0,NA,NA,NA,NA,-999,NA,-999,-999,-999
01/10/2024 08:00:00 AM,696.459,23.117,0.936,5.435,69.322,164.253,0,NA,NA,NA,NA,-999,NA,-999,-999,-999
01/10/2024 09:00:00 AM,696.689,24.964,1.296,330.132,66.603,309.816,0,NA,NA,NA,NA,-999,NA,-999,-999,-999
01/10/2024 10:00:00 AM,696.521,27.078,1.53,346.403,60.469,500.524,0,NA,NA,NA,NA,-999,NA,-999,-999,-999
01/10/2024 11:00:00 AM,696.029,28.908,2.041,169.998,56.798,574.234,0,NA,NA,NA,NA,-999,NA,-999,-999,-999
01/10/2024 12:00:00 PM,695.211,29.412,3.729,58.513,56.161,603.495,0,NA,NA,NA,NA,-999,NA,-999,-999,-999
01/10/2024 01:00:00 PM,694.479,30.078,4.461,44.9,54.528,613.382,0,NA,NA,NA,NA,-999,NA,-999,-999,-999
01/10/2024 02:00:00 PM,693.671,30.427,4.779,349.381,55.756,547.987,0,NA,NA,NA,NA,-999,NA,-999,-999,-999
01/10/2024 03:00:00 PM,693.141,30.077,5.002,27.826,58.643,438.101,0,NA,NA,NA,NA,-999,NA,-999,-999,-999
01/10/2024 04:00:00 PM,692.936,30.03,3.894,348.243,58.922,313.264,0,NA,NA,NA,NA,-999,NA,-999,-999,-999
01/10/2024 05:00:00 PM,693.127,29.112,3.457,14.372,62.569,173.452,0.4,NA,NA,NA,NA,45.796,NA,-999,-999,-999
01/10/2024 06:00:00 PM,693.49,27.736,2.876,23.009,69.704,19.655,0,NA,NA,NA,NA,55.16,NA,-999,39.709,25.985
01/10/2024 07:00:00 PM,693.809,26.897,2.187,40.2,73.831,0.064,0,NA,NA,NA,NA,54.633,NA,-999,34.012,19.906
01/10/2024 08:00:00 PM,694.268,26.535,1.431,39.556,74.68,0,0,NA,NA,NA,NA,39.335,NA,-999,43.424,23.487
01/10/2024 09:00:00 PM,694.715,26.147,1.369,162.255,72.249,0,0,NA,NA,NA,NA,41.563,NA,-999,39.363,22.917
01/10/2024 10:00:00 PM,695.146,25.836,1.421,149.445,70.629,0,0,NA,NA,NA,NA,35.53,NA,-999,31.517,18.704
01/10/2024 11:00:00 PM,695.416,25.315,1.688,137.854,69.352,0,0,NA,NA,NA,NA,32.288,NA,-999,27.531,16.965
01/11/2024 12:00:00 AM,695.443,24.976,2.128,167.222,68.772,0,0,NA,NA,NA,NA,-999,NA,-999,21.808,15.028
01/11/2024 01:00:00 AM,695.073,24.702,2.115,169.453,68.83,0,0,NA,NA,NA,NA,31.76,NA,0.428,20.304,14.326
01/11/2024 02:00:00 AM,694.663,24.546,1.941,143.701,68.628,0,0,NA,NA,NA,NA,30.19,NA,0.775,19.387,14.263
01/11/2024 03:00:00 AM,694.496,24.24,1.456,159.837,69.993,0,0,NA,NA,NA,NA,24.439,NA,1.178,21.186,14.578
01/11/2024 04:00:00 AM,694.488,24.029,2.002,172.57,68.368,0,0,NA,NA,NA,NA,26.153,NA,-999,16.768,12.567
01/11/2024 05:00:00 AM,694.781,23.656,1.503,167.436,69.384,0,0,NA,NA,NA,NA,20.441,NA,-999,19.116,13.175
01/11/2024 06:00:00 AM,695.116,23.511,1.288,155.057,70.344,0,0,NA,NA,NA,NA,12.903,NA,1.009,19.278,13.432
01/11/2024 07:00:00 AM,695.486,23.479,1.266,148.74,69.708,8.619,0,NA,NA,NA,NA,11.222,NA,-999,24.425,14.023
01/11/2024 08:00:00 AM,696.026,23.599,1.66,181.746,68.058,28.581,0,NA,NA,NA,NA,12.705,NA,0.901,26.681,13.748
01/11/2024 09:00:00 AM,696.423,24.128,1.477,183.604,67.202,101.902,0,NA,NA,NA,NA,14.568,NA,-999,44.937,16.492
01/11/2024 10:00:00 AM,696.267,26.939,1.257,62.888,65.348,497.72,0,NA,NA,NA,NA,40.303,NA,0.759,37.927,18.79
01/11/2024 11:00:00 AM,695.873,28.993,1.699,333.307,58.664,543.331,0,NA,NA,NA,NA,66.095,NA,-999,34.571,20.518
01/11/2024 12:00:00 PM,695.304,28.96,4.172,36.117,63.439,596.61,0,NA,NA,NA,NA,64.363,NA,-999,33.621,20.532
01/11/2024 01:00:00 PM,694.838,28.609,5.167,43.119,66.372,311.25,0,NA,NA,NA,NA,59.559,NA,-999,31.841,18.217
01/11/2024 02:00:00 PM,694.327,28.961,4.92,34.212,65.657,416.407,0,NA,NA,NA,NA,57.449,NA,0.573,27.269,16.61
01/11/2024 03:00:00 PM,693.728,28.831,5.993,39.109,65.725,426.59,0,NA,NA,NA,NA,59.309,NA,-999,25.754,16.14
01/11/2024 04:00:00 PM,693.358,29.051,4.788,40.553,65.053,313.989,0,NA,NA,NA,NA,56.126,NA,-999,26.241,16.312
01/11/2024 05:00:00 PM,693.305,28.541,4.151,26.982,68.363,226.86,0,NA,NA,NA,NA,58.598,NA,0.275,26.789,16.962
01/11/2024 06:00:00 PM,693.483,27.376,4.329,29.143,72.761,98.084,0,NA,NA,NA,NA,59.078,NA,-999,26.647,15.909
01/11/2024 07:00:00 PM,693.86,26.208,2.866,31.185,78.335,0.193,0,NA,NA,NA,NA,54.548,NA,0.803,28.769,17.223
01/11/2024 08:00:00 PM,694.331,26.013,1.214,6.53,78.36,0,0,NA,NA,NA,NA,44.612,NA,-999,37.822,19.926
01/11/2024 09:00:00 PM,694.662,25.58,0.872,88.702,80.095,0,0,NA,NA,NA,NA,24.208,NA,2.073,44.743,26.082
01/11/2024 10:00:00 PM,695.034,24.661,1.25,57.47,80.625,0,0,NA,NA,NA,NA,25.127,NA,1.82,40.285,22.695
01/11/2024 11:00:00 PM,695.318,24.659,1.705,174.246,73.243,0,0,NA,NA,NA,NA,35.195,NA,-999,28.877,17.644
01/12/2024 12:00:00 AM,695.295,24.174,1.659,175.451,73.035,0,0,NA,NA,NA,NA,-999,NA,0.91,22.864,15.53
01/12/2024 01:00:00 AM,695.094,24.137,1.835,175.119,71.883,0,0,NA,NA,NA,NA,32.817,NA,2.194,21.442,15.091
01/12/2024 02:00:00 AM,694.654,23.792,1.755,169.88,71.678,0,0,NA,NA,NA,NA,28.94,NA,2.767,21.019,14.869
01/12/2024 03:00:00 AM,694.161,23.49,1.794,152.796,70.135,0,0,NA,NA,NA,NA,27.22,NA,2.364,20.752,15.153
01/12/2024 04:00:00 AM,694.291,22.849,1.666,156.634,70.978,0,0,NA,NA,NA,NA,-999,NA,-999,21.531,15.794
01/12/2024 05:00:00 AM,694.44,22.414,2.322,162.628,68.933,0,0,NA,NA,NA,NA,24.594,NA,2.218,18.507,14.502
01/12/2024 06:00:00 AM,694.401,22.189,2.555,166.628,66.947,0,0,NA,NA,NA,NA,23.738,NA,-999,18.802,14.162
01/12/2024 07:00:00 AM,694.872,22.111,1.692,179.942,65.25,12.357,0,NA,NA,NA,NA,17.546,NA,-999,22.372,14.398
01/12/2024 08:00:00 AM,695.498,23.456,1.407,179.843,60.734,167.684,0,NA,NA,NA,NA,17.417,NA,1.825,26.011,14.103
01/12/2024 09:00:00 AM,695.723,25.205,1.112,139.294,59.164,316.373,0,NA,NA,NA,NA,19.213,NA,-999,51.242,20.464
01/12/2024 10:00:00 AM,695.718,27.388,1.683,51.15,56.424,503.569,0,NA,NA,NA,NA,38.926,NA,1.97,30.695,17.942
01/12/2024 11:00:00 AM,695.042,28.753,2.62,86.003,56.022,581.756,0,NA,NA,NA,NA,60.11,NA,-999,29.128,17.053
01/12/2024 12:00:00 PM,694.554,28.734,5.242,44.739,62.852,490.97,0,NA,NA,NA,NA,65.888,NA,-999,30.302,17.998
01/12/2024 01:00:00 PM,694.217,28.552,5.244,4.018,65.696,389.647,0,NA,NA,NA,NA,56.946,NA,-999,28.618,17.469
01/12/2024 02:00:00 PM,693.692,28.968,4.952,33.693,65.292,458.151,0,NA,NA,NA,NA,52.034,NA,-999,26.481,16.036
01/12/2024 03:00:00 PM,693.24,28.831,5.119,42.539,64.96,385.49,0,NA,NA,NA,NA,53.518,NA,-999,24.141,14.94
01/12/2024 04:00:00 PM,693.09,28.624,4.501,33.058,67.564,289.694,0,NA,NA,NA,NA,55.793,NA,-999,26.685,17.624
01/12/2024 05:00:00 PM,693.15,27.906,4.919,37.764,70.615,172.952,0.2,NA,NA,NA,NA,-999,NA,-999,24.649,15.802
01/12/2024 06:00:00 PM,693.515,27.341,3.503,40.861,73.323,69.374,0.6,NA,NA,NA,NA,-999,NA,-999,-999,-999
01/12/2024 07:00:00 PM,694.029,26.547,1.712,25.53,76.497,0.362,0,NA,NA,NA,NA,-999,NA,-999,-999,-999
01/12/2024 08:00:00 PM,694.624,26.041,1.061,43.335,77.751,0,0,NA,NA,NA,NA,-999,NA,-999,-999,-999
01/12/2024 09:00:00 PM,695.279,25.393,1.034,58.592,80.011,0,0,NA,NA,NA,NA,-999,NA,-999,-999,-999
01/12/2024 10:00:00 PM,695.645,24.76,0.938,62.994,79.813,0,0,NA,NA,NA,NA,-999,NA,-999,-999,-999
01/12/2024 11:00:00 PM,695.978,24.444,1.32,165.649,77.318,0,0,NA,NA,NA,NA,-999,NA,-999,-999,-999
01/13/2024 12:00:00 AM,695.928,24.183,1.539,134.656,76.497,0,0,NA,NA,NA,NA,-999,NA,-999,-999,-999
01/13/2024 01:00:00 AM,695.607,23.961,1.515,176.8,74.962,0,0,NA,NA,NA,NA,-999,NA,-999,-999,-999
01/13/2024 02:00:00 AM,695.148,23.733,1.745,162.197,72.536,0,0,NA,NA,NA,NA,-999,NA,-999,-999,-999
01/13/2024 03:00:00 AM,694.775,23.648,1.714,188.606,70.059,0,0,NA,NA,NA,NA,-999,NA,-999,-999,-999
01/13/2024 04:00:00 AM,694.712,23.386,1.615,188.149,68.73,0,0,NA,NA,NA,NA,-999,NA,-999,-999,-999
01/13/2024 05:00:00 AM,694.892,23.122,1.684,146.699,68.515,0,0,NA,NA,NA,NA,-999,NA,-999,-999,-999
01/13/2024 06:00:00 AM,695.166,22.75,1.744,183.319,68.434,0,0,NA,NA,NA,NA,-999,NA,-999,-999,-999
01/13/2024 07:00:00 AM,695.679,22.615,1.827,165.375,67.82,3.367,0,NA,NA,NA,NA,-999,NA,-999,-999,-999
01/13/2024 08:00:00 AM,696.285,22.974,1.744,167.91,67.055,89.191,0,NA,NA,NA,NA,-999,NA,-999,-999,-999
01/13/2024 09:00:00 AM,696.666,25.725,1.125,189.35,64.158,332.662,0,NA,NA,NA,NA,-999,NA,-999,-999,-999
01/13/2024 10:00:00 AM,696.797,26.824,2.056,37.621,67.167,419.888,0,NA,NA,NA,NA,-999,NA,-999,-999,-999
01/13/2024 11:00:00 AM,696.364,27.177,2.143,36.925,68.64,456.009,0,NA,NA,NA,NA,-999,NA,-999,-999,-999
01/13/2024 12:00:00 PM,695.703,27.837,3.849,42.171,66.864,523.095,0,NA,NA,NA,NA,-999,NA,-999,-999,-999
01/13/2024 01:00:00 PM,695.062,27.949,4.376,35.079,66.515,430.585,0,NA,NA,NA,NA,-999,NA,-999,-999,-999
01/13/2024 02:00:00 PM,694.296,28.718,4.349,22.585,64.15,477.146,0,NA,NA,NA,NA,-999,NA,-999,-999,-999
01/13/2024 03:00:00 PM,693.764,28.919,4.195,24.665,63.422,465.762,0,NA,NA,NA,NA,-999,NA,-999,-999,-999
01/13/2024 04:00:00 PM,693.578,28.781,4.15,33.254,63.66,350.223,0,NA,NA,NA,NA,-999,NA,-999,-999,-999
01/13/2024 05:00:00 PM,693.698,28.577,3.703,8.023,65.456,265.817,0,NA,NA,NA,NA,-999,NA,-999,-999,-999
01/13/2024 06:00:00 PM,694.03,27.352,3.128,30.23,69.566,91.131,0,NA,NA,NA,NA,-999,NA,-999,-999,-999
01/13/2024 07:00:00 PM,694.469,26.267,2.382,31.069,74.064,0.563,0,NA,NA,NA,NA,-999,NA,-999,-999,-999
01/13/2024 08:00:00 PM,694.953,25.846,1.688,62.443,76.745,0,0,NA,NA,NA,NA,-999,NA,-999,-999,-999
01/13/2024 09:00:00 PM,695.484,25.379,1.116,86.044,78.345,0,0,NA,NA,NA,NA,-999,NA,-999,-999,-999
01/13/2024 10:00:00 PM,695.903,25.009,1.162,164.406,78.707,0,0,NA,NA,NA,NA,-999,NA,-999,-999,-999
01/13/2024 11:00:00 PM,696.173,24.691,1.508,171.503,78.427,0,0,NA,NA,NA,NA,-999,NA,-999,-999,-999
01/14/2024 12:00:00 AM,696.013,24.477,1.397,60.15,77.544,0,0,NA,NA,NA,NA,-999,NA,-999,-999,-999
01/14/2024 01:00:00 AM,695.784,24.228,1.55,153.326,75.907,0,0.6,NA,NA,NA,NA,-999,NA,-999,-999,-999
01/14/2024 02:00:00 AM,695.366,23.584,1.694,151.589,75.225,0,0,NA,NA,NA,NA,-999,NA,-999,-999,-999
01/14/2024 03:00:00 AM,695.033,23.674,1.889,175.117,69.599,0,0,NA,NA,NA,NA,-999,NA,-999,-999,-999
01/14/2024 04:00:00 AM,694.97,23.397,1.451,200.654,68.933,0,0,NA,NA,NA,NA,-999,NA,-999,-999,-999
01/14/2024 05:00:00 AM,695.083,22.964,2.159,178.537,66.784,0,0,NA,NA,NA,NA,-999,NA,-999,-999,-999
01/14/2024 06:00:00 AM,695.347,22.691,2.032,150.942,65.748,0,0,NA,NA,NA,NA,-999,NA,-999,-999,-999
01/14/2024 07:00:00 AM,695.673,22.723,2.032,170.304,64.824,10.794,0,NA,NA,NA,NA,-999,NA,-999,-999,-999
01/14/2024 08:00:00 AM,696.374,23.236,1.775,130.587,67.019,161.129,0,NA,NA,NA,NA,-999,NA,-999,-999,-999
01/14/2024 09:00:00 AM,696.861,25.758,0.87,74.375,60.117,325.09,0,NA,NA,NA,NA,-999,NA,-999,-999,-999
01/14/2024 10:00:00 AM,696.822,27.357,1.708,3.415,57.44,512.333,0,NA,NA,NA,NA,-999,NA,-999,-999,-999
01/14/2024 11:00:00 AM,696.292,28.545,1.999,35.896,58.161,592.824,0,NA,NA,NA,NA,-999,NA,-999,-999,-999
01/14/2024 12:00:00 PM,695.515,29.221,4.011,23.845,58.557,640.287,0.2,NA,NA,NA,NA,-999,NA,-999,-999,-999
01/14/2024 01:00:00 PM,694.82,29.17,4.546,38.725,62.654,540.884,0,NA,NA,NA,NA,-999,NA,-999,-999,-999
01/14/2024 02:00:00 PM,694.134,29.337,5.337,35.328,62.761,575.811,0,NA,NA,NA,NA,-999,NA,-999,-999,-999
01/14/2024 03:00:00 PM,693.578,29.163,5.617,36.942,63.806,425.993,0,NA,NA,NA,NA,-999,NA,-999,-999,-999
01/14/2024 04:00:00 PM,693.278,29.032,4.828,35.392,65.155,313.28,0,NA,NA,NA,NA,-999,NA,-999,-999,-999
01/14/2024 05:00:00 PM,693.254,28.583,4.205,31.664,67.319,219.578,0,NA,NA,NA,NA,-999,NA,-999,-999,-999
01/14/2024 06:00:00 PM,693.567,27.661,3.064,39.307,72.617,96.392,0,NA,NA,NA,NA,-999,NA,-999,-999,-999
01/14/2024 07:00:00 PM,693.964,26.428,2.075,28.663,78.028,0.531,0,NA,NA,NA,NA,-999,NA,-999,-999,-999
01/14/2024 08:00:00 PM,694.243,25.759,0.961,10.11,80.716,0,0,NA,NA,NA,NA,-999,NA,-999,-999,-999
01/14/2024 09:00:00 PM,694.694,25.215,1.005,122.101,81.858,0,0,NA,NA,NA,NA,-999,NA,-999,-999,-999
01/14/2024 10:00:00 PM,695.126,24.573,1.28,184.026,81.989,0,0,NA,NA,NA,NA,-999,NA,-999,-999,-999
01/14/2024 11:00:00 PM,695.181,24.397,1.527,176.184,80.195,0,0,NA,NA,NA,NA,-999,NA,-999,-999,-999
01/15/2024 12:00:00 AM,695.064,23.91,1.366,150.527,79.519,0,0,NA,NA,NA,NA,-999,NA,-999,-999,-999
01/15/2024 01:00:00 AM,694.744,23.939,1.646,175.604,74.885,0,0,NA,NA,NA,NA,-999,NA,-999,-999,-999
01/15/2024 02:00:00 AM,694.316,24.004,2.866,164.682,67.474,0,0,NA,NA,NA,NA,-999,NA,-999,-999,-999
01/15/2024 03:00:00 AM,693.898,23.652,3.247,169.095,64.011,0,0,NA,NA,NA,NA,-999,NA,-999,-999,-999
01/15/2024 04:00:00 AM,693.788,23.166,3.643,177.796,61.992,0,0,NA,NA,NA,NA,-999,NA,-999,-999,-999
01/15/2024 05:00:00 AM,693.967,22.872,3.969,168.182,60.388,0,0,NA,NA,NA,NA,-999,NA,-999,-999,-999
01/15/2024 06:00:00 AM,694.419,22.388,2.23,183.466,61.162,0,0,NA,NA,NA,NA,-999,NA,-999,-999,-999
01/15/2024 07:00:00 AM,694.762,22.436,3.738,170.376,53.007,8.891,0,NA,NA,NA,NA,-999,NA,-999,-999,-999
01/15/2024 08:00:00 AM,695.471,23.194,2.662,178.52,49.781,186.663,0,NA,NA,NA,NA,-999,NA,-999,-999,-999
01/15/2024 09:00:00 AM,695.86,25.611,1.26,174.052,45.219,327.188,0,NA,NA,NA,NA,-999,NA,-999,-999,-999
01/15/2024 10:00:00 AM,695.717,27.361,1.341,72.375,52.871,510.351,0,NA,NA,NA,NA,-999,NA,-999,-999,-999
01/15/2024 11:00:00 AM,695.071,28.985,1.876,7.546,54.323,581.905,0,NA,NA,NA,NA,-999,NA,-999,-999,-999
01/15/2024 12:00:00 PM,694.528,30.476,3.673,98.668,49.894,609.483,0,NA,NA,NA,NA,-999,NA,-999,-999,-999
01/15/2024 01:00:00 PM,693.866,29.94,5.253,25.593,57.69,614.606,0,NA,NA,NA,NA,54.77,NA,-999,-999,-999
01/15/2024 02:00:00 PM,693.208,30.059,5.086,47.527,59.404,572.814,0,NA,NA,NA,NA,63.454,NA,-999,27.737,16.581
01/15/2024 03:00:00 PM,692.648,29.731,5.47,35.461,61.35,449.902,0,NA,NA,NA,NA,63.186,NA,-999,29.755,18.157
01/15/2024 04:00:00 PM,692.178,29.851,4.315,20.923,60.694,315.519,0,NA,NA,NA,NA,64.818,NA,-999,26.887,16.105
01/15/2024 05:00:00 PM,692.049,29.61,3.766,24.972,61.135,215.389,0,NA,NA,NA,NA,66.028,NA,-999,27.62,15.889
01/15/2024 06:00:00 PM,692.272,28.621,2.422,358.072,65.277,86.065,0,NA,NA,NA,NA,60.164,NA,-999,25.346,16.186
01/15/2024 07:00:00 PM,692.729,27.069,1.109,8.994,71.339,0.547,0,NA,NA,NA,NA,-999,NA,-999,31.513,18.982
01/15/2024 08:00:00 PM,693.322,26.307,1.199,98.81,74.483,0,0,NA,NA,NA,NA,33.463,NA,-999,38.389,22.586
01/15/2024 09:00:00 PM,693.806,25.391,1.697,162.289,75.214,0,0,NA,NA,NA,NA,35.119,NA,-999,34.24,19.105
01/15/2024 10:00:00 PM,694.032,25.075,2.526,146.304,72.146,0,0,NA,NA,NA,NA,39.624,NA,-999,25.264,15.336
01/15/2024 11:00:00 PM,694.09,24.803,3.195,152.957,68.253,0,0,NA,NA,NA,NA,39.754,NA,-999,21.211,13.596
01/16/2024 12:00:00 AM,693.909,24.343,3.848,165.863,65.229,0,0,NA,NA,NA,NA,41.679,NA,-999,19.619,12.389
01/16/2024 01:00:00 AM,693.795,23.902,3.838,163.548,62.982,0,0,NA,NA,NA,NA,44.328,NA,0.981,17.782,11.286
01/16/2024 02:00:00 AM,693.389,23.652,3.877,172.843,60.736,0,0,NA,NA,NA,NA,-999,NA,-999,16.455,10.61
01/16/2024 03:00:00 AM,693.056,23.596,2.954,175.606,58.795,0,0,NA,NA,NA,NA,49.295,NA,0.696,13.479,10.139
01/16/2024 04:00:00 AM,692.986,23.025,1.921,154.113,59.516,0,0,NA,NA,NA,NA,40.542,NA,-999,16.903,11.905
01/16/2024 05:00:00 AM,693.124,22.47,2.984,167.16,56.992,0,0,NA,NA,NA,NA,43.847,NA,0.626,12.272,8.584
01/16/2024 06:00:00 AM,693.43,22.079,2.87,162.901,56.993,0,0,NA,NA,NA,NA,36.431,NA,-999,12.908,8.531
01/16/2024 07:00:00 AM,693.871,21.918,2.108,167.572,57.691,6.663,0,NA,NA,NA,NA,25.845,NA,0.617,17.616,11.068
01/16/2024 08:00:00 AM,694.462,22.865,1.248,164.186,57.72,188.596,0,NA,NA,NA,NA,14.831,NA,2.259,38.701,15.644
01/16/2024 09:00:00 AM,694.792,24.208,1.645,97.134,61.772,324.236,0,NA,NA,NA,NA,29.403,NA,-999,54.862,25.23
01/16/2024 10:00:00 AM,694.872,26.67,1.601,330.337,61.546,504.731,0,NA,NA,NA,NA,38.596,NA,4.241,56.885,28.796
01/16/2024 11:00:00 AM,694.581,28.755,1.743,67.898,52.996,587.733,0,NA,NA,NA,NA,69.652,NA,1.067,50.324,23.815
01/16/2024 12:00:00 PM,694.141,29.573,3.71,38.87,54.256,631.297,0,NA,NA,NA,NA,84.147,NA,-999,37.102,19.799
01/16/2024 01:00:00 PM,693.473,29.81,4.452,41.474,54.639,601.492,0,NA,NA,NA,NA,74.088,NA,-999,26.881,16.465
01/16/2024 02:00:00 PM,692.66,30.166,4.909,40.35,52.92,549.082,0,NA,NA,NA,NA,66.911,NA,-999,23.1,14.586
01/16/2024 03:00:00 PM,691.948,30.534,4.29,7.947,53.749,453.238,0,NA,NA,NA,NA,65.641,NA,-999,22.403,14.723
01/16/2024 04:00:00 PM,691.797,30.572,4.509,7.073,53.714,378.9,0,NA,NA,NA,NA,63.289,NA,0.465,24.363,15.087
01/16/2024 05:00:00 PM,692.008,30.401,3.664,351.196,55.487,247.063,0,NA,NA,NA,NA,62.147,NA,-999,28.106,17.785
01/16/2024 06:00:00 PM,692.35,29.259,2.474,354.174,60.135,90.834,0,NA,NA,NA,NA,56.041,NA,0.646,29.993,18.721
01/16/2024 07:00:00 PM,692.802,27.698,1.425,23.232,66.414,0.628,0,NA,NA,NA,NA,50.197,NA,-999,33.902,19.134
01/16/2024 08:00:00 PM,693.534,26.941,1.222,128.63,67.6,0,0,NA,NA,NA,NA,32.311,NA,-999,41.411,22.339
01/16/2024 09:00:00 PM,694.216,25.943,1.697,180.882,67.712,0,0,NA,NA,NA,NA,39.149,NA,1.468,33.461,17.842
01/16/2024 10:00:00 PM,694.67,25.438,2.821,151.897,67.483,0,0,NA,NA,NA,NA,37.408,NA,1.805,27.781,16.054
01/16/2024 11:00:00 PM,694.785,25.127,3.62,167.468,65.329,0,0,NA,NA,NA,NA,42.376,NA,-999,23.511,14.465
01/17/2024 12:00:00 AM,694.776,24.803,3.891,172.276,60.575,0,0,NA,NA,NA,NA,44.976,NA,0.858,18.757,12.336
01/17/2024 01:00:00 AM,694.576,24.294,3.527,166.71,57.88,0,0,NA,NA,NA,NA,45.767,NA,0.831,17.388,10.676
01/17/2024 02:00:00 AM,694.035,23.929,3.078,164.289,55.07,0,0,NA,NA,NA,NA,46.745,NA,-999,15.007,9.288
01/17/2024 03:00:00 AM,693.645,23.621,2.49,168.27,52.829,0,0,NA,NA,NA,NA,44.711,NA,-999,12.34,8.239
01/17/2024 04:00:00 AM,693.73,22.933,1.486,154.326,54.352,0,0,NA,NA,NA,NA,34.501,NA,2.471,15.912,10.136
01/17/2024 05:00:00 AM,694.206,22.769,2.891,166.925,50.649,0,0,NA,NA,NA,NA,38.345,NA,-999,11.203,7.485
01/17/2024 06:00:00 AM,694.693,22.628,3.549,176.936,49.751,0,0,NA,NA,NA,NA,38.623,NA,-999,11.351,6.705
01/17/2024 07:00:00 AM,695.202,22.404,1.56,177.065,51.466,7.975,0,NA,NA,NA,NA,15.777,NA,-999,18.959,9.148
01/17/2024 08:00:00 AM,695.614,24.027,0.94,212.082,52.451,179.155,0,NA,NA,NA,NA,8.784,NA,3.145,46.937,27.346
01/17/2024 09:00:00 AM,695.809,25.315,1.233,355.889,59.731,313.022,0,NA,NA,NA,NA,24.778,NA,5.685,65.183,41.841
01/17/2024 10:00:00 AM,695.648,27.084,1.591,70.295,59.656,500.088,0,NA,NA,NA,NA,41.014,NA,-999,70.64,35.86
01/17/2024 11:00:00 AM,694.977,30.072,1.483,358.209,46.779,582.561,0,NA,NA,NA,NA,74.03,NA,1.427,50.128,25.77
01/17/2024 12:00:00 PM,694.318,31.22,3.229,336.527,42.323,621.679,0,NA,NA,NA,NA,78.207,NA,0.323,38.342,20.872
01/17/2024 01:00:00 PM,693.774,30.591,5.236,36.535,50.111,606.647,0,NA,NA,NA,NA,90.369,NA,-999,44.212,23.262
01/17/2024 02:00:00 PM,693.046,30.52,5.165,18.558,53.346,569.575,0,NA,NA,NA,NA,80.52,NA,-999,29.177,18.177
01/17/2024 03:00:00 PM,692.574,30.83,3.81,359.545,53.277,446.696,0,NA,NA,NA,NA,72.933,NA,-999,25.573,16.049
01/17/2024 04:00:00 PM,692.446,30.553,4.397,29.736,54.888,312.442,0,NA,NA,NA,NA,72.04,NA,0.419,28.837,16.387
01/17/2024 05:00:00 PM,692.467,30.137,4.204,28.056,55.617,224.54,0,NA,NA,NA,NA,71.694,NA,0.936,26.892,16.157
01/17/2024 06:00:00 PM,692.883,28.94,3.527,43.262,60.476,87.199,0,NA,NA,NA,NA,69.15,NA,-999,28.702,16.702
01/17/2024 07:00:00 PM,693.56,27.578,1.37,12.653,66.232,0.612,0,NA,NA,NA,NA,61.846,NA,-999,32.954,18.789
01/17/2024 08:00:00 PM,694.182,27.028,0.979,5.32,67.518,0,0,NA,NA,NA,NA,40.688,NA,2.88,42.685,21.606
01/17/2024 09:00:00 PM,694.696,26.27,1.562,150.654,65.723,0,0,NA,NA,NA,NA,42.969,NA,-999,36.584,20.424
01/17/2024 10:00:00 PM,695.25,25.763,1.637,145.477,65.719,0,0,NA,NA,NA,NA,38.585,NA,2.865,32.284,19.593
01/17/2024 11:00:00 PM,695.387,25.164,2.027,162.294,65.823,0,0,NA,NA,NA,NA,41.805,NA,-999,26.771,16.908
01/18/2024 12:00:00 AM,695.314,24.667,1.957,149.32,65.673,0,0,NA,NA,NA,NA,42.925,NA,2.498,24.454,16.977
01/18/2024 01:00:00 AM,694.907,24.095,1.993,168.654,67.185,0,0,NA,NA,NA,NA,38.678,NA,1.413,21.881,15.194
01/18/2024 02:00:00 AM,694.421,23.232,0.672,185.444,70.159,0,0,NA,NA,NA,NA,26.982,NA,-999,26.899,17.424
01/18/2024 03:00:00 AM,694.123,22.752,0.792,50.505,70.894,0,0,NA,NA,NA,NA,22.832,NA,4.771,35.02,22.641
01/18/2024 04:00:00 AM,693.969,22.746,0.894,61.633,65.749,0,0,NA,NA,NA,NA,28.995,NA,2.602,27.447,19.249
01/18/2024 05:00:00 AM,694.122,22.795,0.819,189.292,65.546,0,0,NA,NA,NA,NA,25.181,NA,1.4,20.612,14.07
01/18/2024 06:00:00 AM,694.451,22.844,1.903,190.167,61.829,0,0,NA,NA,NA,NA,22.231,NA,0.695,17.391,11.826
01/18/2024 07:00:00 AM,694.808,22.903,2.01,178.412,59.233,7.411,0,NA,NA,NA,NA,18.723,NA,-999,19.692,11.46
01/18/2024 08:00:00 AM,695.492,23.983,1.105,100.185,56.391,201.243,0,NA,NA,NA,NA,21.087,NA,-999,32.555,14.828
01/18/2024 09:00:00 AM,695.816,25.512,1.197,335.57,63.316,316.76,0,NA,NA,NA,NA,31.612,NA,4.039,39.137,22.307
01/18/2024 10:00:00 AM,695.504,27.558,1.761,347.305,58.039,498.187,0,NA,NA,NA,NA,51.668,NA,-999,57.421,26.89
01/18/2024 11:00:00 AM,694.874,29.715,2.208,9.602,49.586,581.917,0,NA,NA,NA,NA,82.38,NA,1.176,43.096,19.656
01/18/2024 12:00:00 PM,694.124,31.606,2.481,47.051,41.444,632.554,0,NA,NA,NA,NA,51.819,NA,-999,33.122,14.586
01/18/2024 01:00:00 PM,693.278,31.165,5.047,35.045,49.278,602.535,0,NA,NA,NA,NA,65.637,NA,-999,35.3,21.719
01/18/2024 02:00:00 PM,692.724,31.098,4.899,35.099,50.671,576.375,0,NA,NA,NA,NA,81.829,NA,-999,24.647,14.032
01/18/2024 03:00:00 PM,692.355,31.015,4.668,0.313,53.747,436.03,0,NA,NA,NA,NA,48.662,NA,-999,21.922,13.957
01/18/2024 04:00:00 PM,692.11,30.638,4.627,14.194,56.154,315.455,0,NA,NA,NA,NA,71.494,NA,-999,23.743,14.915
01/18/2024 05:00:00 PM,692.158,30.163,4.02,39.138,57.133,216.243,0,NA,NA,NA,NA,73.873,NA,3.051,22.053,14.12
01/18/2024 06:00:00 PM,692.638,29.095,2.984,39.968,61.072,47.318,0,NA,NA,NA,NA,-999,NA,-999,26.996,16.569
01/18/2024 07:00:00 PM,692.999,28.173,3.049,9.429,63.469,0.29,0,NA,NA,NA,NA,69.014,NA,3.629,29.332,17.103
01/18/2024 08:00:00 PM,693.689,27.384,0.987,25.39,65.616,0,0,NA,NA,NA,NA,45.02,NA,-999,34.039,19.019
01/18/2024 09:00:00 PM,694.36,26.734,1.282,176.546,65.157,0,0,NA,NA,NA,NA,32.865,NA,4.99,45.15,25.052
01/18/2024 10:00:00 PM,694.554,25.959,2.005,153.882,66.303,0,0,NA,NA,NA,NA,43.675,NA,4.476,27.068,16.107
01/18/2024 11:00:00 PM,694.512,25.868,2.563,148.503,65.171,0,0,NA,NA,NA,NA,47.064,NA,-999,22.555,14.839
01/19/2024 12:00:00 AM,694.493,25.627,2.507,151.796,64.568,0,0,NA,NA,NA,NA,44.953,NA,3.983,20.326,13.989
01/19/2024 01:00:00 AM,694.095,25.004,2.057,150.475,65.079,0,0,NA,NA,NA,NA,37.469,NA,3.912,21.265,14.498
01/19/2024 02:00:00 AM,693.689,24.452,1.367,158.535,65.521,0,0,NA,NA,NA,NA,29.7,NA,5.032,21.385,14.616
01/19/2024 03:00:00 AM,693.407,23.537,1.611,341.243,67.963,0,0,NA,NA,NA,NA,24.829,NA,6.771,24.539,16.01
01/19/2024 04:00:00 AM,693.328,23.915,1.909,186.352,60.943,0,0,NA,NA,NA,NA,38.085,NA,-999,16.167,11.059
01/19/2024 05:00:00 AM,693.564,23.53,2.219,176.593,59.925,0,0,NA,NA,NA,NA,35.455,NA,2.886,13.472,9.745
01/19/2024 06:00:00 AM,693.894,23.389,2.795,174.343,57.609,0,0,NA,NA,NA,NA,30.621,NA,2.006,14.179,9.09
01/19/2024 07:00:00 AM,694.437,23.253,1.551,177.733,56.783,5.51,0,NA,NA,NA,NA,12.867,NA,3.003,19.223,10.381
01/19/2024 08:00:00 AM,695.066,24.306,1.243,201.214,56.674,164.333,0,NA,NA,NA,NA,13.55,NA,-999,28.405,14.72
01/19/2024 09:00:00 AM,695.404,26.08,1.19,157.475,55.673,304.064,0,NA,NA,NA,NA,31.238,NA,-999,36.771,17.618
01/19/2024 10:00:00 AM,695.145,27.899,1.72,307.66,60.002,490.035,0,NA,NA,NA,NA,46.668,NA,7.75,51.959,26.956
01/19/2024 11:00:00 AM,694.63,29.858,2.293,26.326,51.518,577.808,0,NA,NA,NA,NA,82.338,NA,-999,47.228,22.324
01/19/2024 12:00:00 PM,694.153,30.442,4.68,36.813,52.894,626.8,0,NA,NA,NA,NA,98.244,NA,2.256,37.551,19.127
01/19/2024 01:00:00 PM,693.633,30.616,4.335,10.935,56.823,600.847,0,NA,NA,NA,NA,74.289,NA,2.112,29.152,16.515
01/19/2024 02:00:00 PM,693.002,30.903,4.915,29.043,56.188,583.447,0,NA,NA,NA,NA,70.415,NA,2.462,28.909,19.469
01/19/2024 03:00:00 PM,692.533,30.779,4.288,351.236,56.128,438.641,0,NA,NA,NA,NA,71.746,NA,2.329,22.325,14.884
01/19/2024 04:00:00 PM,692.172,30.774,4.172,21.716,57.849,319.273,0,NA,NA,NA,NA,73.229,NA,2.361,25.625,16.634
01/19/2024 05:00:00 PM,692.106,30.347,4.069,28.742,59.463,200.841,0,NA,NA,NA,NA,74.802,NA,2.891,26.683,17.703
01/19/2024 06:00:00 PM,692.549,29.054,3.513,3.151,66.095,87.177,0,NA,NA,NA,NA,76.306,NA,2.892,28.509,19.003
01/19/2024 07:00:00 PM,693.039,27.702,2.159,31.545,72.924,0.596,0,NA,NA,NA,NA,67.889,NA,3.957,34.023,20.461
01/19/2024 08:00:00 PM,693.585,26.995,1.278,20.424,75.658,0,0,NA,NA,NA,NA,59.566,NA,4.646,39.569,22.301
01/19/2024 09:00:00 PM,694.208,26.884,0.917,86.303,74.906,0,0,NA,NA,NA,NA,49.478,NA,5.26,42.431,24.372
01/19/2024 10:00:00 PM,694.768,26.335,0.843,76.353,76.099,0,0,NA,NA,NA,NA,32.62,NA,6.851,49.145,25.716
01/19/2024 11:00:00 PM,694.895,25.654,1.465,87.308,75.755,0,0,NA,NA,NA,NA,35.248,NA,6.479,37.134,21.627
01/20/2024 12:00:00 AM,694.663,25.172,1.28,153.591,73.968,0,0,NA,NA,NA,NA,32.392,NA,6.102,29.001,17.798
01/20/2024 01:00:00 AM,694.251,24.455,1.266,155.207,75.054,0,0,NA,NA,NA,NA,26.742,NA,3.449,28.541,18.644
01/20/2024 02:00:00 AM,693.846,24.171,1.773,164.652,71.89,0,0,NA,NA,NA,NA,31.179,NA,1.05,25.113,16.927
01/20/2024 03:00:00 AM,693.696,23.828,1.607,161.927,70.134,0,0,NA,NA,NA,NA,29.364,NA,0.727,20.68,14.849
01/20/2024 04:00:00 AM,693.665,23.634,1.753,176.852,68.408,0,0,NA,NA,NA,NA,29.629,NA,1.573,20.149,13.983
01/20/2024 05:00:00 AM,693.511,23.833,2.806,158.229,63.662,0,0,NA,NA,NA,NA,34.345,NA,0.451,17.193,11.28
01/20/2024 06:00:00 AM,693.931,23.302,1.234,156.167,66.42,0,0,NA,NA,NA,NA,21.384,NA,1.999,21.065,14.01
01/20/2024 07:00:00 AM,694.476,23.015,1.82,176.985,66.115,8.071,0,NA,NA,NA,NA,19.377,NA,0.702,21.467,13.7
01/20/2024 08:00:00 AM,695.011,24.22,2.456,170.617,59.797,164.542,0,NA,NA,NA,NA,27.943,NA,-999,26.038,12.704
01/20/2024 09:00:00 AM,695.15,26.672,1.235,154.684,58.917,299.811,0,NA,NA,NA,NA,29.781,NA,3.28,35.821,19.777
01/20/2024 10:00:00 AM,695,27.52,2.055,334.743,62.908,488.666,0,NA,NA,NA,NA,55.483,NA,2.656,53.711,29.626
01/20/2024 11:00:00 AM,694.653,29.991,1.897,39.541,54.028,581.079,0,NA,NA,NA,NA,82.438,NA,0.311,45.313,24.542
01/20/2024 12:00:00 PM,694.005,30.951,3.701,75.13,52.305,638.757,0,NA,NA,NA,NA,90.907,NA,-999,29.142,17.603
01/20/2024 01:00:00 PM,693.392,30.651,5.134,36.455,58.526,434.113,0,NA,NA,NA,NA,74.346,NA,-999,30.497,17.921
01/20/2024 02:00:00 PM,692.728,30.32,5.046,36.796,60.978,519.269,0,NA,NA,NA,NA,70.209,NA,-999,29.05,18.925
01/20/2024 03:00:00 PM,692.074,30.685,5.311,36.376,57.929,457.104,0,NA,NA,NA,NA,71.754,NA,-999,24.072,16.065
01/20/2024 04:00:00 PM,691.814,30.75,5.041,16.76,57.567,332.098,0,NA,NA,NA,NA,70.34,NA,-999,23.234,15.062
01/20/2024 05:00:00 PM,691.992,29.671,4.144,30.854,59.891,128.679,0,NA,NA,NA,NA,67.585,NA,-999,24.04,14.561
01/20/2024 06:00:00 PM,692.587,28.957,2.708,4.346,62.09,47.044,0,NA,NA,NA,NA,66.799,NA,-999,24.513,15.472
01/20/2024 07:00:00 PM,693.289,28.097,2.263,33.396,68.759,0.08,0,NA,NA,NA,NA,61.302,NA,0.627,29.565,17.783
01/20/2024 08:00:00 PM,693.77,27.485,1.643,51.007,72.645,0,0,NA,NA,NA,NA,54.439,NA,1.06,32.838,19.38
01/20/2024 09:00:00 PM,694.332,26.699,1.438,75.816,75.232,0,0,NA,NA,NA,NA,36.851,NA,1.045,42.31,25.262
01/20/2024 10:00:00 PM,694.668,26.095,1.508,109.358,74.838,0,0,NA,NA,NA,NA,29.843,NA,0.974,40.582,23.506
01/20/2024 11:00:00 PM,694.775,25.733,2.398,149.311,72.848,0,0,NA,NA,NA,NA,32.908,NA,0.679,28.575,19.471
01/21/2024 12:00:00 AM,694.644,25.476,2.652,144.339,69.889,0,0,NA,NA,NA,NA,35.636,NA,0.612,23.983,16.761
01/21/2024 01:00:00 AM,694.41,25.096,1.931,152.602,68.098,0,0,NA,NA,NA,NA,32.142,NA,1.757,22.936,15.791
01/21/2024 02:00:00 AM,693.977,24.821,2.348,163.878,65.829,0,0,NA,NA,NA,NA,35.995,NA,2.332,22.15,14.496
01/21/2024 03:00:00 AM,693.709,24.488,2.065,154.087,64.925,0,0,NA,NA,NA,NA,33.796,NA,1.979,19.798,13.124
01/21/2024 04:00:00 AM,693.71,23.86,0.758,343.45,66.888,0,0,NA,NA,NA,NA,23.383,NA,3.327,22.182,13.938
01/21/2024 05:00:00 AM,693.926,23.455,0.723,271.007,70.311,0,0,NA,NA,NA,NA,16.888,NA,4.631,24.038,16.136
01/21/2024 06:00:00 AM,694.553,22.839,1.877,110.819,69.618,0,0,NA,NA,NA,NA,22.686,NA,3.838,21.264,14.184
01/21/2024 07:00:00 AM,695.062,23.03,2.27,176.858,66.237,9.763,0,NA,NA,NA,NA,28.218,NA,2.233,17.7,11.738
01/21/2024 08:00:00 AM,695.734,23.923,1.298,154.11,63.645,89.497,0,NA,NA,NA,NA,26.153,NA,4.196,22.953,13.968
01/21/2024 09:00:00 AM,696.201,26.04,1.124,151.054,59.523,303.629,0,NA,NA,NA,NA,24.791,NA,4.816,31.947,18.266
01/21/2024 10:00:00 AM,695.948,28.319,1.173,84.591,53.928,504.326,0,NA,NA,NA,NA,51.579,NA,3.381,38.56,26.849
01/21/2024 11:00:00 AM,695.353,30.271,1.777,48.054,49.795,581.047,0,NA,NA,NA,NA,84.014,NA,1.863,42.098,31.425
01/21/2024 12:00:00 PM,694.698,31.264,4.286,45.787,48.655,642.237,0,NA,NA,NA,NA,76.513,NA,1.135,27.474,19.173
01/21/2024 01:00:00 PM,694.139,31.74,4.126,336.915,51.614,612.85,0,NA,NA,NA,NA,70.036,NA,1.161,26.874,16.574
01/21/2024 02:00:00 PM,693.599,31.527,5.05,35.848,54.18,586.895,0,NA,NA,NA,NA,65.681,NA,0.98,28.289,16.998
01/21/2024 03:00:00 PM,693.104,31.512,4.444,28.304,53.722,480.852,0,NA,NA,NA,NA,66.988,NA,1.241,22.909,15.347
01/21/2024 04:00:00 PM,692.995,31.433,4.762,17.301,54.681,284.683,0,NA,NA,NA,NA,69.11,NA,1.287,23.468,15.767
01/21/2024 05:00:00 PM,693.345,27.06,4.621,149.925,68.157,96.263,0,NA,NA,NA,NA,56.862,NA,1.678,36.484,13.4
01/21/2024 06:00:00 PM,693.518,26.635,2.968,157.367,70.04,74.675,0,NA,NA,NA,NA,40.389,NA,2.494,19.006,10.41
01/21/2024 07:00:00 PM,693.904,25.843,3.046,170.492,72.82,1.466,0,NA,NA,NA,NA,27.097,NA,2.672,19.393,10.202
01/21/2024 08:00:00 PM,694.564,25.474,3.361,168.216,72.123,0,0,NA,NA,NA,NA,24.471,NA,2.931,17.114,9.8
01/21/2024 09:00:00 PM,695.165,25.287,3.262,158.442,70.547,0,0,NA,NA,NA,NA,23.974,NA,3.025,16.942,10.114
01/21/2024 10:00:00 PM,695.489,25.365,4.238,174.72,67.602,0,0,NA,NA,NA,NA,25.1,NA,2.721,15.477,9.834
01/21/2024 11:00:00 PM,695.546,25.435,3.891,170.753,65.069,0,0,NA,NA,NA,NA,26.806,NA,2.728,14.547,9.333
01/22/2024 12:00:00 AM,695.176,25.047,4.729,174.455,64.868,0,0,NA,NA,NA,NA,29.541,NA,2.171,13.98,9.157
01/22/2024 01:00:00 AM,694.896,25.064,3.583,156.35,63.427,0,0,NA,NA,NA,NA,31.391,NA,1.848,13.078,9.054
01/22/2024 02:00:00 AM,694.634,24.883,4.296,171.505,62.581,0,0,NA,NA,NA,NA,31.841,NA,1.659,12.478,8.953
01/22/2024 03:00:00 AM,694.27,24.334,4.728,168.587,63.542,0,0,NA,NA,NA,NA,31.446,NA,1.577,12.989,8.679
01/22/2024 04:00:00 AM,694.137,23.949,3.643,169.182,63.368,0,0,NA,NA,NA,NA,32.759,NA,1.472,11.775,8.304
01/22/2024 05:00:00 AM,694.116,23.557,3.597,180,62.677,0,0,NA,NA,NA,NA,29.65,NA,1.491,11.417,7.322
01/22/2024 06:00:00 AM,694.442,23.186,2.189,201.682,63.798,0,0,NA,NA,NA,NA,20.779,NA,1.906,12.827,8.132
01/22/2024 07:00:00 AM,694.961,22.895,2.86,154.781,60.624,6.283,0,NA,NA,NA,NA,21.863,NA,1.775,14.787,7.333
01/22/2024 08:00:00 AM,695.317,23.698,2.39,165.225,58.765,180.734,0,NA,NA,NA,NA,20.848,NA,1.727,19.901,8.78
01/22/2024 09:00:00 AM,695.76,26.383,1.261,113.56,52.581,320.143,0,NA,NA,NA,NA,26.473,NA,1.965,31.83,11.448
01/22/2024 10:00:00 AM,695.59,28.552,1.421,79.119,50.491,512.365,0,NA,NA,NA,NA,52.555,NA,2.238,31.82,15.655
01/22/2024 11:00:00 AM,695.029,30.745,1.488,350.665,48.06,591.261,0,NA,NA,NA,NA,90.954,NA,1.752,42.064,22.562
01/22/2024 12:00:00 PM,694.363,31.208,4.266,36.334,51.266,602.732,0,NA,NA,NA,NA,84.502,NA,0.922,30.795,15.556
01/22/2024 01:00:00 PM,693.815,31.217,4.975,359.162,54.384,614.558,0,NA,NA,NA,NA,69.284,NA,0.859,24.327,14.137
01/22/2024 02:00:00 PM,693.311,30.877,5.376,45.478,56.748,550.581,0,NA,NA,NA,NA,63.905,NA,1.253,23.913,14.47
01/22/2024 03:00:00 PM,692.638,30.944,5.488,36.194,56.717,452.399,0,NA,NA,NA,NA,65.227,NA,1.344,25.834,17.794
01/22/2024 04:00:00 PM,692.368,30.852,4.308,22.245,58.63,344.858,0,NA,NA,NA,NA,69.936,NA,1.54,24.441,16.331
01/22/2024 05:00:00 PM,692.326,30.268,4.576,39.661,60.13,247.039,0,NA,NA,NA,NA,70.116,NA,1.406,24.808,16.012
01/22/2024 06:00:00 PM,692.649,29.278,3.392,8.976,65.295,95.732,0,NA,NA,NA,NA,69.66,NA,1.625,26.779,17.757
01/22/2024 07:00:00 PM,693.194,28.196,1.639,23.685,68.225,1.127,0,NA,NA,NA,NA,53.756,NA,2.429,31.08,18.825
01/22/2024 08:00:00 PM,693.799,27.468,0.908,38.65,68.303,0,0,NA,NA,NA,NA,28.297,NA,3.868,39.001,21.423
01/22/2024 09:00:00 PM,694.444,26.491,1.92,170.509,69.495,0,0,NA,NA,NA,NA,39.661,NA,3.563,30.902,17.664
01/22/2024 10:00:00 PM,694.843,25.97,2.511,166.479,69.195,0,0,NA,NA,NA,NA,41.19,NA,2.553,24.415,15.415
01/22/2024 11:00:00 PM,694.893,25.731,3.847,164.897,64.49,0,0,NA,NA,NA,NA,42.117,NA,2.375,22.028,13.715
01/23/2024 12:00:00 AM,694.691,25.306,3.927,170.729,57.708,0,0,NA,NA,NA,NA,43.002,NA,2.373,16.028,10.525
01/23/2024 01:00:00 AM,694.193,24.861,4.44,170.632,51.557,0,0,NA,NA,NA,NA,45.543,NA,1.405,12.934,7.371
01/23/2024 02:00:00 AM,693.868,24.256,3.547,165.117,47.657,0,0,NA,NA,NA,NA,43.66,NA,1.074,9.694,5.789
01/23/2024 03:00:00 AM,693.569,23.774,3.511,173.029,45.044,0,0,NA,NA,NA,NA,44.051,NA,0.965,9.028,5.014
01/23/2024 04:00:00 AM,693.548,23.679,2.944,155.501,43.602,0,0,NA,NA,NA,NA,44.568,NA,0.576,7.891,4.618
01/23/2024 05:00:00 AM,693.791,23.497,1.53,187.033,47.329,0,0,NA,NA,NA,NA,32.162,NA,0.707,10.855,6.333
01/23/2024 06:00:00 AM,694.11,23.146,2.133,191.059,47.244,0,0,NA,NA,NA,NA,25.214,NA,1.092,11.864,6.952
01/23/2024 07:00:00 AM,694.446,22.859,1.779,177.498,47.892,6.347,0,NA,NA,NA,NA,10.271,NA,1.557,19.644,8.892
01/23/2024 08:00:00 AM,695.064,23.557,1.389,178.322,45.276,89.771,0,NA,NA,NA,NA,16.034,NA,1.254,27.996,9.71
01/23/2024 09:00:00 AM,695.433,24.624,0.881,118.21,46.897,212.344,0,NA,NA,NA,NA,12.394,NA,2.153,43.771,13.486
01/23/2024 10:00:00 AM,695.408,26.708,1.039,58.779,50.406,397.537,0,NA,NA,NA,NA,20.369,NA,4.828,42.621,18.439
01/23/2024 11:00:00 AM,695.054,29.558,1.067,180.283,46.122,514.298,0,NA,NA,NA,NA,48.012,NA,2.886,60.241,22.249
01/23/2024 12:00:00 PM,694.497,31.513,2.168,176.725,41.572,530.522,0,NA,NA,NA,NA,75.301,NA,0.627,28.984,13.663
01/23/2024 01:00:00 PM,693.748,30.991,4.821,39.336,50.882,500.362,0,NA,NA,NA,NA,71.312,NA,0.277,25.424,14.342
01/23/2024 02:00:00 PM,692.9,31.135,4.819,36.29,53.173,537.16,0,NA,NA,NA,NA,68.687,NA,0.664,25.078,15.22
01/23/2024 03:00:00 PM,692.2,31.496,4.361,30.46,51.469,427.427,0,NA,NA,NA,NA,69.972,NA,0.596,25.781,15.303
01/23/2024 04:00:00 PM,691.888,31.058,4.751,30.511,53.599,302.131,0,NA,NA,NA,NA,80.849,NA,0.673,26.428,17.51
01/23/2024 05:00:00 PM,692.084,30.712,4.036,30.241,54.819,209.202,0,NA,NA,NA,NA,87.306,NA,0.898,31.816,21.918
01/23/2024 06:00:00 PM,692.452,30.029,2.363,9.439,55.535,83.068,0,NA,NA,NA,NA,80.938,NA,1.324,30.753,18.991
01/23/2024 07:00:00 PM,692.925,28.591,1.097,15.765,61.294,0.95,0,NA,NA,NA,NA,57.819,NA,2.582,41.169,21.118
01/23/2024 08:00:00 PM,693.393,27.455,1.303,111.372,63.693,0,0,NA,NA,NA,NA,46.17,NA,3.155,48.109,23.961
01/23/2024 09:00:00 PM,693.967,26.579,2.473,132.016,65.786,0,0,NA,NA,NA,NA,56.348,NA,2.602,33.302,20.996
01/23/2024 10:00:00 PM,694.52,26.225,3.486,165.095,64.568,0,0,NA,NA,NA,NA,58.029,NA,1.806,29.537,20.293
01/23/2024 11:00:00 PM,694.554,25.828,3.841,170.3,63.209,0,0,NA,NA,NA,NA,55.374,NA,2.188,26.784,18.461
01/24/2024 12:00:00 AM,694.304,25.522,4.185,163.701,60.108,0,0,NA,NA,NA,NA,53.014,NA,1.853,25.658,16.629
01/24/2024 01:00:00 AM,694.116,25.225,3.478,162.447,56.906,0,0,NA,NA,NA,NA,54.959,NA,1.953,20.172,15.25
01/24/2024 02:00:00 AM,693.869,24.716,3.13,162.35,54.19,0,0,NA,NA,NA,NA,54.695,NA,-999,19.402,14.226
01/24/2024 03:00:00 AM,693.496,24.782,2.636,164.606,50.938,0,0,NA,NA,NA,NA,56.177,NA,0.394,17.452,12.877
01/24/2024 04:00:00 AM,693.494,24.137,2.498,156.367,51.265,0,0,NA,NA,NA,NA,55.806,NA,-999,15.846,11.78
01/24/2024 05:00:00 AM,693.777,23.721,2.004,175.009,52.412,0,0,NA,NA,NA,NA,48.266,NA,-999,17.112,12.324
01/24/2024 06:00:00 AM,694.022,23.327,2.82,182.236,51.916,0,0,NA,NA,NA,NA,39.899,NA,-999,18.213,12.455
01/24/2024 07:00:00 AM,694.42,22.956,1.344,216.089,54.699,6.786,0,NA,NA,NA,NA,11.463,NA,1.348,28.843,16.68
01/24/2024 08:00:00 AM,695.004,24.233,1.166,137.339,48.781,170.229,0,NA,NA,NA,NA,22.476,NA,0.346,32.149,15.285
01/24/2024 09:00:00 AM,695.368,26.465,1.104,161.61,49.537,313.634,0,NA,NA,NA,NA,37.186,NA,1.273,37.716,18.641
01/24/2024 10:00:00 AM,695.299,27.712,2.111,339.369,52.049,512.204,0,NA,NA,NA,NA,65.549,NA,2.382,50.819,27.571
01/24/2024 11:00:00 AM,694.783,30.475,2.084,201.457,40.892,599.018,0,NA,NA,NA,NA,95.786,NA,-999,48.745,23.775
01/24/2024 12:00:00 PM,694.148,31.198,4.401,288.459,46.154,638.402,0,NA,NA,NA,NA,90.696,NA,-999,39.641,21.084
01/24/2024 01:00:00 PM,693.486,30.822,5.63,45.052,50.635,614.687,0,NA,NA,NA,NA,87.821,NA,-999,34.326,18.877
01/24/2024 02:00:00 PM,692.657,30.97,5.183,13.447,52.067,572.83,0,NA,NA,NA,NA,75.315,NA,-999,32.54,19.902
01/24/2024 03:00:00 PM,692.181,30.865,4.876,16.334,55.207,366.382,0,NA,NA,NA,NA,75.39,NA,-999,30.646,19.97
01/24/2024 04:00:00 PM,692.102,30.301,5.055,34.438,58.349,253.395,0,NA,NA,NA,NA,78.391,NA,-999,32.797,22.693
01/24/2024 05:00:00 PM,692.256,29.855,4.467,40.991,59.33,205.883,0,NA,NA,NA,NA,81.876,NA,-999,35.577,23.937
01/24/2024 06:00:00 PM,692.661,28.995,3.671,53.173,63.568,59.321,0,NA,NA,NA,NA,76.793,NA,1.397,38.969,27.075
01/24/2024 07:00:00 PM,693.038,28.075,1.639,47.156,66.235,1.578,0,NA,NA,NA,NA,55.115,NA,1.823,43.608,28.028
01/24/2024 08:00:00 PM,693.56,26.879,1.338,120.642,68.569,0,0,NA,NA,NA,NA,48.275,NA,2.039,57.202,31.358
01/24/2024 09:00:00 PM,694.2,26.167,2.493,166.289,63.076,0,0,NA,NA,NA,NA,58.238,NA,1.605,36.032,21.997
01/24/2024 10:00:00 PM,694.778,25.804,3.287,156.003,59.879,0,0,NA,NA,NA,NA,61.58,NA,1.065,28.974,19.076
01/24/2024 11:00:00 PM,694.776,25.443,3.864,166.52,59.076,0,0,NA,NA,NA,NA,61.769,NA,0.655,28.475,18.791
01/25/2024 12:00:00 AM,694.627,25.022,3.13,157.485,58.467,0,0,NA,NA,NA,NA,59.497,NA,0.649,24.037,17.526
01/25/2024 01:00:00 AM,694.391,24.649,3.601,160.52,56.393,0,0,NA,NA,NA,NA,61.242,NA,0.685,23.94,15.83
01/25/2024 02:00:00 AM,694.011,24.266,3.458,155.485,55.971,0,0,NA,NA,NA,NA,60.825,NA,0.883,20.632,14.947
01/25/2024 03:00:00 AM,693.572,24.059,3.237,160.037,55.191,0,0,NA,NA,NA,NA,62.273,NA,0.573,20.509,14.389
01/25/2024 04:00:00 AM,693.448,23.671,2.928,168.882,54.352,0,0,NA,NA,NA,NA,59.747,NA,1.234,18.512,13.936
01/25/2024 05:00:00 AM,693.59,23.69,3.506,181.231,50.31,0,0,NA,NA,NA,NA,61.262,NA,0.302,17.229,12.508
01/25/2024 06:00:00 AM,694.003,23.24,2.64,190.46,50.133,0,0,NA,NA,NA,NA,46.561,NA,0.534,18.315,12.484
01/25/2024 07:00:00 AM,694.29,22.981,2.842,181.257,47.827,8.474,0,NA,NA,NA,NA,42.31,NA,0.609,20.409,12.001
01/25/2024 08:00:00 AM,694.768,23.468,2.295,160.757,45.361,173.645,0,NA,NA,NA,NA,37.908,NA,2.147,31.018,13.457
01/25/2024 09:00:00 AM,695.178,25.172,1.911,171.727,40.001,295.751,0,NA,NA,NA,NA,46.18,NA,0.783,37.295,14.888
01/25/2024 10:00:00 AM,-999,-999,-999,-999,-999,-999,-999,NA,NA,NA,NA,-999,NA,-999,-999,-999
01/25/2024 11:00:00 AM,694.39,30.328,2.831,335.222,40.583,655.001,0,NA,NA,NA,NA,106.488,NA,1.05,47.368,25.239
01/25/2024 12:00:00 PM,694.065,31.054,3.634,354.21,44.096,657.945,0,NA,NA,NA,NA,102.128,NA,0.723,41.46,22.706
01/25/2024 01:00:00 PM,693.507,31.015,4.465,301.088,48.864,650.373,0,NA,NA,NA,NA,92.136,NA,0.778,38.21,22.367
01/25/2024 02:00:00 PM,692.868,30.97,5.169,333.765,50.368,607.163,0,NA,NA,NA,NA,81.504,NA,0.317,34.467,20.514
01/25/2024 03:00:00 PM,692.245,31.269,4.429,308.917,49.955,491.082,0,NA,NA,NA,NA,75.291,NA,0.321,31.072,19.346
01/25/2024 04:00:00 PM,692.044,31.044,4.609,294.497,50.139,304.822,0,NA,NA,NA,NA,81.734,NA,0.515,29.78,19.11
01/25/2024 05:00:00 PM,692.21,30.632,4.057,324.86,52.496,225.507,0,NA,NA,NA,NA,84.138,NA,0.657,32.759,21.399
01/25/2024 06:00:00 PM,692.52,29.813,2.77,311.572,55.591,92.864,0,NA,NA,NA,NA,81.477,NA,1.115,36.881,22.801
01/25/2024 07:00:00 PM,693.018,28.69,1.583,281.569,60.569,0.757,0,NA,NA,NA,NA,78.018,NA,1.445,47.001,26.413
01/25/2024 08:00:00 PM,693.628,28.021,0.605,341.726,63.039,0,0,NA,NA,NA,NA,67.255,NA,2.169,55.361,30.709
01/25/2024 09:00:00 PM,694.448,27.153,1.152,23.19,66.132,0,0,NA,NA,NA,NA,45.486,NA,3.207,51.382,30.475
01/25/2024 10:00:00 PM,695.052,26.219,1.894,118.916,68.408,0,0,NA,NA,NA,NA,57.729,NA,3.041,38.528,24.743
01/25/2024 11:00:00 PM,695.159,25.931,3.009,93.902,67.445,0,0,NA,NA,NA,NA,54.932,NA,2.698,32.736,22.702
01/26/2024 12:00:00 AM,695.075,25.663,2.746,96.181,64.763,0,0,NA,NA,NA,NA,53.582,NA,3.152,29.539,21.237
01/26/2024 01:00:00 AM,695.002,25.281,2.239,79.255,64.664,0,0,NA,NA,NA,NA,52.56,NA,2.254,27.935,20.557
01/26/2024 02:00:00 AM,694.476,25.195,1.554,72.504,65.012,0,0,NA,NA,NA,NA,45.292,NA,3.099,29.912,21.423
01/26/2024 03:00:00 AM,694.039,25.078,1.334,84.012,66.049,0,0,NA,NA,NA,NA,32.767,NA,7.596,35.136,24.219
01/26/2024 04:00:00 AM,693.842,24.678,0.87,309.579,69.129,0,0,NA,NA,NA,NA,15.906,NA,12.013,49.164,29.605
01/26/2024 05:00:00 AM,694.053,23.298,1.035,116.855,77.131,0,0,NA,NA,NA,NA,3.926,NA,13.108,60.417,34.487
01/26/2024 06:00:00 AM,694.458,22.607,0.659,161.968,78.616,0,0,NA,NA,NA,NA,3.926,NA,11.498,60.144,35.492
01/26/2024 07:00:00 AM,695.03,22.75,1.638,29.656,71.337,8.973,0,NA,NA,NA,NA,10.967,NA,7.438,47.494,27.992
01/26/2024 08:00:00 AM,695.371,24.113,2.381,89.808,58.059,164.623,0,NA,NA,NA,NA,33.644,NA,2.079,45.08,20.591
01/26/2024 09:00:00 AM,695.682,26.897,1.309,106.529,50.693,326.072,0,NA,NA,NA,NA,44.959,NA,1.292,52.227,21.4
01/26/2024 10:00:00 AM,695.547,28.481,1.939,287.88,55.316,496.979,0,NA,NA,NA,NA,65.948,NA,4.204,56.23,31.202
01/26/2024 11:00:00 AM,695.014,30.93,1.737,202.516,48.077,612.85,0,NA,NA,NA,NA,93.359,NA,1.012,49.832,27.635
01/26/2024 12:00:00 PM,694.456,31.066,4.454,308.48,50.781,651.194,0,NA,NA,NA,NA,98.928,NA,0.371,44.819,26.219
01/26/2024 01:00:00 PM,694.152,30.486,4.506,304.492,54.988,644.057,0,NA,NA,NA,NA,92.24,NA,-999,40.656,26.069
01/26/2024 02:00:00 PM,693.591,30.457,5.226,327.071,54.93,604.488,0,NA,NA,NA,NA,90.826,NA,0.529,36.675,24.047
01/26/2024 03:00:00 PM,692.801,30.806,4.564,327.562,53.309,488.102,0,NA,NA,NA,NA,92.827,NA,0.498,37.742,23.746
01/26/2024 04:00:00 PM,692.459,31.085,4.054,296.442,51.316,328.586,0,NA,NA,NA,NA,94.205,NA,0.557,35.003,22.699
01/26/2024 05:00:00 PM,692.565,30.749,3.707,293.625,53.311,210.942,0,NA,NA,NA,NA,95.082,NA,0.672,36.703,24.453
01/26/2024 06:00:00 PM,692.828,29.71,2.795,320.837,57.002,79.894,0,NA,NA,NA,NA,90.758,NA,0.695,43.258,28.585
01/26/2024 07:00:00 PM,693.402,28.249,2.398,331.049,62.665,0.789,0,NA,NA,NA,NA,79.667,NA,1.005,54.355,31.762
01/26/2024 08:00:00 PM,694.012,27.687,1.592,355.941,65.175,0,0,NA,NA,NA,NA,64.833,NA,2.163,49.609,30.878
01/26/2024 09:00:00 PM,694.794,27.048,1.138,118.742,66.24,0,0,NA,NA,NA,NA,49.969,NA,2.605,54.919,31.841
01/26/2024 10:00:00 PM,695.562,26.152,1.794,101.912,65.727,0,0,NA,NA,NA,NA,53.201,NA,2.2,43.008,27.564
01/26/2024 11:00:00 PM,695.932,25.546,1.821,88.242,64.933,0,0,NA,NA,NA,NA,49.048,NA,2.452,37.637,25.493
01/27/2024 12:00:00 AM,695.919,25.068,2.102,85.355,64.393,0,0,NA,NA,NA,NA,49.672,NA,1.966,34.643,23.429
01/27/2024 01:00:00 AM,695.74,24.667,2.297,102.575,64.129,0,0,NA,NA,NA,NA,50.059,NA,1.369,30.606,22.026
01/27/2024 02:00:00 AM,695.437,24.69,2.84,93.524,61.744,0,0,NA,NA,NA,NA,52.599,NA,0.7,27.564,20.11
01/27/2024 03:00:00 AM,695.157,24.509,1.305,101.363,61.599,0,0,NA,NA,NA,NA,50.789,NA,1.144,26.531,20.234
01/27/2024 04:00:00 AM,694.901,23.272,0.785,66.971,69.967,0,0,NA,NA,NA,NA,25.617,NA,5.992,39.506,28.319
01/27/2024 05:00:00 AM,695.168,22.332,1.115,19.519,75.916,0,0,NA,NA,NA,NA,9.69,NA,10.856,50.521,35.105
01/27/2024 06:00:00 AM,695.494,22.092,1.31,125.324,72.575,0,0,NA,NA,NA,NA,18.214,NA,5.493,41.204,27.447
01/27/2024 07:00:00 AM,695.877,21.996,0.813,18.874,71.225,7.491,0,NA,NA,NA,NA,9.007,NA,5.429,38.339,24.568
01/27/2024 08:00:00 AM,696.437,22.887,1.377,267.519,71.627,159.822,0,NA,NA,NA,NA,9.654,NA,12.618,58.224,32.872
01/27/2024 09:00:00 AM,696.683,25.739,1.091,99.048,60.764,330.745,0,NA,NA,NA,NA,24.868,NA,7.924,62.114,31.512
01/27/2024 10:00:00 AM,696.605,28.054,1.593,256.394,56.054,493.064,0,NA,NA,NA,NA,81.123,NA,3.362,55.698,33.355
01/27/2024 11:00:00 AM,696.133,30.094,1.785,326.535,49.583,600.734,0,NA,NA,NA,NA,99.646,NA,1.619,49.432,29.86
01/27/2024 12:00:00 PM,695.564,30.712,4.972,333.23,52.687,638.128,0,NA,NA,NA,NA,96.677,NA,0.603,45.306,26.107
01/27/2024 01:00:00 PM,695.035,30.613,4.953,298.877,54.833,638.757,0,NA,NA,NA,NA,86.614,NA,0.448,42.36,24.252
01/27/2024 02:00:00 PM,694.427,30.711,4.771,320.596,54.818,609.692,0,NA,NA,NA,NA,83.711,NA,-999,34.143,21.843
01/27/2024 03:00:00 PM,693.727,31.061,4.926,322.622,53.406,494.321,0,NA,NA,NA,NA,90.197,NA,0.471,35.361,22.37
01/27/2024 04:00:00 PM,693.479,31.051,4.082,320.877,53.967,331.067,0,NA,NA,NA,NA,94.275,NA,0.438,34.443,21.905
01/27/2024 05:00:00 PM,693.47,30.508,3.418,307.942,56.458,211.007,0,NA,NA,NA,NA,89.616,NA,0.611,34.593,21.986
01/27/2024 06:00:00 PM,693.611,29.439,2.835,328.468,60.483,88.546,0,NA,NA,NA,NA,82.739,NA,0.934,36.898,21.978
01/27/2024 07:00:00 PM,693.984,28.085,1.935,317.139,65.594,0.596,0,NA,NA,NA,NA,76.597,NA,1.062,41.045,22.849
01/27/2024 08:00:00 PM,694.614,27.429,1.63,339.927,67.644,0,0,NA,NA,NA,NA,64.64,NA,1.761,42.505,24.698
01/27/2024 09:00:00 PM,695.24,27.113,1.122,327.507,69.029,0,0,NA,NA,NA,NA,48.338,NA,3.541,49.091,27.394
01/27/2024 10:00:00 PM,695.777,26.41,1.426,63.044,71.04,0,0,NA,NA,NA,NA,43.159,NA,3.938,48.502,28.195
01/27/2024 11:00:00 PM,695.944,25.86,1.364,107.668,72.517,0,0,NA,NA,NA,NA,44.224,NA,3.368,43.586,26.383
01/28/2024 12:00:00 AM,695.686,25.081,1.726,96.153,74.386,0,0,NA,NA,NA,NA,42.168,NA,2.243,41.551,24.987
01/28/2024 01:00:00 AM,695.417,24.809,1.804,114.257,74.415,0,0,NA,NA,NA,NA,41.402,NA,1.541,35.8,23.467
01/28/2024 02:00:00 AM,695.006,24.946,1.917,85.71,72.068,0,0,NA,NA,NA,NA,38.798,NA,1.91,31.868,22.934
01/28/2024 03:00:00 AM,694.7,24.896,1.325,61.217,71.78,0,0,NA,NA,NA,NA,31.872,NA,2.982,33.245,23.457
01/28/2024 04:00:00 AM,694.526,24.807,0.746,35.486,72.363,0,0,NA,NA,NA,NA,25.328,NA,7.499,36.329,24.981
01/28/2024 05:00:00 AM,694.828,24.232,0.874,15.089,77.964,0,0,NA,NA,NA,NA,8.028,NA,16.008,44.172,28.295
01/28/2024 06:00:00 AM,695.289,23.899,1.038,113.221,79.358,0,0,NA,NA,NA,NA,5.158,NA,11.796,49.74,30.048
01/28/2024 07:00:00 AM,695.761,23.897,1.181,33.642,78.53,11.777,0,NA,NA,NA,NA,13.571,NA,4.748,39.411,24.836
01/28/2024 08:00:00 AM,696.199,24.62,1.196,107.958,70.567,68.004,0,NA,NA,NA,NA,26.196,NA,1.197,33.028,22.382
01/28/2024 09:00:00 AM,696.539,26.179,1.029,102.254,66.168,237.977,0,NA,NA,NA,NA,31.302,NA,1.066,33.052,22.175
01/28/2024 10:00:00 AM,696.512,28.071,1.267,314.743,62.187,475.052,0,NA,NA,NA,NA,60.28,NA,1.013,37.341,24.017
01/28/2024 11:00:00 AM,695.99,29.842,2.262,270.924,56.723,575.827,0,NA,NA,NA,NA,75.796,NA,0.791,36.668,24.53
01/28/2024 12:00:00 PM,695.334,29.888,4.176,330.216,56.952,652.484,0,NA,NA,NA,NA,75.487,NA,0.397,35.672,21.884
01/28/2024 01:00:00 PM,694.786,30.482,4.608,313.901,56.697,566.998,0,NA,NA,NA,NA,71.523,NA,0.317,32.992,20.39
01/28/2024 02:00:00 PM,694.155,30.456,4.72,331.24,57.073,528.978,0,NA,NA,NA,NA,72.733,NA,0.507,31.815,20.326
01/28/2024 03:00:00 PM,693.406,31.011,4.49,311.184,54.842,470.798,0,NA,NA,NA,NA,76.047,NA,-999,31.356,20.432
01/28/2024 04:00:00 PM,693.075,31.138,4.184,285.407,53.89,337.511,0,NA,NA,NA,NA,74.754,NA,0.494,29.976,19.654
01/28/2024 05:00:00 PM,693.196,30.666,3.349,297.895,56.407,232.241,0,NA,NA,NA,NA,74.35,NA,0.376,29.253,19.434
01/28/2024 06:00:00 PM,693.507,29.342,2.838,295.16,61.273,77.961,0,NA,NA,NA,NA,74.152,NA,0.747,32.091,19.87
01/28/2024 07:00:00 PM,693.999,28.065,2.152,322.733,66.508,1.401,0,NA,NA,NA,NA,72.894,NA,1.089,38.146,23.464
01/28/2024 08:00:00 PM,694.559,27.509,1.21,336.313,69.523,0,0,NA,NA,NA,NA,72.527,NA,1.693,44.807,26.193
01/28/2024 09:00:00 PM,695.154,27.187,0.726,257.304,71.463,0,0,NA,NA,NA,NA,66.191,NA,1.985,41.906,22.826
01/28/2024 10:00:00 PM,695.575,27.099,0.814,18.825,72.139,0,0,NA,NA,NA,NA,55.903,NA,3.032,46.223,24.742
01/28/2024 11:00:00 PM,695.673,26.751,0.847,323.3,73.812,0,0,NA,NA,NA,NA,35.675,NA,6.68,51.836,27.135
01/29/2024 12:00:00 AM,695.561,26.333,0.71,269.066,75.737,0,0,NA,NA,NA,NA,19.722,NA,12.888,55.868,28.871
01/29/2024 01:00:00 AM,695.279,25.909,0.804,76.003,77.112,0,0,NA,NA,NA,NA,21.653,NA,9.116,53.933,28.444
01/29/2024 02:00:00 AM,694.771,25.605,0.949,112.362,77.458,0,0,NA,NA,NA,NA,28.876,NA,5.881,42.839,24.784
01/29/2024 03:00:00 AM,694.373,25.334,1.291,49.134,75.589,0,0,NA,NA,NA,NA,37.715,NA,2.315,33.271,20.836
01/29/2024 04:00:00 AM,694.177,24.8,1.403,80.389,74.549,0,0,NA,NA,NA,NA,30.849,NA,1.56,26.459,19.015
01/29/2024 05:00:00 AM,694.308,24.565,1.273,93.653,73.044,0,0,NA,NA,NA,NA,27.714,NA,1.564,24.173,18.31
01/29/2024 06:00:00 AM,694.809,24.215,1.331,155.85,77.602,0,0,NA,NA,NA,NA,8.58,NA,10.081,38.742,24.496
01/29/2024 07:00:00 AM,695.169,24.17,1.133,340.545,78.316,7.378,0,NA,NA,NA,NA,11.362,NA,6.76,43.267,25.027
01/29/2024 08:00:00 AM,695.619,24.784,1.185,46.169,74.575,124.377,0,NA,NA,NA,NA,20.213,NA,3.14,48.724,24.126
01/29/2024 09:00:00 AM,695.864,26.803,1.216,7.056,63.422,307.045,0,NA,NA,NA,NA,25.546,NA,0.994,33.669,20.564
01/29/2024 10:00:00 AM,695.811,28.426,1.297,292.251,61.953,471.346,0,NA,NA,NA,NA,63.569,NA,1.452,45.096,26.262
01/29/2024 11:00:00 AM,695.267,29.194,3.203,327.015,60.181,592.292,0,NA,NA,NA,NA,87.654,NA,0.864,41.357,26.129
01/29/2024 12:00:00 PM,694.638,29.639,4.19,345.709,58.773,397.09,0,NA,NA,NA,NA,71.621,NA,0.47,34.996,20.97
01/29/2024 01:00:00 PM,694.085,29.124,5.705,339.014,60.779,384.894,0,NA,NA,NA,NA,68.082,NA,0.328,32.085,19.419
01/29/2024 02:00:00 PM,693.486,29.344,4.996,336.983,61.216,428.039,0,NA,NA,NA,NA,72.136,NA,0.396,32.319,19.514
01/29/2024 03:00:00 PM,692.965,29.343,5.78,325.35,61.815,296.251,0,NA,NA,NA,NA,75.748,NA,-999,30.172,19.287
01/29/2024 04:00:00 PM,692.838,28.795,5.588,329.388,63.452,217.129,0,NA,NA,NA,NA,72.117,NA,0.484,30.96,19.425
01/29/2024 05:00:00 PM,693.05,28.804,3.956,325.613,63.77,153.168,0,NA,NA,NA,NA,68.897,NA,0.486,30.141,18.973
01/29/2024 06:00:00 PM,693.32,28.67,3.201,313.455,63.84,98.442,0,NA,NA,NA,NA,70.414,NA,0.87,30.252,19.647
01/29/2024 07:00:00 PM,693.737,27.671,2.996,331.877,67.734,1.208,0,NA,NA,NA,NA,63.994,NA,1.605,36.316,22.36
01/29/2024 08:00:00 PM,694.202,27,1.94,351.006,69.09,0,0,NA,NA,NA,NA,56.06,NA,1.836,40.432,22.533
01/29/2024 09:00:00 PM,694.721,26.52,1.21,295.529,70.348,0,0,NA,NA,NA,NA,53.729,NA,2.016,42.013,22.738
01/29/2024 10:00:00 PM,695.018,26.028,1.264,69.24,73.568,0,0,NA,NA,NA,NA,39.654,NA,2.62,40.13,22.628
01/29/2024 11:00:00 PM,695.361,25.673,1.48,358.677,75.422,0,0,NA,NA,NA,NA,35.124,NA,3.57,38.614,22.331
01/30/2024 12:00:00 AM,695.513,25.288,1.099,351.235,79.172,0,0,NA,NA,NA,NA,45.299,NA,3.052,36.97,21.308
01/30/2024 01:00:00 AM,695.286,25.229,0.699,69.273,79.887,0,0,NA,NA,NA,NA,43.622,NA,2.498,35.569,21.103
01/30/2024 02:00:00 AM,694.807,25.14,1.055,18.977,80.136,0,0,NA,NA,NA,NA,46.188,NA,3.288,33.332,20.783
01/30/2024 03:00:00 AM,694.409,24.815,0.907,267.561,81.25,0,0,NA,NA,NA,NA,30.573,NA,7.768,34.472,20.821
01/30/2024 04:00:00 AM,694.358,24.125,1.402,304.178,83.665,0,0,NA,NA,NA,NA,34.123,NA,3.336,33.121,21.51
01/30/2024 05:00:00 AM,694.59,24.206,1.475,34.485,83.069,0,0,NA,NA,NA,NA,38.922,NA,3.907,27.857,19.229
01/30/2024 06:00:00 AM,695.185,23.556,1.228,326.532,85.402,0,1,NA,NA,NA,NA,32.861,NA,2.712,27.534,18.984
01/30/2024 07:00:00 AM,695.555,22.496,0.894,154.274,91.978,5.848,1.6,NA,NA,NA,NA,10.059,NA,6.509,24.658,19.171
01/30/2024 08:00:00 AM,695.961,22.623,0.945,314.326,94.293,118.094,0,NA,NA,NA,NA,9.223,NA,8.413,26.803,21.373
01/30/2024 09:00:00 AM,696.404,23.93,1.11,289.736,89.613,142.212,0,NA,NA,NA,NA,20.841,NA,6.658,29.541,22.692
01/30/2024 10:00:00 AM,696.621,24.481,0.96,271.705,85.887,150.977,0,NA,NA,NA,NA,32.125,NA,4.843,36.075,24.489
01/30/2024 11:00:00 AM,696.457,25.688,2.343,11.566,79.779,338.929,0,NA,NA,NA,NA,44.107,NA,3.887,30.404,20.858
01/30/2024 12:00:00 PM,695.832,26.381,3.543,330.803,75.895,323.011,0,NA,NA,NA,NA,53.473,NA,2.472,29.393,19.333
01/30/2024 01:00:00 PM,695.087,28.067,3.774,339.067,68.898,613.253,0,NA,NA,NA,NA,60.486,NA,2.086,27.013,19.201
01/30/2024 02:00:00 PM,694.28,28.871,3.978,310.134,64.251,433.098,0,NA,NA,NA,NA,64.464,NA,1.397,25.412,18.441
01/30/2024 03:00:00 PM,693.572,29.545,4.446,312.847,62.185,490.567,0.2,NA,NA,NA,NA,64.774,NA,1.568,26.552,18.399
01/30/2024 04:00:00 PM,693.322,29.81,4.266,327.045,61.349,366.914,0,NA,NA,NA,NA,63.512,NA,0.914,26.852,18.742
01/30/2024 05:00:00 PM,693.28,29.578,3.8,315.209,62.789,248.932,0,NA,NA,NA,NA,64.476,NA,1.232,29.487,20.35
01/30/2024 06:00:00 PM,693.539,28.548,3.312,309.29,66.84,106.736,0,NA,NA,NA,NA,67.163,NA,1.505,29.144,20.445
01/30/2024 07:00:00 PM,693.946,27.204,2.583,322.792,72.462,1.482,0,NA,NA,NA,NA,62.141,NA,1.952,28.301,18.946
01/30/2024 08:00:00 PM,694.361,26.364,2.024,321.91,76.069,0,0,NA,NA,NA,NA,54.078,NA,2.58,31.351,19.116
01/30/2024 09:00:00 PM,694.988,25.796,1.199,0.883,78.542,0,0,NA,NA,NA,NA,25.861,NA,4.07,38.592,23.126
01/30/2024 10:00:00 PM,695.749,25.094,1.243,95.783,80.848,0,0,NA,NA,NA,NA,22.439,NA,3.464,32.066,20.106
01/30/2024 11:00:00 PM,695.999,24.819,1.396,80.001,81.263,0,0,NA,NA,NA,NA,17.573,NA,3.151,30.492,19.365
01/31/2024 12:00:00 AM,695.901,24.742,1.72,79.337,80.522,0,0,NA,NA,NA,NA,17.039,NA,2.553,28.174,18.063
01/31/2024 01:00:00 AM,695.552,24.74,1.318,66.942,80.7,0,0,NA,NA,NA,NA,12.526,NA,2.276,26.924,17.684
01/31/2024 02:00:00 AM,695.19,24.649,1.001,107.057,80.953,0,0,NA,NA,NA,NA,9.713,NA,2.349,24.458,16.959
01/31/2024 03:00:00 AM,695.01,24.318,0.989,48.112,82.935,0,0,NA,NA,NA,NA,6.03,NA,3.371,26.513,18.459
01/31/2024 04:00:00 AM,694.738,23.712,0.863,321.748,86.917,0,0,NA,NA,NA,NA,3.926,NA,7.537,28.948,20.801
01/31/2024 05:00:00 AM,694.915,23.524,1.344,23.272,84.449,0,1.2,NA,NA,NA,NA,5.615,NA,1.999,24.307,17.308
01/31/2024 06:00:00 AM,695.328,22.608,0.916,143.156,89.462,0,0.2,NA,NA,NA,NA,3.926,NA,1.604,23.686,17.747
01/31/2024 07:00:00 AM,695.583,22.887,1.235,110.396,84.877,7.33,0,NA,NA,NA,NA,3.926,NA,1.52,25.496,18.477
01/31/2024 08:00:00 AM,696.048,23.665,1.182,111.329,80.587,141.487,0,NA,NA,NA,NA,4.624,NA,1.031,48.854,23.72
01/31/2024 09:00:00 AM,696.415,26.311,1.026,110.356,71.774,315.813,0,NA,NA,NA,NA,14.603,NA,0.751,55.904,24.038
01/31/2024 10:00:00 AM,696.409,27.414,2.155,28.529,69.687,455.026,0,NA,NA,NA,NA,40.868,NA,0.446,37.39,23.9
01/31/2024 11:00:00 AM,695.986,27.624,2.954,14.989,71.447,497.188,0,NA,NA,NA,NA,60.571,NA,0.738,34.435,25.121
01/31/2024 12:00:00 PM,695.339,28.506,4.525,322.476,67.847,499.057,0,NA,NA,NA,NA,65.466,NA,0.33,32.892,23.783
01/31/2024 01:00:00 PM,694.795,28.601,5.092,321.997,68.54,404.356,0,NA,NA,NA,NA,68.444,NA,0.591,32.67,23.372
01/31/2024 02:00:00 PM,694.265,29.228,5.518,334.434,66.003,553.287,0,NA,NA,NA,NA,67.141,NA,0.408,33.148,23.245
01/31/2024 03:00:00 PM,693.674,29.751,4.503,305.532,63.807,474.665,0,NA,NA,NA,NA,69.558,NA,-999,32.24,22.309
01/31/2024 04:00:00 PM,693.325,30.29,4.41,325.94,61.445,398.009,0,NA,NA,NA,NA,72.525,NA,-999,30.821,20.478
01/31/2024 05:00:00 PM,693.121,29.992,4.151,306.505,62.881,267.46,0,NA,NA,NA,NA,74.945,NA,-999,29.211,19.666
01/31/2024 06:00:00 PM,693.224,29.101,3.23,309.324,66.547,121.22,0,NA,NA,NA,NA,72.088,NA,0.336,31.171,20.344
01/31/2024 07:00:00 PM,693.799,27.83,2.872,329.032,71.361,1.949,0,NA,NA,NA,NA,65.767,NA,0.626,34.522,21.2
01/31/2024 08:00:00 PM,694.408,27.247,1.952,337.558,73.354,0,0,NA,NA,NA,NA,55.889,NA,0.971,35.478,21.927
01/31/2024 09:00:00 PM,694.821,26.88,1.147,323.089,73.934,0,0,NA,NA,NA,NA,56.079,NA,0.626,35.542,22.745
01/31/2024 10:00:00 PM,695.205,26.591,0.939,269.251,75.761,0,0,NA,NA,NA,NA,55.342,NA,1.355,35.144,22.438
01/31/2024 11:00:00 PM,695.325,26.205,1.251,357.989,78.016,0,0,NA,NA,NA,NA,46.494,NA,1.747,37.998,23.266
02/01/2024 12:00:00 AM,695.433,25.901,1.286,300.449,79.844,0,0,NA,NA,NA,NA,37.962,NA,1.97,37.88,23.424
02/01/2024 01:00:00 AM,695.373,24.12,1.438,4.991,89.051,0,3.6,NA,NA,NA,NA,38.642,NA,1.567,26.759,20.433
02/01/2024 02:00:00 AM,695.171,22.919,1.731,126.107,96.116,0,34.2,NA,NA,NA,NA,34.857,NA,2.382,20.159,16.124
02/01/2024 03:00:00 AM,694.879,22.306,1.527,71.41,97.765,0,11.4,NA,NA,NA,NA,32.515,NA,2.532,9.657,8.319
02/01/2024 04:00:00 AM,694.687,22.1,1.011,259.044,98.173,0,0,NA,NA,NA,NA,22.631,NA,4.019,12.571,9.268
02/01/2024 05:00:00 AM,694.808,21.754,0.77,75.776,98.279,0,0.2,NA,NA,NA,NA,16.482,NA,3.146,12.667,7.947
02/01/2024 06:00:00 AM,695.091,21.798,0.905,175.798,98.474,0,5,NA,NA,NA,NA,11.057,NA,2.223,15.041,10.256
02/01/2024 07:00:00 AM,695.605,21.859,0.689,144.447,98.556,1.707,0,NA,NA,NA,NA,5.427,NA,2.617,18.543,12.943
02/01/2024 08:00:00 AM,696.158,21.695,0.935,87.616,98.359,6.38,0,NA,NA,NA,NA,3.926,NA,2.673,39.527,18.626
02/01/2024 09:00:00 AM,696.787,22.343,0.652,96.162,94.89,29.628,0.4,NA,NA,NA,NA,3.926,NA,2.176,52.497,23.548
02/01/2024 10:00:00 AM,697.002,22.8,1.027,212.356,94.701,33.591,0.2,NA,NA,NA,NA,3.995,NA,3.81,35.876,25.035
02/01/2024 11:00:00 AM,696.887,23.362,1.083,188.589,94.158,120.027,0,NA,NA,NA,NA,8.856,NA,4.295,43.438,27.288
02/01/2024 12:00:00 PM,696.134,24.233,1.12,280.816,91.058,184.569,0,NA,NA,NA,NA,19.393,NA,2.794,42.049,27.549
02/01/2024 01:00:00 PM,695.552,25.367,1.958,280.339,84.334,289.806,0,NA,NA,NA,NA,36.596,NA,2.52,35.427,23.843
02/01/2024 02:00:00 PM,694.71,26.683,3.235,359.511,77.183,561.085,0,NA,NA,NA,NA,45.783,NA,1.373,32.396,21.165
02/01/2024 03:00:00 PM,693.969,27.651,3.444,327.408,72.132,340.411,0,NA,NA,NA,NA,53.093,NA,0.728,30.183,21.061
02/01/2024 04:00:00 PM,693.496,27.593,4.172,330.479,73.77,310.686,0,NA,NA,NA,NA,55.483,NA,0.405,29.894,20.324
02/01/2024 05:00:00 PM,693.431,28.218,3.079,304.835,67.493,236.64,0,NA,NA,NA,NA,55.816,NA,0.35,29.453,20.763
02/01/2024 06:00:00 PM,693.609,27.539,2.744,324.906,71.286,88.594,0,NA,NA,NA,NA,55.092,NA,0.432,30.742,21.174
02/01/2024 07:00:00 PM,694.338,26.129,1.47,314.618,79.287,2.142,0,NA,NA,NA,NA,47.044,NA,0.703,32.548,21.271
02/01/2024 08:00:00 PM,694.952,25.57,1.499,339.087,81.846,0,0,NA,NA,NA,NA,44.828,NA,1.037,36.203,24.172
02/01/2024 09:00:00 PM,695.516,24.669,2.559,327.856,82.028,0,0,NA,NA,NA,NA,40.302,NA,1.607,27.14,17.956
02/01/2024 10:00:00 PM,695.545,24,1.066,346.079,82.994,0,0,NA,NA,NA,NA,27.955,NA,2.615,27.623,16.791
02/01/2024 11:00:00 PM,695.605,23.467,0.939,33.316,84.977,0,0,NA,NA,NA,NA,20.35,NA,1.367,26.611,16.684
02/02/2024 12:00:00 AM,695.862,23.052,0.98,153.738,88.133,0,0,NA,NA,NA,NA,5.868,NA,2.27,31.727,18.731
02/02/2024 01:00:00 AM,695.658,22.971,0.915,113.126,88.936,0,0,NA,NA,NA,NA,4.872,NA,2.482,30.564,18.644
02/02/2024 02:00:00 AM,695.25,22.614,0.734,28.638,89.111,0,0,NA,NA,NA,NA,5.755,NA,1.18,24.954,15.244
02/02/2024 03:00:00 AM,694.953,22.707,0.828,281.755,89.44,0,0,NA,NA,NA,NA,3.926,NA,1.912,25.302,14.984
02/02/2024 04:00:00 AM,694.541,22.367,1.172,126.241,89.02,0,0,NA,NA,NA,NA,3.926,NA,1.663,23.763,13.425
02/02/2024 05:00:00 AM,694.422,22.507,1.085,47.354,84.713,0,0,NA,NA,NA,NA,4.931,NA,0.577,15.878,8.887
02/02/2024 06:00:00 AM,694.879,21.997,0.697,9.325,89.238,0,0,NA,NA,NA,NA,3.926,NA,2.208,25.677,12.557
02/02/2024 07:00:00 AM,695.201,22.108,0.987,359.316,86.786,7.185,0,NA,NA,NA,NA,3.926,NA,1.699,29.076,13.57
02/02/2024 08:00:00 AM,695.614,22.539,1.318,124.304,84.305,68.971,0,NA,NA,NA,NA,3.926,NA,3.156,47.611,15.802
02/02/2024 09:00:00 AM,696.211,23.448,0.984,83.788,83.059,106.929,0,NA,NA,NA,NA,4.369,NA,1.103,40.833,16.894
02/02/2024 10:00:00 AM,696.281,25.139,1.263,71.661,77.556,280.752,0,NA,NA,NA,NA,13.618,NA,0.864,43.355,19.686
02/02/2024 11:00:00 AM,696.15,26.311,1.94,346.545,76.069,324.01,0,NA,NA,NA,NA,35.861,NA,-999,33.364,21.501
02/02/2024 12:00:00 PM,695.524,26.749,2.73,331.04,74.991,457.813,0,NA,NA,NA,NA,57.118,NA,-999,27.909,20.564
02/02/2024 01:00:00 PM,694.723,27.864,3.957,315.104,70.387,543.959,0,NA,NA,NA,NA,57.632,NA,-999,24.247,17.727
02/02/2024 02:00:00 PM,693.984,27.643,4.45,325.873,73.068,342.022,0,NA,NA,NA,NA,57.187,NA,-999,23.62,16.465
02/02/2024 03:00:00 PM,693.337,27.448,4.738,339.696,74.116,274.645,0,NA,NA,NA,NA,53.673,NA,-999,24.194,17.159
02/02/2024 04:00:00 PM,692.986,27.11,4.451,351.242,75.006,146.143,0,NA,NA,NA,NA,53.393,NA,-999,25.933,17.746
02/02/2024 05:00:00 PM,693.099,26.669,3.467,330.187,78.116,122.025,0,NA,NA,NA,NA,49.669,NA,-999,28.595,18.524
02/02/2024 06:00:00 PM,693.251,25.93,4.006,353.263,80.249,93.513,0,NA,NA,NA,NA,49.436,NA,-999,24.139,16.724
02/02/2024 07:00:00 PM,693.741,25.245,2.506,333.984,82.734,0.128,0,NA,NA,NA,NA,42.116,NA,0.379,27.62,17.97
02/02/2024 08:00:00 PM,694.419,24.674,1.952,324.38,85.245,0,0,NA,NA,NA,NA,39.468,NA,0.611,29.71,18.651
02/02/2024 09:00:00 PM,695.127,24.553,1.032,326.759,86.104,0,0,NA,NA,NA,NA,37.73,NA,1.1,27.405,17.987
02/02/2024 10:00:00 PM,695.632,24.258,1.326,43.267,87.736,0,0,NA,NA,NA,NA,31.169,NA,0.81,28.052,18.658
02/02/2024 11:00:00 PM,695.689,24.127,1.601,31.861,88.078,0,0,NA,NA,NA,NA,28.066,NA,0.964,26.866,18.415
02/03/2024 12:00:00 AM,695.687,23.728,1.075,340.963,91.053,0,0,NA,NA,NA,NA,22.647,NA,1.409,28.216,18.956
02/03/2024 01:00:00 AM,695.345,23.548,1.104,8.495,90.941,0,0,NA,NA,NA,NA,18.258,NA,1.177,25.594,17.091
02/03/2024 02:00:00 AM,694.972,23.429,1.103,54.185,90.726,0,0,NA,NA,NA,NA,25.429,NA,0.441,22.509,15.725
02/03/2024 03:00:00 AM,694.835,23.128,1.012,70.317,91.727,0,0,NA,NA,NA,NA,17.33,NA,0.319,21.904,14.839
02/03/2024 04:00:00 AM,694.571,22.983,1.254,89.413,89.953,0,0,NA,NA,NA,NA,14.623,NA,-999,17.096,10.834
02/03/2024 05:00:00 AM,694.693,22.913,1.011,97.739,89.751,0,0,NA,NA,NA,NA,14.256,NA,0.513,15.947,10.477
02/03/2024 06:00:00 AM,695.02,22.602,1.393,63.674,90.672,0,0,NA,NA,NA,NA,11.248,NA,0.34,16.507,9.557
02/03/2024 07:00:00 AM,695.486,22.74,1.042,100.823,90.436,3.689,0,NA,NA,NA,NA,8.208,NA,0.551,18.889,11.206
02/03/2024 08:00:00 AM,695.779,22.733,0.903,33,90.628,15.917,0,NA,NA,NA,NA,9.513,NA,0.659,33.531,13.312
02/03/2024 09:00:00 AM,696.524,22.612,1.704,21.549,91.746,11.25,0,NA,NA,NA,NA,6.208,NA,1.23,28.667,14.351
02/03/2024 10:00:00 AM,696.906,21.643,1.512,352.824,92.785,19.462,2.4,NA,NA,NA,NA,20.606,NA,1.055,31.71,10.031
02/03/2024 11:00:00 AM,696.532,21.958,1.176,139.869,94.159,46.126,0.2,NA,NA,NA,NA,12.132,NA,0.75,28.567,10.607
02/03/2024 12:00:00 PM,695.688,22.853,1.998,123.64,93.107,143.131,0.4,NA,NA,NA,NA,12.401,NA,3.415,32.138,16.175
02/03/2024 01:00:00 PM,695.045,24.426,1.539,0.729,87.411,215.84,0,NA,NA,NA,NA,29.817,NA,1.112,25.585,15.493
02/03/2024 02:00:00 PM,694.491,24.954,2.674,354.165,83.752,281.88,0,NA,NA,NA,NA,50.128,NA,1.125,23.232,14.471
02/03/2024 03:00:00 PM,693.755,25.34,3.407,332.282,82.534,334.16,0,NA,NA,NA,NA,55.257,NA,-999,13.285,8.506
02/03/2024 04:00:00 PM,693.131,26.35,3.176,343.738,77.141,338.977,0,NA,NA,NA,NA,54.125,NA,-999,12.561,6.926
02/03/2024 05:00:00 PM,692.92,26.661,3.001,348.957,75.436,205.529,0,NA,NA,NA,NA,52.865,NA,-999,10.514,6.237
02/03/2024 06:00:00 PM,693.128,26.446,2.939,332.386,76.489,135.913,0,NA,NA,NA,NA,52.107,NA,-999,10.341,5.883
02/03/2024 07:00:00 PM,693.455,25.256,1.891,345.385,82.384,2.207,0,NA,NA,NA,NA,35.492,NA,1.478,13.641,7.521
02/03/2024 08:00:00 PM,693.874,24.128,1.803,12.643,87.675,0,0,NA,NA,NA,NA,17.535,NA,0.975,14.594,8.5
02/03/2024 09:00:00 PM,694.283,23.754,0.922,32.529,89.056,0,0,NA,NA,NA,NA,17.632,NA,0.644,16.077,9.138
02/03/2024 10:00:00 PM,694.595,23.201,0.876,261.062,89.85,0,0,NA,NA,NA,NA,6.315,NA,0.731,23.185,11.627
02/03/2024 11:00:00 PM,695.008,22.694,1.4,0.498,87.504,0,0,NA,NA,NA,NA,5.625,NA,0.995,22.283,11.38
02/04/2024 12:00:00 AM,695.1,22.662,1.144,98.56,83.86,0,0,NA,NA,NA,NA,8.122,NA,-999,16.817,8.788
02/04/2024 01:00:00 AM,694.792,22.791,0.83,72.409,82.73,0,0,NA,NA,NA,NA,6.624,NA,1.956,16.96,8.833
02/04/2024 02:00:00 AM,694.243,22.199,0.967,97.285,88.038,0,0,NA,NA,NA,NA,3.926,NA,4.325,20.557,10.522
02/04/2024 03:00:00 AM,693.845,21.758,0.816,108.581,90.237,0,0,NA,NA,NA,NA,3.926,NA,3.802,19.716,10.231
02/04/2024 04:00:00 AM,693.6,21.171,0.726,93.886,93.557,0,0,NA,NA,NA,NA,3.926,NA,4.431,21.676,10.807
02/04/2024 05:00:00 AM,693.657,20.961,0.969,118.37,92.328,0,0,NA,NA,NA,NA,3.926,NA,3.832,20.265,9.637
02/04/2024 06:00:00 AM,693.951,20.896,0.776,47.519,93.046,0,0,NA,NA,NA,NA,3.926,NA,5.375,22.419,11.099
02/04/2024 07:00:00 AM,694.516,21.293,0.826,71.318,86.833,9.714,0,NA,NA,NA,NA,3.926,NA,2.071,17.736,7.951
02/04/2024 08:00:00 AM,694.971,22.317,0.995,288.21,86.108,100.887,0,NA,NA,NA,NA,3.926,NA,4.747,23.963,12.186
02/04/2024 09:00:00 AM,695.235,24.786,0.909,24.417,76.511,306.707,0,NA,NA,NA,NA,6.432,NA,2.83,20.086,10.192
02/04/2024 10:00:00 AM,695.165,25.256,1.844,281.596,78.121,280.22,0,NA,NA,NA,NA,19.004,NA,4.064,26.618,15.804
02/04/2024 11:00:00 AM,694.846,26.547,2.178,338.742,74.448,413.072,0,NA,NA,NA,NA,49.722,NA,2.044,28.112,18.138
02/04/2024 12:00:00 PM,694.338,28.161,3.579,193.212,67.774,445.746,0,NA,NA,NA,NA,68.875,NA,1.095,18.132,11.563
02/04/2024 01:00:00 PM,693.712,27.979,5.073,335.575,69.335,445.31,0,NA,NA,NA,NA,71.963,NA,0.442,16.535,10.744
02/04/2024 02:00:00 PM,693.218,27.578,4.385,321.203,70.873,396.413,0,NA,NA,NA,NA,65.043,NA,0.676,12.234,7.744
02/04/2024 03:00:00 PM,692.441,28.148,4.414,312.802,68.472,516.183,0,NA,NA,NA,NA,59.603,NA,0.728,11.01,7.817
02/04/2024 04:00:00 PM,692.003,28.3,4.153,318.174,68.49,286.407,0,NA,NA,NA,NA,59.928,NA,0.54,10.822,7.719
02/04/2024 05:00:00 PM,692.243,27.35,4.149,339.466,73.634,177.705,0,NA,NA,NA,NA,63.056,NA,0.606,11.296,7.243
02/04/2024 06:00:00 PM,692.478,26.768,3.526,336.571,76.388,50.733,0,NA,NA,NA,NA,64.918,NA,0.972,12.824,7.664
02/04/2024 07:00:00 PM,692.963,25.914,1.688,325.841,80.43,0.821,0,NA,NA,NA,NA,58.718,NA,1.21,15.26,9.189
02/04/2024 08:00:00 PM,693.509,25.336,1.128,292.204,83.032,0,0,NA,NA,NA,NA,49.271,NA,1.637,18.187,11.565
02/04/2024 09:00:00 PM,693.777,25.092,1.101,351.084,83.968,0,0,NA,NA,NA,NA,39.555,NA,1.847,17.254,10.66
02/04/2024 10:00:00 PM,694.28,24.588,0.834,344.079,86.288,0,0,NA,NA,NA,NA,16.19,NA,3.223,23.907,13.059
02/04/2024 11:00:00 PM,694.539,23.915,1.15,253.147,88.898,0,0,NA,NA,NA,NA,12.016,NA,3.142,23.777,13.033
02/05/2024 12:00:00 AM,694.655,23.761,1.045,101.99,87.645,0,0,NA,NA,NA,NA,14.931,NA,2.704,20.988,11.647
02/05/2024 01:00:00 AM,694.082,23.715,1.166,116.68,82.498,0,0,NA,NA,NA,NA,17.966,NA,1.291,14.176,8.098
02/05/2024 02:00:00 AM,693.527,23.111,0.808,17.215,87.392,0,0,NA,NA,NA,NA,3.926,NA,3.013,18.252,9.597
02/05/2024 03:00:00 AM,693.378,22.706,0.994,117.033,88.258,0,0,NA,NA,NA,NA,8.324,NA,1.599,16.923,9.196
02/05/2024 04:00:00 AM,693.28,22.168,0.921,159.013,88.87,0,0,NA,NA,NA,NA,6.014,NA,2.103,15.103,8.156
02/05/2024 05:00:00 AM,693.391,22.126,1.148,94.095,86.27,0,0,NA,NA,NA,NA,7.112,NA,1.324,14.027,7.052
02/05/2024 06:00:00 AM,693.825,22.181,0.969,324.239,84.556,0,0,NA,NA,NA,NA,3.926,NA,1.226,17.341,9.897
02/05/2024 07:00:00 AM,694.239,22.087,1.018,48.677,84.131,3.141,0,NA,NA,NA,NA,3.926,NA,2.419,18.342,8.972
02/05/2024 08:00:00 AM,694.834,22.857,0.842,144.087,85.019,44.579,0,NA,NA,NA,NA,3.926,NA,4.843,30.646,13.881
02/05/2024 09:00:00 AM,695.445,23.015,1.045,257.015,85.949,65.169,0,NA,NA,NA,NA,3.926,NA,6.411,40.316,16.53
02/05/2024 10:00:00 AM,695.424,23.125,1.979,243.173,91.318,101.435,0,NA,NA,NA,NA,4.044,NA,5.477,48.239,23.229
02/05/2024 11:00:00 AM,695.366,23.753,1.944,201.679,89.928,151.202,0,NA,NA,NA,NA,18.899,NA,2.578,34.632,20.303
02/05/2024 12:00:00 PM,695.063,24.733,1.563,255.623,85.74,165.058,0,NA,NA,NA,NA,28.509,NA,2.334,30.196,17.629
02/05/2024 01:00:00 PM,694.233,26.149,1.388,355.529,77.881,258.067,0,NA,NA,NA,NA,47.658,NA,1.146,25.925,15.513
02/05/2024 02:00:00 PM,693.005,28.3,1.699,6.225,67.181,553.948,0,NA,NA,NA,NA,66.046,NA,1.164,23.38,13.051
02/05/2024 03:00:00 PM,691.982,29.696,3.068,300.464,60.282,508.869,0,NA,NA,NA,NA,60.687,NA,0.48,17.216,10.051
02/05/2024 04:00:00 PM,691.52,29.255,4.129,324.132,62.99,236.736,0,NA,NA,NA,NA,59.308,NA,-999,16.072,10.947
02/05/2024 05:00:00 PM,691.716,28.638,3.512,323.6,69.731,127.1,0,NA,NA,NA,NA,50.879,NA,0.461,19.03,12.847
02/05/2024 06:00:00 PM,692.135,27.05,4.422,342.328,76.336,45.459,0,NA,NA,NA,NA,48.004,NA,0.631,17.271,11.679
02/05/2024 07:00:00 PM,692.914,25.992,2.375,335.98,80.082,0.612,0,NA,NA,NA,NA,44.38,NA,0.857,18.672,11.506
02/05/2024 08:00:00 PM,693.687,25.375,2.065,325.537,82.985,0,0,NA,NA,NA,NA,38.688,NA,0.891,18.501,11.816
02/05/2024 09:00:00 PM,694.479,24.853,1.671,315.385,83.277,0,0,NA,NA,NA,NA,31.068,NA,1.679,20.881,13.021
02/05/2024 10:00:00 PM,695.029,24.296,1.497,18.148,84.921,0,0,NA,NA,NA,NA,27.469,NA,1.717,25.003,15.543
02/05/2024 11:00:00 PM,695.274,24.113,1.616,46.206,85.516,0,0,NA,NA,NA,NA,25,NA,1.551,22.844,13.322
02/06/2024 12:00:00 AM,695.157,23.978,0.873,132.886,86.987,0,0,NA,NA,NA,NA,26.04,NA,1.521,21.099,13.308
02/06/2024 01:00:00 AM,694.789,23.606,0.781,49.544,88.934,0,0,NA,NA,NA,NA,25.309,NA,2.718,19.762,13.88
02/06/2024 02:00:00 AM,694.673,23.032,0.745,44.569,89.904,0,0,NA,NA,NA,NA,9.32,NA,3.575,20.177,12.291
02/06/2024 03:00:00 AM,694.243,22.814,0.801,75.306,89.48,0,0,NA,NA,NA,NA,9.372,NA,3.634,17.94,10.838
02/06/2024 04:00:00 AM,694.219,22.261,0.904,294.572,92.494,0,0,NA,NA,NA,NA,3.926,NA,5.611,23.675,13.634
02/06/2024 05:00:00 AM,694.319,22.223,1.074,70.591,90.246,0,0,NA,NA,NA,NA,4.691,NA,4.187,21.183,12.458
02/06/2024 06:00:00 AM,694.596,22.369,1.166,276.578,86.772,0,0,NA,NA,NA,NA,3.926,NA,5.7,19.307,11.252
02/06/2024 07:00:00 AM,695.202,22.229,0.877,251.96,85.026,6.782,0,NA,NA,NA,NA,3.926,NA,4.388,24.209,11.692
02/06/2024 08:00:00 AM,695.863,22.728,0.904,18.393,82.863,43.934,0,NA,NA,NA,NA,3.926,NA,4.248,34.309,12.059
02/06/2024 09:00:00 AM,696.352,23.358,1.014,276.221,83.786,103.997,0,NA,NA,NA,NA,3.926,NA,5.087,39.777,16.02
02/06/2024 10:00:00 AM,696.764,24.608,1.345,14.861,79.732,245.307,0,NA,NA,NA,NA,7.6,NA,4.492,46.132,17.029
02/06/2024 11:00:00 AM,696.505,26.607,1.687,326.657,74.908,450.933,0,NA,NA,NA,NA,38.714,NA,3.541,31.65,19.644
02/06/2024 12:00:00 PM,695.801,28.418,1.38,45.943,65.05,321.674,0,NA,NA,NA,NA,71.117,NA,2.942,26.752,16.367
02/06/2024 01:00:00 PM,694.98,29.996,1.844,331.584,58.587,586.106,0,NA,NA,NA,NA,78.838,NA,2.435,22.312,12.668
02/06/2024 02:00:00 PM,694.12,29.679,4.1,337.46,61.414,532.101,0,NA,NA,NA,NA,70.68,NA,1.315,16.02,9.599
02/06/2024 03:00:00 PM,693.411,29.298,4.317,296.889,64.665,453.141,0,NA,NA,NA,NA,63.336,NA,1.353,15.207,8.729
02/06/2024 04:00:00 PM,693.043,27.842,4.255,325.523,70.832,105.076,0,NA,NA,NA,NA,57.776,NA,1.616,15.576,9.282
02/06/2024 05:00:00 PM,693.291,26.674,3.502,344.028,75.277,46.689,0,NA,NA,NA,NA,52.971,NA,2.686,15.9,9.859
02/06/2024 06:00:00 PM,693.935,26.17,2.82,334.971,78.381,16.078,0,NA,NA,NA,NA,52.269,NA,2.276,16.898,10.447
02/06/2024 07:00:00 PM,694.258,25.159,2.04,320.368,83.135,1.208,0.2,NA,NA,NA,NA,40.382,NA,2.292,17.574,9.85
02/06/2024 08:00:00 PM,694.292,23.572,1.709,239.776,89.64,0,0.2,NA,NA,NA,NA,19.827,NA,3.691,15.295,8.816
02/06/2024 09:00:00 PM,695.063,23.409,0.928,115.299,89.106,0,0,NA,NA,NA,NA,24.836,NA,3.391,14.894,8.907
02/06/2024 10:00:00 PM,695.587,23.45,0.984,103.277,90.248,0,0,NA,NA,NA,NA,11.61,NA,3.687,19.885,10.917
02/06/2024 11:00:00 PM,695.96,23.489,1.133,114.099,89.22,0,0,NA,NA,NA,NA,17.242,NA,3.526,16.929,10.125
02/07/2024 12:00:00 AM,695.868,23.456,1.064,69.867,89.197,0,0,NA,NA,NA,NA,13.803,NA,3.466,16.539,8.731
02/07/2024 01:00:00 AM,695.598,23.362,1.111,95.518,89.313,0,0,NA,NA,NA,NA,19.41,NA,1.831,11.998,7.176
02/07/2024 02:00:00 AM,695.234,22.955,0.913,307.644,90.47,0,0,NA,NA,NA,NA,6.806,NA,2.626,16.592,8.309
02/07/2024 03:00:00 AM,694.91,22.509,0.947,304.354,91.837,0,0,NA,NA,NA,NA,4.266,NA,2.512,15.942,7.822
02/07/2024 04:00:00 AM,694.906,22.212,1.054,274.808,92.397,0,0,NA,NA,NA,NA,3.926,NA,2.442,15.048,7.318
02/07/2024 05:00:00 AM,694.9,22.383,0.941,73.575,91.298,0,0,NA,NA,NA,NA,3.926,NA,2.551,16.225,8.224
02/07/2024 06:00:00 AM,695.002,22.401,1.493,42.256,87.289,0,0,NA,NA,NA,NA,3.926,NA,1.924,15.707,6.892
02/07/2024 07:00:00 AM,695.47,22.566,1.345,114.291,85.39,1.127,0,NA,NA,NA,NA,3.926,NA,1.572,16.432,7.45
02/07/2024 08:00:00 AM,696.209,22.329,1.947,96.727,85.86,17.706,0,NA,NA,NA,NA,3.926,NA,2.034,18.046,7.603
02/07/2024 09:00:00 AM,697.317,21.539,1.724,107.019,90.985,15.112,6.8,NA,NA,NA,NA,5.222,NA,1.859,32.111,9.875
02/07/2024 10:00:00 AM,697.577,21.16,1.522,148.985,97.076,47.898,6.4,NA,NA,NA,NA,9.746,NA,2.102,14.74,6.277
02/07/2024 11:00:00 AM,697.261,21.852,1.603,316.802,97.117,274.823,0,NA,NA,NA,NA,15.287,NA,2.353,9.849,4.351
02/07/2024 12:00:00 PM,696.917,23.357,2.696,36.812,88.6,297.346,0,NA,NA,NA,NA,24.763,NA,1.751,11.775,4.131
02/07/2024 01:00:00 PM,696.326,24.948,4.003,12.652,82.133,425.124,0,NA,NA,NA,NA,35.804,NA,2.173,6.022,2.956
02/07/2024 02:00:00 PM,695.726,25.018,4.753,328.355,82.439,445.552,0,NA,NA,NA,NA,39.006,NA,1.243,6.931,4.227
02/07/2024 03:00:00 PM,695.016,25.283,4.467,327.579,81.244,411.268,0,NA,NA,NA,NA,40.77,NA,0.981,7.459,4.729
02/07/2024 04:00:00 PM,694.597,25.574,4.349,340.951,79.505,314.118,0,NA,NA,NA,NA,43.886,NA,0.915,6.222,4.048
02/07/2024 05:00:00 PM,694.521,26.045,4.094,335.148,77.717,307.093,0,NA,NA,NA,NA,47.211,NA,0.891,6.799,4.09
02/07/2024 06:00:00 PM,694.755,25.374,3.778,337.863,80.131,151.106,0,NA,NA,NA,NA,42.369,NA,0.817,7.978,4.468
02/07/2024 07:00:00 PM,695.193,23.871,3.565,329.595,86.712,0.934,0,NA,NA,NA,NA,39.352,NA,1.268,7.838,4.679
02/07/2024 08:00:00 PM,695.606,23.595,2.394,336.416,88.917,0,0,NA,NA,NA,NA,36.309,NA,2.536,10.126,5.606
02/07/2024 09:00:00 PM,696.199,22.336,2.292,347.712,93.756,0,0.2,NA,NA,NA,NA,34.581,NA,1.707,9.274,5.743
02/07/2024 10:00:00 PM,696.734,21.765,1.473,331.221,95.744,0,0.4,NA,NA,NA,NA,27.491,NA,3.037,7.877,4.832
02/07/2024 11:00:00 PM,697.055,21.688,1.058,317.756,95.953,0,0,NA,NA,NA,NA,29.494,NA,2.397,8.288,4.946
02/08/2024 12:00:00 AM,696.973,21.837,1.098,46.416,96.026,0,0,NA,NA,NA,NA,18.303,NA,4.103,13.449,7.56
02/08/2024 01:00:00 AM,696.612,21.679,0.766,64.219,96.381,0,0,NA,NA,NA,NA,26.695,NA,1.611,10.523,6.212
02/08/2024 02:00:00 AM,696.247,21.623,1.061,123.948,96.302,0,0.6,NA,NA,NA,NA,22.698,NA,1.036,9.982,6.662
02/08/2024 03:00:00 AM,695.782,21.455,0.751,112.339,96.918,0,0,NA,NA,NA,NA,27.822,NA,0.898,9.3,6.41
02/08/2024 04:00:00 AM,695.496,21.588,0.856,299.679,96.975,0,0,NA,NA,NA,NA,17.758,NA,2.671,11.554,7.396
02/08/2024 05:00:00 AM,695.373,21.496,0.726,47.742,97.229,0,0.8,NA,NA,NA,NA,18.194,NA,3.642,10.488,7.131
02/08/2024 06:00:00 AM,695.62,21.538,0.837,357.337,97.516,0,0.4,NA,NA,NA,NA,5.124,NA,3.967,11.151,7.694
02/08/2024 07:00:00 AM,695.971,21.451,0.83,350.644,97.838,1.321,0,NA,NA,NA,NA,3.926,NA,2.287,13.006,8.177
02/08/2024 08:00:00 AM,696.517,21.593,1.003,65.965,97.665,9.231,0,NA,NA,NA,NA,3.926,NA,2.942,22.657,10.536
02/08/2024 09:00:00 AM,697.079,21.493,0.985,289.088,96.608,25.117,0.4,NA,NA,NA,NA,13.527,NA,2.032,12.557,7.495
02/08/2024 10:00:00 AM,697.453,21.817,1.255,298.799,94.562,76.173,0.2,NA,NA,NA,NA,18.292,NA,1.302,10.977,6.796
02/08/2024 11:00:00 AM,697.328,22.053,2.13,324.042,93.422,104.448,0,NA,NA,NA,NA,18.5,NA,2.467,9.643,5.19
02/08/2024 12:00:00 PM,696.772,21.735,3.427,341.066,93.432,108.089,0,NA,NA,NA,NA,27.868,NA,1.176,7.039,3.795
02/08/2024 01:00:00 PM,696.218,22.066,3.827,335.108,91.276,97.617,0,NA,NA,NA,NA,30.453,NA,1.201,7.399,4.31
02/08/2024 02:00:00 PM,695.784,22.014,3.568,325.98,90.69,97.907,0,NA,NA,NA,NA,34.806,NA,1.088,6.572,3.866
02/08/2024 03:00:00 PM,695.033,22.496,3.861,329.653,88.899,154.892,0,NA,NA,NA,NA,34.033,NA,0.768,5.221,2.701
02/08/2024 04:00:00 PM,694.796,22.976,3.749,340.596,87.165,199.761,0,NA,NA,NA,NA,33.914,NA,0.825,5.407,2.71
02/08/2024 05:00:00 PM,694.699,22.768,3.75,330.705,87.984,82.746,0,NA,NA,NA,NA,34.309,NA,0.529,8.502,4.976
02/08/2024 06:00:00 PM,694.927,22.837,1.948,325.739,87.685,30.707,0,NA,NA,NA,NA,28.223,NA,0.742,9.918,4.916
02/08/2024 07:00:00 PM,695.249,22.684,1.578,47.891,88.664,2.593,0,NA,NA,NA,NA,16.075,NA,1.089,12.807,6.162
02/08/2024 08:00:00 PM,695.741,22.358,1.717,13.867,90.564,0,0,NA,NA,NA,NA,6.51,NA,1.575,17.397,9.575
02/08/2024 09:00:00 PM,696.345,22.249,1.451,11.796,91.163,0,0,NA,NA,NA,NA,12.769,NA,2.23,17.452,8.598
02/08/2024 10:00:00 PM,696.784,22.152,1.204,33.115,91.987,0,0,NA,NA,NA,NA,18.072,NA,0.941,13.962,7.926
02/08/2024 11:00:00 PM,696.962,22.191,1.015,10.147,92.007,0,0,NA,NA,NA,NA,16.535,NA,1.591,13.592,7.383
02/09/2024 12:00:00 AM,696.802,22.263,0.733,107.063,91.607,0,0,NA,NA,NA,NA,24.292,NA,0.784,12.537,7.522
02/09/2024 01:00:00 AM,696.448,21.988,0.648,347.808,93.06,0,0,NA,NA,NA,NA,15.702,NA,2.165,14.652,7.485
02/09/2024 02:00:00 AM,695.938,21.765,0.812,28.079,94.567,0,0,NA,NA,NA,NA,9.783,NA,3.445,15.692,8.015
02/09/2024 03:00:00 AM,695.568,21.554,0.764,103.071,95.529,0,0,NA,NA,NA,NA,7.947,NA,4.08,19.834,8.588
02/09/2024 04:00:00 AM,695.236,21.395,0.786,292.049,96.586,0,0,NA,NA,NA,NA,8.621,NA,3.719,20.246,8.721
02/09/2024 05:00:00 AM,695.209,21.452,1.132,270.195,96.645,0,0,NA,NA,NA,NA,5.319,NA,4.496,20.841,10.152
02/09/2024 06:00:00 AM,695.477,21.431,0.768,309.276,97.288,0,0,NA,NA,NA,NA,3.926,NA,5.54,27.233,13.57
02/09/2024 07:00:00 AM,695.731,21.444,0.932,0.313,97.286,5.767,0,NA,NA,NA,NA,3.926,NA,6.629,31.195,15.643
02/09/2024 08:00:00 AM,695.994,21.774,1.085,345.839,96.603,53.069,0,NA,NA,NA,NA,3.926,NA,9.34,30.911,16.958
02/09/2024 09:00:00 AM,696.42,22.376,2.072,19.906,92.875,90.995,0,NA,NA,NA,NA,11.728,NA,4.421,20.561,11.37
02/09/2024 10:00:00 AM,696.504,23.497,1.709,343.92,86.919,199.922,0,NA,NA,NA,NA,30.094,NA,2.578,12.098,7.049
02/09/2024 11:00:00 AM,696.477,24.489,1.701,300.766,83.072,230.179,0,NA,NA,NA,NA,34.575,NA,1.953,12.051,6.593
02/09/2024 12:00:00 PM,695.85,26.916,1.921,310.296,72.457,603.876,0,NA,NA,NA,NA,43.805,NA,1.656,10.771,5.356
02/09/2024 01:00:00 PM,695.229,26.084,4.967,341.058,76.429,293.85,0,NA,NA,NA,NA,43.329,NA,1.521,9.43,4.812
02/09/2024 02:00:00 PM,694.715,25.569,4.591,346.901,78.694,238.509,0,NA,NA,NA,NA,38.765,NA,1.572,9.59,5.01
02/09/2024 03:00:00 PM,694.087,25.854,3.673,353,78.087,214.68,0,NA,NA,NA,NA,39.879,NA,1.456,10.028,5.189
02/09/2024 04:00:00 PM,693.613,25.604,3.22,4.738,79.673,110.86,0,NA,NA,NA,NA,34.527,NA,1.478,9.8,5.133
02/09/2024 05:00:00 PM,693.498,25.126,3.232,348.773,80.11,67.424,0,NA,NA,NA,NA,38.568,NA,1.695,10.664,5.057
02/09/2024 06:00:00 PM,693.47,24.701,2.667,352.446,80.053,34.461,0,NA,NA,NA,NA,34.416,NA,1.699,10.366,4.696
02/09/2024 07:00:00 PM,693.564,24.593,0.67,334.144,80.606,0.725,0,NA,NA,NA,NA,21.474,NA,1.918,12.452,5.478
02/09/2024 08:00:00 PM,693.987,24.298,1.034,333.545,82.926,0,0,NA,NA,NA,NA,6.154,NA,3.016,23.866,10.796
02/09/2024 09:00:00 PM,694.619,23.873,0.981,37.878,83.97,0,0,NA,NA,NA,NA,10.088,NA,2.498,24.347,10.918
02/09/2024 10:00:00 PM,695.34,23.587,0.869,118.649,84.204,0,0,NA,NA,NA,NA,7.155,NA,2.261,25.246,10.733
02/09/2024 11:00:00 PM,695.761,23.483,0.792,75.397,84.906,0,0,NA,NA,NA,NA,7.696,NA,2.303,23.777,9.372
02/10/2024 12:00:00 AM,695.537,23.025,0.759,44.836,86,0,0,NA,NA,NA,NA,7.743,NA,1.94,22.773,7.905
02/10/2024 01:00:00 AM,695.223,22.606,1.155,106.074,86.749,0,0,NA,NA,NA,NA,8.104,NA,1.188,20.613,7.185
02/10/2024 02:00:00 AM,694.932,22.568,0.983,115.459,85.626,0,0,NA,NA,NA,NA,9.74,NA,1.03,18.974,6.948
02/10/2024 03:00:00 AM,694.587,22.312,0.504,117.647,87.161,0,0,NA,NA,NA,NA,3.926,NA,2.089,21.09,8.267
02/10/2024 04:00:00 AM,694.335,22.176,0.917,130.526,87.178,0,0,NA,NA,NA,NA,3.926,NA,3.694,20.109,8.1
02/10/2024 05:00:00 AM,694.398,21.612,0.646,319.363,90.26,0,0,NA,NA,NA,NA,3.926,NA,6.304,25.726,10.73
02/10/2024 06:00:00 AM,694.592,21.081,0.874,323.33,92.024,0,0,NA,NA,NA,NA,3.926,NA,6.025,27.08,11.208
02/10/2024 07:00:00 AM,695.084,20.908,0.654,70.912,89.355,4.752,0,NA,NA,NA,NA,3.926,NA,2.739,24.304,10.355
02/10/2024 08:00:00 AM,695.581,21.104,1.026,56.717,87.647,83.858,0,NA,NA,NA,NA,3.926,NA,1.525,39.265,13.992
02/10/2024 09:00:00 AM,695.945,23.463,0.885,358.729,80.834,162.448,0,NA,NA,NA,NA,4.227,NA,3.358,50.479,15.528
02/10/2024 10:00:00 AM,695.771,25.3,0.946,318.325,75.688,297.54,0,NA,NA,NA,NA,23.249,NA,3.552,32.584,16.386
02/10/2024 11:00:00 AM,695.402,27.864,1.471,68.161,65.009,442.121,0,NA,NA,NA,NA,52.346,NA,2.163,34.54,16.263
02/10/2024 12:00:00 PM,694.721,29.017,1.713,51.202,60.899,392.869,0,NA,NA,NA,NA,80.526,NA,0.976,53.575,18.02
02/10/2024 01:00:00 PM,694.129,29.282,4.934,347.282,65.695,428.168,0,NA,NA,NA,NA,66.438,NA,0.468,18.452,10.495
02/10/2024 02:00:00 PM,693.504,29.679,5.132,322.278,63.329,665.211,0,NA,NA,NA,NA,60.656,NA,-999,14.275,8.3
02/10/2024 03:00:00 PM,692.77,30.309,4.269,331.191,60.239,554.222,0,NA,NA,NA,NA,54.212,NA,-999,11.609,6.803
02/10/2024 04:00:00 PM,692.343,30.457,3.944,326.528,59.866,356.716,0,NA,NA,NA,NA,56.231,NA,-999,11.369,7.128
02/10/2024 05:00:00 PM,692.118,30.265,4.459,348.619,60.379,285.843,0,NA,NA,NA,NA,61.601,NA,0.689,11.93,7.478
02/10/2024 06:00:00 PM,692.304,29.571,3.123,343.298,62.689,133.851,0,NA,NA,NA,NA,58.603,NA,0.452,14.953,10.008
02/10/2024 07:00:00 PM,692.675,28.362,2.365,311.902,65.7,2.674,0,NA,NA,NA,NA,53.285,NA,0.551,13.09,8.265
02/10/2024 08:00:00 PM,693.252,27.617,1.246,318.765,69.484,0,0,NA,NA,NA,NA,44.163,NA,0.702,17.447,9.17
02/10/2024 09:00:00 PM,693.774,27.031,0.93,301.167,73.665,0,0,NA,NA,NA,NA,24.716,NA,2.099,21.889,12.633
02/10/2024 10:00:00 PM,694.434,26.424,0.952,52.916,76.08,0,0,NA,NA,NA,NA,25.022,NA,1.371,26.467,14.176
02/10/2024 11:00:00 PM,694.822,25.926,1.296,104.484,77.425,0,0,NA,NA,NA,NA,23.542,NA,1.462,20.187,11.011
02/11/2024 12:00:00 AM,694.647,25.643,1.244,99.323,75.587,0,0,NA,NA,NA,NA,23.157,NA,1.375,18.318,9.787
02/11/2024 01:00:00 AM,694.261,24.973,1.705,56.816,75.879,0,0,NA,NA,NA,NA,19.014,NA,1.712,17.124,8.81
02/11/2024 02:00:00 AM,693.727,24.854,2.451,78.148,73.887,0,0,NA,NA,NA,NA,24.621,NA,1.547,13.748,7.402
02/11/2024 03:00:00 AM,693.427,24.412,2.454,102.377,72.732,0,0,NA,NA,NA,NA,24.316,NA,1.273,13.091,6.695
02/11/2024 04:00:00 AM,693.338,24.185,2.8,111.575,69.323,0,0,NA,NA,NA,NA,26.342,NA,1.072,11.502,6
02/11/2024 05:00:00 AM,693.521,24.189,2.164,113.68,67.517,0,0,NA,NA,NA,NA,28.823,NA,1.214,11.548,5.932
02/11/2024 06:00:00 AM,694.037,23.936,1.596,103.654,66.44,0,0,NA,NA,NA,NA,22.142,NA,1.513,11.569,6.284
02/11/2024 07:00:00 AM,694.454,23.664,1.443,111.266,67.984,8.119,0,NA,NA,NA,NA,15.402,NA,1.994,17.078,8.902
02/11/2024 08:00:00 AM,695.032,24.417,1.113,89.549,67.331,138.104,0,NA,NA,NA,NA,11.669,NA,2.621,18.79,8.28
02/11/2024 09:00:00 AM,695.585,26.19,1.333,94.98,66.813,296.396,0,NA,NA,NA,NA,22.389,NA,3.15,20.674,10.593
02/11/2024 10:00:00 AM,695.738,28.682,1.351,26.605,63.987,511.399,0,NA,NA,NA,NA,43.318,NA,3.254,34.868,20.054
02/11/2024 11:00:00 AM,695.356,29.63,2.566,341.6,60.388,598.108,0,NA,NA,NA,NA,82.187,NA,1.99,30.64,18.783
02/11/2024 12:00:00 PM,694.683,31.304,2.795,341,53.091,624.192,0,NA,NA,NA,NA,83.24,NA,0.631,17.749,10.983
02/11/2024 01:00:00 PM,694,30.626,2.937,303.656,59.344,212.554,0,NA,NA,NA,NA,77.774,NA,0.709,20.937,13.346
02/11/2024 02:00:00 PM,693.23,31.174,4.559,346.279,57.923,506.597,0,NA,NA,NA,NA,70.8,NA,0.59,19.722,12.631
02/11/2024 03:00:00 PM,692.693,30.4,4.19,333.026,62.356,237.928,0,NA,NA,NA,NA,62.848,NA,0.498,16.959,10.348
02/11/2024 04:00:00 PM,692.3,29.998,3.161,341.733,65.347,176.706,0,NA,NA,NA,NA,59.223,NA,1.068,16.459,11.11
02/11/2024 05:00:00 PM,692.055,30.686,2.815,309.618,61.85,228.004,0,NA,NA,NA,NA,61.462,NA,1.066,16.357,10.536
02/11/2024 06:00:00 PM,692.119,30.177,2.178,293.404,63.749,115.468,0,NA,NA,NA,NA,67.312,NA,1.281,18.839,11.278
02/11/2024 07:00:00 PM,692.594,28.701,0.713,292.739,66.474,2.593,0,NA,NA,NA,NA,51.264,NA,1.901,21,11.557
02/11/2024 08:00:00 PM,693.113,27.749,0.691,59.04,70.641,0,0,NA,NA,NA,NA,15.067,NA,2.383,26.407,16.117
02/11/2024 09:00:00 PM,693.779,26.763,1.572,114.947,74.872,0,0,NA,NA,NA,NA,36.323,NA,2.312,23.263,13.321
02/11/2024 10:00:00 PM,694.369,26.142,1.589,94.332,76.199,0,0,NA,NA,NA,NA,28.562,NA,2.481,20.855,12.2
02/11/2024 11:00:00 PM,694.609,25.884,1.812,125.177,75.206,0,0,NA,NA,NA,NA,29.511,NA,1.903,18.814,11.24
02/12/2024 12:00:00 AM,694.486,25.974,2.31,64.513,72.765,0,0,NA,NA,NA,NA,29.337,NA,1.945,16.757,10.324
02/12/2024 01:00:00 AM,694.163,25.91,2.74,95.183,70.574,0,0,NA,NA,NA,NA,31.971,NA,1.518,18.285,10.308
02/12/2024 02:00:00 AM,694.026,24.26,1.701,88.135,78.693,0,0.2,NA,NA,NA,NA,23.064,NA,1.9,21.757,11.202
02/12/2024 03:00:00 AM,693.772,24.414,2.456,81.368,73.408,0,0,NA,NA,NA,NA,26.933,NA,0.95,17.727,9.75
02/12/2024 04:00:00 AM,693.635,24.23,1.667,95.088,77.884,0,0,NA,NA,NA,NA,20.801,NA,2.057,18.145,11.093
02/12/2024 05:00:00 AM,693.75,23.994,1.602,316.432,76.266,0,0,NA,NA,NA,NA,19.076,NA,1.982,17.811,11.305
02/12/2024 06:00:00 AM,694.163,23.755,0.977,149.425,74.119,0,0,NA,NA,NA,NA,9.284,NA,2.074,19.145,11.382
02/12/2024 07:00:00 AM,694.647,23.829,2.702,118.097,69.321,10.552,0,NA,NA,NA,NA,13.701,NA,1.427,17.564,10.831
02/12/2024 08:00:00 AM,694.899,24.866,2.019,114.204,64.168,191.093,0,NA,NA,NA,NA,25.376,NA,1.229,49.514,12.747
02/12/2024 09:00:00 AM,695.128,26.772,1.446,90.386,67.758,335.288,0,NA,NA,NA,NA,32.612,NA,1.877,40.368,15.386
02/12/2024 10:00:00 AM,694.995,27.46,1.61,247.561,69.608,382.316,0,NA,NA,NA,NA,49.515,NA,2.53,28.756,16.896
02/12/2024 11:00:00 AM,694.428,30.262,1.395,34.872,58.685,615.363,0,NA,NA,NA,NA,93.665,NA,2.041,36.259,20.35
02/12/2024 12:00:00 PM,693.613,31.988,3.187,326.493,51.596,644.67,0,NA,NA,NA,NA,106.784,NA,1.092,31.413,15.674
02/12/2024 01:00:00 PM,693.208,31.12,5.435,330.528,59.435,611.787,0,NA,NA,NA,NA,87.172,NA,0.637,25.215,14.311
02/12/2024 02:00:00 PM,692.695,30.56,5.574,329.477,61.932,600.67,0,NA,NA,NA,NA,86.92,NA,0.535,21.691,13.275
02/12/2024 03:00:00 PM,692.328,30.775,4.847,304.095,61.694,544.281,0,NA,NA,NA,NA,81.164,NA,0.657,22.337,13.733
02/12/2024 04:00:00 PM,692.131,30.571,5.526,338.04,61.063,324.3,0,NA,NA,NA,NA,74.476,NA,0.676,21.302,13.076
02/12/2024 05:00:00 PM,692.048,31.065,3.05,325.105,58.852,236.994,0,NA,NA,NA,NA,68.353,NA,0.507,20.864,13.368
02/12/2024 06:00:00 PM,692.26,30.08,2.979,316.878,62.687,111.456,0,NA,NA,NA,NA,69.532,NA,0.669,24.34,15.22
02/12/2024 07:00:00 PM,692.79,28.616,2.258,330.712,67.49,2.078,0,NA,NA,NA,NA,64.901,NA,1.367,28.941,16.478
02/12/2024 08:00:00 PM,693.41,27.9,1.477,324.613,70.721,0,0,NA,NA,NA,NA,53.792,NA,2.12,32.418,19.496
02/12/2024 09:00:00 PM,693.947,27.653,1.154,34.92,72.654,0,0,NA,NA,NA,NA,40.758,NA,2.783,39.282,22.984
02/12/2024 10:00:00 PM,694.591,26.93,1.202,35.646,75.714,0,0,NA,NA,NA,NA,37.306,NA,2.058,31.544,17.476
02/12/2024 11:00:00 PM,695.192,26.435,1.019,52.994,78.326,0,0,NA,NA,NA,NA,36.748,NA,2.738,32.169,19.621
02/13/2024 12:00:00 AM,695.422,26.358,1.504,108.047,73.743,0,0,NA,NA,NA,NA,38.536,NA,2.149,25.4,15.044
02/13/2024 01:00:00 AM,695.043,26.1,2.392,80.616,66.162,0,0,NA,NA,NA,NA,36.019,NA,2.308,18.355,11.599
02/13/2024 02:00:00 AM,694.577,25.795,2.084,90.198,62.443,0,0,NA,NA,NA,NA,35.89,NA,2.063,17.917,11.583
02/13/2024 03:00:00 AM,694.205,25.125,2.487,113.46,61.307,0,0,NA,NA,NA,NA,37.152,NA,1.942,15.711,10.307
02/13/2024 04:00:00 AM,694.031,24.636,2.313,107.723,61.799,0,0,NA,NA,NA,NA,36.866,NA,2.352,15.65,9.959
02/13/2024 05:00:00 AM,694.12,24.308,2.412,93.663,60.535,0,0,NA,NA,NA,NA,36.894,NA,2.046,14.855,9.588
02/13/2024 06:00:00 AM,694.419,24.033,2.566,108.408,59.794,0,0,NA,NA,NA,NA,31.98,NA,1.976,14.562,9.468
02/13/2024 07:00:00 AM,694.956,23.825,2.204,107.245,60.497,9.924,0,NA,NA,NA,NA,18.1,NA,2.534,22.052,13.121
02/13/2024 08:00:00 AM,695.346,25.034,2.161,110.1,53.443,186.502,0,NA,NA,NA,NA,27.935,NA,2.06,49.703,13.548
02/13/2024 09:00:00 AM,695.634,26.597,1.282,40.854,56.946,312.387,0,NA,NA,NA,NA,27.602,NA,4.009,59.626,17.494
02/13/2024 10:00:00 AM,695.585,28.793,1.513,283.16,60.595,491.147,0,NA,NA,NA,NA,49.281,NA,4.563,42.699,21.96
02/13/2024 11:00:00 AM,695.273,29.425,3.152,344.699,60.141,559.925,0,NA,NA,NA,NA,86.147,NA,2.622,40.053,21.133
02/13/2024 12:00:00 PM,694.752,29.328,4.647,343.272,64.426,570.381,0,NA,NA,NA,NA,83.907,NA,1.787,33.709,19.496
02/13/2024 01:00:00 PM,694.053,29.323,5.051,332.829,65.958,526.817,0,NA,NA,NA,NA,72.256,NA,2.007,32.37,18.758
02/13/2024 02:00:00 PM,693.532,29.681,4.803,330.953,63.731,517.859,0,NA,NA,NA,NA,69.626,NA,2.108,29.78,17.629
02/13/2024 03:00:00 PM,692.967,30.114,4.696,325.437,61.97,523.836,0,NA,NA,NA,NA,67.953,NA,1.905,27.462,16.149
02/13/2024 04:00:00 PM,692.581,30.585,4.412,331.492,60.355,353.348,0,NA,NA,NA,NA,67.907,NA,1.96,27.928,16.092
02/13/2024 05:00:00 PM,692.511,30.302,4.008,315.622,60.834,241.698,0,NA,NA,NA,NA,75.253,NA,1.927,32.478,20.518
02/13/2024 06:00:00 PM,692.772,29.489,2.844,320.559,62.145,109.024,0,NA,NA,NA,NA,70.236,NA,2.3,43.642,31.256
02/13/2024 07:00:00 PM,693.317,28.284,2.045,337.919,66.489,4.027,0,NA,NA,NA,NA,53.293,NA,2.911,42.329,27.943
02/13/2024 08:00:00 PM,693.915,27.572,1.363,18.553,71.948,0,0,NA,NA,NA,NA,45.422,NA,3.732,47.705,27.748
02/13/2024 09:00:00 PM,694.516,26.901,1.222,28.583,73.825,0,0,NA,NA,NA,NA,45.119,NA,3.105,42.732,26.278
02/13/2024 10:00:00 PM,695.145,26.512,1.468,56.824,75.221,0,0,NA,NA,NA,NA,40.73,NA,3.527,37.058,23.831
02/13/2024 11:00:00 PM,695.336,26.009,1.262,115.802,77.871,0,0,NA,NA,NA,NA,24.09,NA,5.166,42.67,25.716
02/14/2024 12:00:00 AM,695.294,25.335,1.169,155.867,82.011,0,0,NA,NA,NA,NA,27.585,NA,5.372,41.101,25.211
02/14/2024 01:00:00 AM,695.197,24.907,0.845,121.897,82.008,0,0,NA,NA,NA,NA,22.463,NA,4.977,37.485,23.08
02/14/2024 02:00:00 AM,694.81,24.855,0.92,108.2,78.688,0,0,NA,NA,NA,NA,22.667,NA,3.789,31.614,19.791
02/14/2024 03:00:00 AM,694.402,24.334,1.076,91.279,75.693,0,0,NA,NA,NA,NA,21.459,NA,3.508,27.95,17.61
02/14/2024 04:00:00 AM,694.37,24.083,1.319,110.7,70.402,0,0,NA,NA,NA,NA,25.979,NA,2.648,23.233,14.708
02/14/2024 05:00:00 AM,694.265,23.742,1.328,111.569,69.72,0,0,NA,NA,NA,NA,25.33,NA,2.347,21.024,13.654
02/14/2024 06:00:00 AM,694.301,23.441,1.8,52.025,69.558,0,0,NA,NA,NA,NA,17.936,NA,2.802,23.662,14.874
02/14/2024 07:00:00 AM,694.75,23.249,1.758,86.757,66.164,11.857,0,NA,NA,NA,NA,18.332,NA,2.468,26.773,13.979
02/14/2024 08:00:00 AM,695.174,24.1,2.536,65.804,61.08,179.751,0,NA,NA,NA,NA,24.373,NA,1.963,35.641,14.75
02/14/2024 09:00:00 AM,695.548,25.966,2.045,116.574,59.522,343.343,0,NA,NA,NA,NA,23.599,NA,2.756,49.91,17.011
02/14/2024 10:00:00 AM,695.679,27.368,2.24,76.135,65.291,480.207,0,NA,NA,NA,NA,41.07,NA,2.203,39.406,20.336
02/14/2024 11:00:00 AM,695.538,27.163,3.918,334.345,71.736,407.804,0,NA,NA,NA,NA,56.098,NA,2.072,40.969,24.239
02/14/2024 12:00:00 PM,694.977,28.489,4.805,335.134,67.467,601.827,0,NA,NA,NA,NA,63.364,NA,1.791,37.805,23.059
02/14/2024 01:00:00 PM,694.256,29.397,4.488,327.98,64.164,564.855,0,NA,NA,NA,NA,68.55,NA,2.117,36.278,22.024
02/14/2024 02:00:00 PM,693.587,29.57,4.672,334.552,63.932,505.856,0,NA,NA,NA,NA,67.297,NA,1.957,35.342,21.495
02/14/2024 03:00:00 PM,693.042,29.455,4.759,327.778,63.417,298.232,0,NA,NA,NA,NA,67.193,NA,2.144,34.23,20.441
02/14/2024 04:00:00 PM,692.926,28.938,5.324,335.76,66.349,250.592,0,NA,NA,NA,NA,67.824,NA,1.779,34.868,20.638
02/14/2024 05:00:00 PM,692.981,28.497,4.727,335.7,68.821,124.007,0,NA,NA,NA,NA,65.83,NA,2.33,35.707,21.313
02/14/2024 06:00:00 PM,693.342,27.539,4.268,350.867,71.982,23.57,0,NA,NA,NA,NA,58.931,NA,3.428,35.549,23.226
02/14/2024 07:00:00 PM,693.715,27.183,2.857,341.941,73.484,1.433,0,NA,NA,NA,NA,56.681,NA,3.039,38.109,22.983
02/14/2024 08:00:00 PM,694.089,26.826,1.375,320.061,75.214,0,0,NA,NA,NA,NA,58.187,NA,2.989,39.395,23.426
02/14/2024 09:00:00 PM,694.602,26.521,0.731,338.213,76.656,0,0,NA,NA,NA,NA,29.139,NA,4.293,46.291,25.84
02/14/2024 10:00:00 PM,694.963,26.251,1.048,69.622,74.318,0,0,NA,NA,NA,NA,35.448,NA,4.299,43.031,23.932
02/14/2024 11:00:00 PM,695.054,25.767,1.413,107.163,75.608,0,0,NA,NA,NA,NA,30.784,NA,4.317,39.878,23.031
02/15/2024 12:00:00 AM,695,25.577,1.692,100.413,73.432,0,0,NA,NA,NA,NA,34.31,NA,3.356,31.726,19.605
02/15/2024 01:00:00 AM,694.594,25.235,1.352,100.843,72.189,0,0,NA,NA,NA,NA,35.22,NA,3.163,28.951,18.247
02/15/2024 02:00:00 AM,693.963,24.561,1.241,81.142,72.268,0,0,NA,NA,NA,NA,34.137,NA,2.705,26.653,17.581
02/15/2024 03:00:00 AM,693.641,24.051,0.936,117.917,73.752,0,0,NA,NA,NA,NA,25.905,NA,4.06,28.036,18.155
02/15/2024 04:00:00 AM,693.608,23.462,1.005,101.429,73.894,0,0,NA,NA,NA,NA,26.251,NA,4.078,25.995,16.919
02/15/2024 05:00:00 AM,693.789,23.06,0.937,83.154,73.171,0,0,NA,NA,NA,NA,23.282,NA,3.837,24.595,15.83
02/15/2024 06:00:00 AM,693.926,23.181,1.975,76.467,70.195,0,0,NA,NA,NA,NA,22.905,NA,2.948,22.828,14.724
02/15/2024 07:00:00 AM,694.362,23.096,1.093,126.396,71.008,12.421,0,NA,NA,NA,NA,6.179,NA,4.603,32.044,17.489
02/15/2024 08:00:00 AM,694.823,24.182,0.956,312.949,69.204,161.907,0,NA,NA,NA,NA,10.747,NA,5.327,34.921,19.025
02/15/2024 09:00:00 AM,695.039,26.108,1.18,33.836,65.53,321.642,0,NA,NA,NA,NA,15.699,NA,-999,48.622,24.002
02/15/2024 10:00:00 AM,694.989,28.155,1.512,299.756,62.272,481.238,0,NA,NA,NA,NA,-999,NA,-999,56.522,29.357
02/15/2024 11:00:00 AM,694.774,30.183,1.987,310.027,54.889,570.929,0,NA,NA,NA,NA,-999,NA,-999,43.733,25.031
02/15/2024 12:00:00 PM,694.174,30.637,4.912,6.251,55.263,628.059,0,NA,NA,NA,NA,-999,NA,2.105,38.938,21.006
02/15/2024 01:00:00 PM,693.578,30.98,5.031,338.73,53.927,637.081,0,NA,NA,NA,NA,74.385,NA,1.451,31.095,18.135
02/15/2024 02:00:00 PM,693.134,31.402,5.389,343.035,53.103,558.072,0,NA,NA,NA,NA,66.834,NA,1.708,32.617,17.46
02/15/2024 03:00:00 PM,692.593,31.334,4.737,337.373,55.164,466.674,0,NA,NA,NA,NA,69.415,NA,2.132,29.91,17.373
02/15/2024 04:00:00 PM,692.329,31.616,4.459,328.833,52.548,343.392,0,NA,NA,NA,NA,73.473,NA,1.974,26.292,16.038
02/15/2024 05:00:00 PM,692.45,30.654,3.712,297.321,57.668,113.921,0,NA,NA,NA,NA,75.347,NA,2.601,30.601,18.679
02/15/2024 06:00:00 PM,692.705,30.052,3.563,334.687,59.277,43.999,0,NA,NA,NA,NA,67.845,NA,3.384,37.593,21.051
02/15/2024 07:00:00 PM,693.081,29.239,2.278,357.019,61.853,0.998,0,NA,NA,NA,NA,55.006,NA,4.685,35.054,21.364
02/15/2024 08:00:00 PM,693.561,28.47,1.042,315.566,65.37,0,0,NA,NA,NA,NA,30.389,NA,5.139,49.968,26.956
02/15/2024 09:00:00 PM,694.144,27.834,1.086,327.966,68.298,0,0,NA,NA,NA,NA,44.236,NA,4.694,49.769,27.917
02/15/2024 10:00:00 PM,694.557,27.734,1.073,344.826,69.346,0,0,NA,NA,NA,NA,40.718,NA,4.91,46.239,25.68
02/15/2024 11:00:00 PM,694.642,27,1.482,109.453,73.165,0,0,NA,NA,NA,NA,38.863,NA,4.88,44.063,25.448
02/16/2024 12:00:00 AM,694.765,26.137,1.137,106.267,78.153,0,0,NA,NA,NA,NA,43.166,NA,4.397,41.173,23.718
02/16/2024 01:00:00 AM,694.482,25.649,0.998,48.366,79.469,0,0,NA,NA,NA,NA,39.511,NA,2.365,35.546,22.554
02/16/2024 02:00:00 AM,693.752,25.062,1.103,33.33,79.971,0,0,NA,NA,NA,NA,38.103,NA,1.747,33.006,21.312
02/16/2024 03:00:00 AM,693.266,24.613,0.905,305.371,80.745,0,0,NA,NA,NA,NA,30.857,NA,2.036,32.177,20.377
02/16/2024 04:00:00 AM,693.005,24.242,1.104,126.15,79.671,0,0,NA,NA,NA,NA,27.941,NA,2.054,29.38,20.015
02/16/2024 05:00:00 AM,693.263,23.882,1.052,101.654,78.864,0,0,NA,NA,NA,NA,25.586,NA,2.194,29.916,19.736
02/16/2024 06:00:00 AM,693.722,23.347,1.077,51.943,83.803,0,0,NA,NA,NA,NA,6.922,NA,4.391,41.787,25.03
02/16/2024 07:00:00 AM,693.859,23.71,1.348,132.453,78.422,8.538,0,NA,NA,NA,NA,9.985,NA,2.464,38.883,22.341
02/16/2024 08:00:00 AM,694.417,24.194,1.083,102.162,73.761,69.358,0,NA,NA,NA,NA,13.319,NA,1.697,60.145,21.523
02/16/2024 09:00:00 AM,695.024,25.42,1.024,125.373,72.851,241.65,0,NA,NA,NA,NA,18.466,NA,1.969,66.895,24.593
02/16/2024 10:00:00 AM,695.114,27.802,1.614,87.236,68.302,456.556,0,NA,NA,NA,NA,46.144,NA,1.496,50.608,23.557
02/16/2024 11:00:00 AM,694.59,29.443,1.786,21.837,64.292,560.795,0,NA,NA,NA,NA,65.661,NA,1.046,60.886,27.678
02/16/2024 12:00:00 PM,693.891,30.478,2.881,152.863,61.831,378.804,0,NA,NA,NA,NA,69.62,NA,0.877,44.482,24.899
02/16/2024 01:00:00 PM,693.243,30.087,2.875,298.45,63.64,254.958,0,NA,NA,NA,NA,64.818,NA,1.086,39.32,23.298
02/16/2024 02:00:00 PM,692.444,30.817,4.803,332.723,61.577,575.069,0,NA,NA,NA,NA,67.81,NA,1.151,36.675,22.286
02/16/2024 03:00:00 PM,691.771,31.441,3.968,319.563,58.79,431.519,0,NA,NA,NA,NA,68,NA,0.93,33.52,20.711
02/16/2024 04:00:00 PM,691.424,31.508,4.66,298.522,57.338,349.772,0,NA,NA,NA,NA,71.245,NA,0.687,32.689,20.513
02/16/2024 05:00:00 PM,691.418,31.538,3.421,326.752,55.867,245.42,0,NA,NA,NA,NA,77.446,NA,0.688,32.875,22.266
02/16/2024 06:00:00 PM,691.721,30.477,3.537,331.106,59.19,96.892,0,NA,NA,NA,NA,75.42,NA,1.081,43.669,29.308
02/16/2024 07:00:00 PM,692.271,29.394,2.056,325.786,63.561,2.577,0,NA,NA,NA,NA,59.597,NA,1.409,54.062,30.729
02/16/2024 08:00:00 PM,692.947,28.689,1.302,325.539,69.12,0,0,NA,NA,NA,NA,47.88,NA,2.591,58.612,30.633
02/16/2024 09:00:00 PM,693.49,27.929,1.321,26.639,72.546,0,0,NA,NA,NA,NA,39.689,NA,3.161,57.345,37.147
02/16/2024 10:00:00 PM,693.79,27.675,1.415,8.757,68.789,0,0,NA,NA,NA,NA,45.445,NA,2.522,40.579,26.131
02/16/2024 11:00:00 PM,694.044,26.928,1.677,127.886,69.395,0,0,NA,NA,NA,NA,42.7,NA,2.224,31.514,19.267
02/17/2024 12:00:00 AM,694.002,26.18,2.068,75.592,72.454,0,0,NA,NA,NA,NA,39.721,NA,1.775,27.323,18.41
02/17/2024 01:00:00 AM,693.8,25.905,2.025,114.584,72.833,0,0,NA,NA,NA,NA,34.403,NA,1.384,26.474,17.976
02/17/2024 02:00:00 AM,693.335,25.804,1.523,79.547,72.66,0,0,NA,NA,NA,NA,30.028,NA,0.903,26.206,17.874
02/17/2024 03:00:00 AM,692.991,25.589,0.783,86.964,73.602,0,0,NA,NA,NA,NA,24.682,NA,1.695,27.25,18.204
02/17/2024 04:00:00 AM,692.736,24.855,0.694,271.808,78.434,0,0,NA,NA,NA,NA,8.901,NA,6.189,35.176,22.275
02/17/2024 05:00:00 AM,692.929,24.591,0.773,347.941,78.544,0,0,NA,NA,NA,NA,7.249,NA,4.468,34.157,21.101
02/17/2024 06:00:00 AM,693.325,24.424,1.184,102.567,77.356,0,0,NA,NA,NA,NA,17.025,NA,1.615,28.315,18.084
02/17/2024 07:00:00 AM,693.705,24.343,1.573,101.556,76.029,18.012,0,NA,NA,NA,NA,13.854,NA,1.459,27.253,17.301
02/17/2024 08:00:00 AM,694.385,25.751,1.218,83.044,70.732,170.02,0,NA,NA,NA,NA,13.137,NA,1.408,34.991,18.486
02/17/2024 09:00:00 AM,694.753,27.56,1.491,67.36,65.756,341.829,0,NA,NA,NA,NA,23.214,NA,1.354,41.652,19.546
02/17/2024 10:00:00 AM,694.697,29.227,1.578,350.467,65.527,460.036,0,NA,NA,NA,NA,61.394,NA,2.17,40.684,25.952
02/17/2024 11:00:00 AM,694.437,30.165,2.734,341.477,62.361,548.889,0,NA,NA,NA,NA,86.358,NA,1.239,39.741,26.248
02/17/2024 12:00:00 PM,693.59,31.013,4.483,357.709,59.878,653.385,0,NA,NA,NA,NA,81.749,NA,0.533,35.591,23.286
02/17/2024 01:00:00 PM,692.881,31.007,5.498,335.795,62.368,560.699,0,NA,NA,NA,NA,78.971,NA,0.488,34.242,22.957
02/17/2024 02:00:00 PM,692.342,30.873,4.977,334.598,63.83,416.133,0,NA,NA,NA,NA,73.247,NA,0.657,33.266,22.691
02/17/2024 03:00:00 PM,691.883,30.738,4.539,321.975,64.276,337.399,0,NA,NA,NA,NA,71.429,NA,0.573,30.92,22.161
02/17/2024 04:00:00 PM,691.544,30.005,3.86,310.519,67.885,233.611,0,NA,NA,NA,NA,76.783,NA,0.744,30.358,21.514
02/17/2024 05:00:00 PM,691.699,28.928,3.374,304.877,73.995,125.296,0.2,NA,NA,NA,NA,66.885,NA,1.467,30.09,21.146
02/17/2024 06:00:00 PM,692.007,28.038,1.299,9.774,77.964,63.123,0,NA,NA,NA,NA,51.903,NA,2.187,34.928,24.578
02/17/2024 07:00:00 PM,692.534,27.523,1.485,124.124,80.408,1.224,0,NA,NA,NA,NA,34.808,NA,2.802,39.504,25.97
02/17/2024 08:00:00 PM,693.012,26.856,1.524,111.055,80.961,0,0,NA,NA,NA,NA,31.372,NA,2.173,33.846,22.215
02/17/2024 09:00:00 PM,693.83,26.525,1.482,71.926,81.138,0,0,NA,NA,NA,NA,27.09,NA,2.169,34.767,22.393
02/17/2024 10:00:00 PM,694.311,26.077,1.575,69.793,81.699,0,0,NA,NA,NA,NA,24.382,NA,1.979,31.649,20.062
02/17/2024 11:00:00 PM,694.618,26.054,0.996,37.136,80.89,0,0,NA,NA,NA,NA,16.535,NA,3.195,38.417,22.776
02/18/2024 12:00:00 AM,694.592,25.759,1.26,96.625,79.119,0,0,NA,NA,NA,NA,16.296,NA,2.616,28.578,18.808
02/18/2024 01:00:00 AM,694.41,25.593,1.451,49.846,76.881,0,0,NA,NA,NA,NA,21.38,NA,1.976,27.004,18.589
02/18/2024 02:00:00 AM,694.005,25.448,0.889,348.584,79.57,0,0,NA,NA,NA,NA,11.97,NA,2.653,27.986,17.361
02/18/2024 03:00:00 AM,693.608,25.043,0.892,106.447,81.345,0,0,NA,NA,NA,NA,7.676,NA,3.097,28.279,17.509
02/18/2024 04:00:00 AM,693.349,25.045,1.215,91.319,83.303,0,0,NA,NA,NA,NA,6.526,NA,5.507,36.515,25.395
02/18/2024 05:00:00 AM,694.001,24.702,0.964,116.623,85.952,0,0,NA,NA,NA,NA,3.926,NA,6.54,38.326,22.937
02/18/2024 06:00:00 AM,694.351,24.298,1.146,98.964,85.431,0,0.2,NA,NA,NA,NA,3.926,NA,3.674,30.154,19.116
02/18/2024 07:00:00 AM,694.645,24.285,0.708,50.582,84.868,18.769,0,NA,NA,NA,NA,3.926,NA,3.446,30.356,20.64
02/18/2024 08:00:00 AM,695.325,24.639,0.871,31.766,87.119,52.377,0,NA,NA,NA,NA,3.926,NA,5.791,41.182,25.461
02/18/2024 09:00:00 AM,695.869,26.09,1.088,61.825,81.823,197.941,0,NA,NA,NA,NA,8.98,NA,5.122,42.765,27.38
02/18/2024 10:00:00 AM,695.71,27.6,2.047,220.977,77.312,423.093,0,NA,NA,NA,NA,38.869,NA,4.942,37.729,26.088
02/18/2024 11:00:00 AM,695.323,29.481,1.706,243.725,69.523,565.193,0,NA,NA,NA,NA,66.619,NA,2.014,32.755,23.758
02/18/2024 12:00:00 PM,694.719,31.047,3.003,161.369,63.296,473.795,0,NA,NA,NA,NA,69.991,NA,1.017,32.106,21.999
02/18/2024 01:00:00 PM,694.262,30.258,3.762,305.868,68.168,417.551,0,NA,NA,NA,NA,65.695,NA,1.129,37.924,25.496
02/18/2024 02:00:00 PM,693.592,31.117,4.199,337.122,63.765,439.478,0,NA,NA,NA,NA,63.268,NA,0.894,34.955,23.645
02/18/2024 03:00:00 PM,692.798,31.287,4.69,322.949,62.176,392.579,0,NA,NA,NA,NA,66.238,NA,1.037,30.652,20.865
02/18/2024 04:00:00 PM,692.522,31.421,4.087,326.817,62.21,353.751,0,NA,NA,NA,NA,66.178,NA,0.744,30.42,20.499
02/18/2024 05:00:00 PM,692.452,31.113,4.026,323.829,62.631,226.445,0,NA,NA,NA,NA,67.282,NA,0.913,31.322,21.124
02/18/2024 06:00:00 PM,692.622,30.419,2.502,317.763,65.238,103.642,0,NA,NA,NA,NA,68.114,NA,0.559,33.933,22.156
02/18/2024 07:00:00 PM,693.088,29.277,1.399,313.274,69.183,2.352,0,NA,NA,NA,NA,60.648,NA,1.048,35.831,22.446
02/18/2024 08:00:00 PM,693.513,28.423,0.671,330.055,73.079,0,0,NA,NA,NA,NA,30.657,NA,2.139,43.42,25.485
02/18/2024 09:00:00 PM,694.288,27.981,1.043,17.747,75.286,0,0,NA,NA,NA,NA,36.677,NA,2.671,43.368,27.031
02/18/2024 10:00:00 PM,694.908,27.37,1.501,76.401,76.999,0,0,NA,NA,NA,NA,36.893,NA,2.621,38.85,24.284
02/18/2024 11:00:00 PM,695.199,26.94,1.671,42.679,76.224,0,0,NA,NA,NA,NA,34.243,NA,2.502,34.791,22.759
02/19/2024 12:00:00 AM,695.338,27.069,2.324,105.786,67.957,0,0,NA,NA,NA,NA,31.581,NA,1.739,28.183,17.743
02/19/2024 01:00:00 AM,694.876,26.893,2.615,117.219,62.72,0,0,NA,NA,NA,NA,32.777,NA,0.971,24.411,15.083
02/19/2024 02:00:00 AM,694.412,26.405,3.273,108.698,58.234,0,0,NA,NA,NA,NA,35.857,NA,-999,20.3,12.649
02/19/2024 03:00:00 AM,694.339,25.923,3.421,109.777,56.114,0,0,NA,NA,NA,NA,36.591,NA,-999,18.874,11.485
02/19/2024 04:00:00 AM,694.573,25.508,2.829,105.93,55.068,0,0,NA,NA,NA,NA,35.943,NA,-999,16.557,10.353
02/19/2024 05:00:00 AM,694.91,25.168,1.718,68.839,56.345,0,0,NA,NA,NA,NA,31.838,NA,-999,15.31,10.338
02/19/2024 06:00:00 AM,695.399,24.864,1.992,191.774,58.925,0,0,NA,NA,NA,NA,26.568,NA,-999,16.392,10.832
02/19/2024 07:00:00 AM,695.95,24.607,2.709,107.984,56.497,22.942,0,NA,NA,NA,NA,23.708,NA,-999,17.769,10.031
02/19/2024 08:00:00 AM,696.467,24.921,2.84,107.674,55.023,182.651,0,NA,NA,NA,NA,21.867,NA,-999,58.376,14.226
02/19/2024 09:00:00 AM,696.84,26.939,1.73,78.413,49.254,329.375,0,NA,NA,NA,NA,24.757,NA,-999,63.678,17.38
02/19/2024 10:00:00 AM,697.358,28.085,2.131,49.197,63.183,285.279,0,NA,NA,NA,NA,50.216,NA,-999,47.602,20.787
02/19/2024 11:00:00 AM,697.382,27.383,3.12,269.997,74.366,369.137,0,NA,NA,NA,NA,50.527,NA,-999,41.706,25.925
02/19/2024 12:00:00 PM,696.843,27.425,3.78,333.54,73.902,240.119,0,NA,NA,NA,NA,53.199,NA,-999,41.412,26.17
02/19/2024 01:00:00 PM,696.06,28.755,4.169,336.225,68.682,364.546,0,NA,NA,NA,NA,55.15,NA,-999,38.845,24.002
02/19/2024 02:00:00 PM,695.275,29.11,5.206,302.233,67.236,366.108,0,NA,NA,NA,NA,59.469,NA,-999,36.894,22.515
02/19/2024 03:00:00 PM,694.863,29.291,4.421,334.375,67.112,253.879,0,NA,NA,NA,NA,60.625,NA,-999,34.97,22.364
02/19/2024 04:00:00 PM,694.517,29.281,4.809,306.618,67.876,326.056,0,NA,NA,NA,NA,61.869,NA,-999,34.774,21.963
02/19/2024 05:00:00 PM,694.404,29.293,4.403,315.011,67.991,253.782,0,NA,NA,NA,NA,62.453,NA,-999,34.136,20.915
02/19/2024 06:00:00 PM,694.661,28.591,3.867,330.51,69.879,82.537,0,NA,NA,NA,NA,57.914,NA,-999,34.643,21.732
02/19/2024 07:00:00 PM,694.985,27.841,2.618,332.946,73.332,1.707,0,NA,NA,NA,NA,53.381,NA,0.518,40.884,22.975
02/19/2024 08:00:00 PM,695.405,27.273,1.006,322.707,76.379,0,0,NA,NA,NA,NA,47.69,NA,0.671,40.674,23.654
02/19/2024 09:00:00 PM,695.811,26.882,0.787,301.148,78.416,0,0,NA,NA,NA,NA,32.991,NA,2.09,49.279,25.063
02/19/2024 10:00:00 PM,696.477,26.749,1.254,67.354,78.468,0,0,NA,NA,NA,NA,31.182,NA,2.125,46.098,25.286
02/19/2024 11:00:00 PM,696.589,26.497,1.471,90.968,76.06,0,0,NA,NA,NA,NA,34.966,NA,1.313,35.889,21.489
02/20/2024 12:00:00 AM,696.312,26.192,1.526,112.921,74.112,0,0,NA,NA,NA,NA,32.368,NA,0.953,34.674,21.174
02/20/2024 01:00:00 AM,696.277,25.939,2.224,103.325,68.614,0,0,NA,NA,NA,NA,33.06,NA,1.996,29.29,19.415
02/20/2024 02:00:00 AM,696.058,25.484,2.447,110.92,64.602,0,0,NA,NA,NA,NA,34.785,NA,2.242,28.036,19.244
02/20/2024 03:00:00 AM,695.749,25.153,2.135,109.688,62.923,0,0,NA,NA,NA,NA,37.665,NA,1.862,26.245,19.007
02/20/2024 04:00:00 AM,695.636,24.511,2.661,116.711,63.357,0,0,NA,NA,NA,NA,36.525,NA,1.866,24.61,18.488
02/20/2024 05:00:00 AM,695.91,24.29,2.801,104.886,61.964,0,0,NA,NA,NA,NA,35.39,NA,1.555,24.641,18.151
02/20/2024 06:00:00 AM,696.078,23.976,2.669,105.42,61.106,0,0,NA,NA,NA,NA,30.968,NA,1.82,24.236,17.73
02/20/2024 07:00:00 AM,696.311,23.519,2.563,104.637,62.552,6.637,0,NA,NA,NA,NA,23.455,NA,1.979,27.046,18.207
02/20/2024 08:00:00 AM,696.818,23.866,1.992,115.847,61.2,67.57,0,NA,NA,NA,NA,22.018,NA,2.115,55.637,21.399
02/20/2024 09:00:00 AM,696.993,25.68,1.731,85.356,60.346,331.969,0,NA,NA,NA,NA,26.604,NA,2.048,91.514,29.484
02/20/2024 10:00:00 AM,696.954,27.588,2.455,14.093,67.901,507.806,0,NA,NA,NA,NA,49.338,NA,2.047,42.954,26.695
02/20/2024 11:00:00 AM,696.683,28.07,3.694,335.859,68.69,369.202,0,NA,NA,NA,NA,56.713,NA,1.948,39.092,25.69
02/20/2024 12:00:00 PM,696.004,28.477,4.54,326.365,67.157,453.511,0,NA,NA,NA,NA,59.3,NA,1.981,36.686,24.136
02/20/2024 01:00:00 PM,695.384,28.827,4.984,332.036,65.676,498.381,0,NA,NA,NA,NA,61.284,NA,2.195,37.955,24.383
02/20/2024 02:00:00 PM,694.804,29.202,5.624,338.269,64.239,449.515,0,NA,NA,NA,NA,66.599,NA,1.969,36.187,23.475
02/20/2024 03:00:00 PM,694.217,29.366,4.794,338.471,62.999,289.259,0,NA,NA,NA,NA,63.913,NA,2.146,32.898,22.029
02/20/2024 04:00:00 PM,693.942,29.144,4.53,339.019,63.898,138.974,0,NA,NA,NA,NA,62.784,NA,2.65,32.662,22.023
02/20/2024 05:00:00 PM,693.954,29.104,4.302,337.963,64.63,152.942,0,NA,NA,NA,NA,62.26,NA,2.701,33.1,21.552
02/20/2024 06:00:00 PM,694.192,28.386,4.066,359.304,69.01,62.253,0,NA,NA,NA,NA,58.327,NA,3.524,33.399,22.262
02/20/2024 07:00:00 PM,694.566,27.658,2.158,343.562,72.206,2.319,0,NA,NA,NA,NA,45.574,NA,4.829,39.441,24.919
02/20/2024 08:00:00 PM,695.204,27.089,1.017,312.566,75.254,0,0,NA,NA,NA,NA,35.357,NA,4.185,55.994,26.823
02/20/2024 09:00:00 PM,695.654,26.705,0.673,313.023,77.196,0,0,NA,NA,NA,NA,34.266,NA,5.671,50.37,27.482
02/20/2024 10:00:00 PM,696.079,26.282,1.733,12.915,78.762,0,0,NA,NA,NA,NA,27.087,NA,6.609,47.201,27.887
02/20/2024 11:00:00 PM,696.189,24.541,1.818,332.864,86.34,0,5.6,NA,NA,NA,NA,43.533,NA,5.663,34.876,22.647
02/21/2024 12:00:00 AM,696.144,22.515,1.795,23.312,95.875,0,11.2,NA,NA,NA,NA,39.785,NA,4.751,21.746,16.498
02/21/2024 01:00:00 AM,695.853,21.83,1.512,94.978,97.465,0,12.2,NA,NA,NA,NA,38.054,NA,2.875,16.615,13.064
02/21/2024 02:00:00 AM,695.459,21.67,1.656,100.68,98.286,0,0.2,NA,NA,NA,NA,31.2,NA,2.742,15.498,11.707
02/21/2024 03:00:00 AM,695.331,21.896,1.526,59.683,98.202,0,0,NA,NA,NA,NA,35.55,NA,2.878,25.124,16.786
02/21/2024 04:00:00 AM,695.393,22.628,2.776,42.834,92.542,0,0,NA,NA,NA,NA,35.116,NA,2.912,32.22,20.883
02/21/2024 05:00:00 AM,695.782,22.548,2.118,331.739,90.877,0,0,NA,NA,NA,NA,33.85,NA,2.664,29.269,19.091
02/21/2024 06:00:00 AM,696.027,21.559,1.918,70.859,86.919,0,0,NA,NA,NA,NA,14.99,NA,2.31,30.26,22.786
02/21/2024 07:00:00 AM,696.414,21.641,1.514,111.857,84.891,5.638,0,NA,NA,NA,NA,11.589,NA,2.23,30.815,21.82
02/21/2024 08:00:00 AM,697.086,22.001,1.492,101.166,83.147,42.291,0,NA,NA,NA,NA,7.662,NA,2.282,46.164,23.43
02/21/2024 09:00:00 AM,697.569,22.879,1.145,110.449,82.005,129.452,0,NA,NA,NA,NA,10.615,NA,2.423,76.95,27.914
02/21/2024 10:00:00 AM,697.854,24.873,2.158,99.958,79.238,328.875,0,NA,NA,NA,NA,28.874,NA,2.208,37.587,19.881
02/21/2024 11:00:00 AM,697.779,25.07,3.803,8.853,77.212,357.296,0,NA,NA,NA,NA,42.422,NA,1.823,25.38,16.52
02/21/2024 12:00:00 PM,697.109,25.88,2.726,294.778,74.974,420.564,0,NA,NA,NA,NA,46.414,NA,1.102,22.817,15.439
02/21/2024 01:00:00 PM,696.162,26.667,3.987,306.364,72,542.686,0,NA,NA,NA,NA,47.613,NA,1.181,20.787,15.134
02/21/2024 02:00:00 PM,695.341,27.567,4.567,330.739,68.693,662.537,0,NA,NA,NA,NA,49.971,NA,0.982,21.998,15.309
02/21/2024 03:00:00 PM,694.769,26.62,5.403,328.251,72.862,351.721,0.2,NA,NA,NA,NA,51.412,NA,0.692,20.856,14.597
02/21/2024 04:00:00 PM,694.441,26.187,3.908,321.739,73.893,197.796,0,NA,NA,NA,NA,52.803,NA,0.773,21.78,14.767
02/21/2024 05:00:00 PM,694.47,25.935,2.675,295.136,73.849,181.975,0,NA,NA,NA,NA,48.36,NA,1.62,21.979,14.585
02/21/2024 06:00:00 PM,694.602,25.997,3.307,326.856,74.583,130.757,0,NA,NA,NA,NA,43.654,NA,1.61,22.034,15.049
02/21/2024 07:00:00 PM,695.139,24.956,2.136,357.938,78.912,1.159,0,NA,NA,NA,NA,37.16,NA,1.906,25.563,16.25
02/21/2024 08:00:00 PM,695.617,24.419,1.503,338.397,82.704,0,0,NA,NA,NA,NA,17.804,NA,2.645,28.722,18.885
02/21/2024 09:00:00 PM,696.108,24.07,1.279,36.091,83.031,0,0,NA,NA,NA,NA,14.631,NA,3.045,34.812,23.129
02/21/2024 10:00:00 PM,696.382,23.767,1.108,83.669,85.742,0,0,NA,NA,NA,NA,11.26,NA,2.074,32.903,18.143
02/21/2024 11:00:00 PM,696.557,23.316,1.238,18.417,88.303,0,0.4,NA,NA,NA,NA,9.873,NA,2.749,29.541,17.196
02/22/2024 12:00:00 AM,696.485,22.286,1.551,71.887,92.927,0,1,NA,NA,NA,NA,13.352,NA,2.678,23.318,15.89
02/22/2024 01:00:00 AM,696.268,22.125,1.327,56.523,93.829,0,0.4,NA,NA,NA,NA,14.521,NA,2.348,24.246,16.818
02/22/2024 02:00:00 AM,695.851,21.237,1.253,14.631,94.503,0,0.8,NA,NA,NA,NA,30.138,NA,2.303,15.334,11.739
02/22/2024 03:00:00 AM,695.48,21.273,0.902,6.228,95.399,0,0,NA,NA,NA,NA,26.427,NA,2.65,17.177,12.208
02/22/2024 04:00:00 AM,695.273,21.335,1.014,24.893,95.575,0,0,NA,NA,NA,NA,20.701,NA,2.675,18.759,12.253
02/22/2024 05:00:00 AM,695.232,21.343,1.183,119.459,95.256,0,0,NA,NA,NA,NA,15.7,NA,3.105,19.016,12.108
02/22/2024 06:00:00 AM,695.495,21.155,1.361,342.58,97.038,0,0.8,NA,NA,NA,NA,6.482,NA,4.569,23.75,16.155
02/22/2024 07:00:00 AM,695.846,21.255,0.903,349.621,97.456,3.367,0,NA,NA,NA,NA,3.926,NA,4.952,25.366,16.671
02/22/2024 08:00:00 AM,696.333,21.293,1.332,30.021,96.812,18.173,0,NA,NA,NA,NA,6.667,NA,3.639,21.532,13.871
02/22/2024 09:00:00 AM,696.957,21.452,2.536,339.77,95.287,37.925,0.2,NA,NA,NA,NA,14.55,NA,3.224,22.329,14.583
02/22/2024 10:00:00 AM,697.353,21.104,3.258,338.079,95.321,37.603,1.2,NA,NA,NA,NA,21.37,NA,2.63,12.384,8.075
02/22/2024 11:00:00 AM,697.498,20.585,2.053,328.548,94.891,44.949,2.2,NA,NA,NA,NA,23.711,NA,2.962,9.518,5.245
02/22/2024 12:00:00 PM,697.153,20.558,1.165,113.816,95.097,65.781,1,NA,NA,NA,NA,20.856,NA,3.057,31.416,8.456
02/22/2024 01:00:00 PM,696.613,20.779,1.52,2.499,95.289,132.916,1,NA,NA,NA,NA,26.987,NA,3.055,5.557,3.928
02/22/2024 02:00:00 PM,695.855,21.529,1.225,357.695,92.6,137.814,0,NA,NA,NA,NA,24.89,NA,2.337,14.191,7.905
02/22/2024 03:00:00 PM,695.28,22.564,0.919,7.06,87.896,158.194,0,NA,NA,NA,NA,29.303,NA,2.557,13.172,8.144
02/22/2024 04:00:00 PM,694.859,23.374,1.458,352.222,83.983,174.469,0,NA,NA,NA,NA,32.166,NA,2.455,19.867,10.113
02/22/2024 05:00:00 PM,694.75,23.713,1.297,315.776,82.771,138.346,0,NA,NA,NA,NA,28.62,NA,2.285,26.995,12.743
02/22/2024 06:00:00 PM,694.868,24.182,0.69,143.401,80.15,62.688,0,NA,NA,NA,NA,22.107,NA,2.326,24.059,12.536
02/22/2024 07:00:00 PM,695.048,23.047,0.561,326.027,86.222,2.635,0,NA,NA,NA,NA,3.926,NA,3.343,31.206,15.427
02/22/2024 08:00:00 PM,695.355,22.133,1.125,88.296,89.665,0,0,NA,NA,NA,NA,3.926,NA,2.942,33.663,16.15
02/22/2024 09:00:00 PM,695.825,21.628,1.332,117.615,90.333,0,0,NA,NA,NA,NA,4.352,NA,2.808,29.693,12.842
02/22/2024 10:00:00 PM,696.257,21.116,0.888,29.505,91.188,0,0,NA,NA,NA,NA,4.097,NA,2.664,28.796,12.565
02/22/2024 11:00:00 PM,696.521,20.881,0.5,53.854,92.329,0,0,NA,NA,NA,NA,3.926,NA,3.233,28.958,12.774
02/23/2024 12:00:00 AM,696.453,20.787,0.432,14.904,93.874,0,0,NA,NA,NA,NA,3.926,NA,3.947,32.865,15.682
02/23/2024 01:00:00 AM,696.146,20.539,0.529,282.401,93.396,0,0,NA,NA,NA,NA,3.926,NA,2.239,26.19,11.633
02/23/2024 02:00:00 AM,695.684,20.634,0.52,274.755,93.356,0,0,NA,NA,NA,NA,3.926,NA,3.392,28.591,12.046
02/23/2024 03:00:00 AM,695.268,20.42,0.58,82.341,94.662,0,0,NA,NA,NA,NA,3.926,NA,4.424,31.295,13.695
02/23/2024 04:00:00 AM,695.108,20.181,0.489,21.654,96.396,0,0,NA,NA,NA,NA,3.926,NA,4.821,34.507,15.223
02/23/2024 05:00:00 AM,695.017,19.98,0.931,291.606,96.395,0,0,NA,NA,NA,NA,3.926,NA,2.679,30.788,11.706
02/23/2024 06:00:00 AM,695.152,19.891,0.818,304.316,97.299,0,0,NA,NA,NA,NA,3.926,NA,7.896,41.53,22.68
02/23/2024 07:00:00 AM,695.657,19.8,0.595,119.933,98.248,6.202,0,NA,NA,NA,NA,3.926,NA,8.387,47.996,30.175
02/23/2024 08:00:00 AM,696.135,20.566,1.241,61.822,93.77,161.207,0,NA,NA,NA,NA,3.926,NA,3.223,42.738,17.841
02/23/2024 09:00:00 AM,696.378,22.199,1.454,35.348,85.187,241.263,0,NA,NA,NA,NA,4.196,NA,2.152,37.765,18.197
02/23/2024 10:00:00 AM,696.275,25.088,1.417,43.569,69.71,504.535,0,NA,NA,NA,NA,15.924,NA,1.364,31.669,13.62
02/23/2024 11:00:00 AM,696.061,26.992,1.736,195.136,64.674,545.779,0,NA,NA,NA,NA,44.62,NA,0.457,23.376,13.344
02/23/2024 12:00:00 PM,695.424,27.019,3.864,334.518,66.513,557.524,0,NA,NA,NA,NA,56.752,NA,0.412,20.911,11.924
02/23/2024 01:00:00 PM,694.591,27.228,4.376,332.701,66.973,642.72,0,NA,NA,NA,NA,59.069,NA,-999,19.722,11.649
02/23/2024 02:00:00 PM,693.929,27.581,4.641,318.739,65.997,573.926,0,NA,NA,NA,NA,55.642,NA,-999,17.392,10.606
02/23/2024 03:00:00 PM,693.403,27.863,5.214,326.278,63.569,561.73,0.2,NA,NA,NA,NA,56.459,NA,-999,16.573,9.458
02/23/2024 04:00:00 PM,693.049,27.408,4.3,332.183,64.389,235.947,0,NA,NA,NA,NA,57.19,NA,-999,17.746,10.107
02/23/2024 05:00:00 PM,692.963,27.412,4.317,341.602,65.571,249.367,0,NA,NA,NA,NA,55.967,NA,0.393,20.31,10.239
02/23/2024 06:00:00 PM,693.251,26.9,3.078,332.312,67.236,120.994,0,NA,NA,NA,NA,55.904,NA,0.476,19.474,10.178
02/23/2024 07:00:00 PM,693.735,25.982,1.636,328.019,69.981,3.898,0,NA,NA,NA,NA,47.183,NA,0.557,24.026,10.945
02/23/2024 08:00:00 PM,694.292,25.357,0.948,320.782,73.135,0,0,NA,NA,NA,NA,27.061,NA,1.792,33.566,15.06
02/23/2024 09:00:00 PM,694.755,24.7,0.991,36.245,77.193,0,0,NA,NA,NA,NA,21.192,NA,2.172,31.131,15.294
02/23/2024 10:00:00 PM,695.274,24.079,0.903,116.074,80.382,0,0,NA,NA,NA,NA,17.039,NA,1.136,26.745,13.836
02/23/2024 11:00:00 PM,695.51,23.799,1.065,93.871,82.236,0,0,NA,NA,NA,NA,16.565,NA,1.095,26.083,13.178
02/24/2024 12:00:00 AM,695.371,23.425,1.023,65.59,84.017,0,0,NA,NA,NA,NA,15.093,NA,1.322,28.744,13.326
02/24/2024 01:00:00 AM,695.107,23.142,0.921,3.351,86.137,0,0,NA,NA,NA,NA,5.381,NA,3.787,30.713,14.996
02/24/2024 02:00:00 AM,694.786,23.055,0.88,154.317,84.854,0,0,NA,NA,NA,NA,6.203,NA,4.046,28.63,15.835
02/24/2024 03:00:00 AM,694.726,23.209,1.168,44.344,77.12,0,0,NA,NA,NA,NA,10.495,NA,2.648,20.397,10.757
02/24/2024 04:00:00 AM,694.633,23.023,1.692,89.41,73.563,0,0,NA,NA,NA,NA,15.598,NA,1.964,17.656,8.988
02/24/2024 05:00:00 AM,694.789,22.818,1.599,108.57,72.205,0,0,NA,NA,NA,NA,16.178,NA,1.981,16.573,8.794
02/24/2024 06:00:00 AM,695.259,21.623,2.209,82.286,77.998,0,0,NA,NA,NA,NA,12.387,NA,2.082,18.091,9.176
02/24/2024 07:00:00 AM,695.763,21.171,2.079,88.796,80.086,1.423,0,NA,NA,NA,NA,10.108,NA,2.009,18.829,9.495
02/24/2024 08:00:00 AM,696.456,21.011,1.197,87.489,83.759,12.969,0,NA,NA,NA,NA,4.919,NA,2.656,33.459,12.382
02/24/2024 09:00:00 AM,696.856,21.508,1.265,110.968,81.382,55.196,0,NA,NA,NA,NA,5.58,NA,2.724,58.076,16.609
02/24/2024 10:00:00 AM,697.154,23.62,1.28,116.908,77.461,343.164,0,NA,NA,NA,NA,13.976,NA,3.189,61.146,17.42
02/24/2024 11:00:00 AM,696.99,26.596,1.048,339.764,67.114,509.642,0,NA,NA,NA,NA,40.783,NA,2.7,34.182,16.919
02/24/2024 12:00:00 PM,696.283,27.728,1.872,52.349,60.963,493.289,0,NA,NA,NA,NA,55.956,NA,1.845,43.526,17.596
02/24/2024 01:00:00 PM,695.403,29.553,2.003,357.278,55.524,541.881,0,NA,NA,NA,NA,59.114,NA,1.676,22.769,12.989
02/24/2024 02:00:00 PM,694.697,29.777,3.661,302.937,54.691,521.242,0,NA,NA,NA,NA,58.933,NA,1.55,17.779,11.616
02/24/2024 03:00:00 PM,694.304,29.522,4.791,0.512,56.731,547.358,0,NA,NA,NA,NA,59.361,NA,1.325,18.281,11.513
02/24/2024 04:00:00 PM,694.039,29.519,4.704,334.203,57.965,374.051,0,NA,NA,NA,NA,58.851,NA,1.662,19.931,12.28
02/24/2024 05:00:00 PM,694.123,28.927,4.778,338.196,56.957,183.988,0,NA,NA,NA,NA,62.521,NA,1.555,20.156,13.371
02/24/2024 06:00:00 PM,694.415,28.121,3.144,330.937,59.717,82.778,0,NA,NA,NA,NA,62.898,NA,1.974,21.616,13.629
02/24/2024 07:00:00 PM,694.847,26.745,1.65,324.704,66.399,2.116,0,NA,NA,NA,NA,58.04,NA,2.111,23.722,15.417
02/24/2024 08:00:00 PM,695.564,26.367,0.919,224.201,69.118,0,0,NA,NA,NA,NA,48.583,NA,3.017,28.195,17.214
02/24/2024 09:00:00 PM,696.107,25.755,0.83,272.989,72.684,0,0,NA,NA,NA,NA,29.975,NA,3.42,34.655,20.245
02/24/2024 10:00:00 PM,696.678,25.114,1.107,58.725,76.513,0,0,NA,NA,NA,NA,31.385,NA,3.282,32.061,18.805
02/24/2024 11:00:00 PM,696.952,24.772,0.909,156.005,78.423,0,0,NA,NA,NA,NA,19.613,NA,3.743,31.617,18.93
02/25/2024 12:00:00 AM,697.073,24.231,0.838,79.064,81.385,0,0,NA,NA,NA,NA,13.839,NA,5.017,37.501,21.571
02/25/2024 01:00:00 AM,697.018,23.516,1.706,47.11,85.997,0,1,NA,NA,NA,NA,12.278,NA,5.765,33.758,18.66
02/25/2024 02:00:00 AM,696.833,21.608,1.982,120.608,95.637,0,8.4,NA,NA,NA,NA,27.518,NA,2.848,26.253,16.914
02/25/2024 03:00:00 AM,696.477,21.48,1.275,86.804,95.148,0,0.2,NA,NA,NA,NA,30.823,NA,3.354,23.256,16.838
02/25/2024 04:00:00 AM,696.567,21.703,1.18,147.981,94.914,0,0,NA,NA,NA,NA,15.547,NA,5.882,30.841,21.938
02/25/2024 05:00:00 AM,696.703,21.396,0.789,149.222,95.556,0,0,NA,NA,NA,NA,12.535,NA,3.536,28.871,18.883
02/25/2024 06:00:00 AM,697.072,21.505,1.019,237.792,95.166,0,0,NA,NA,NA,NA,6.491,NA,4.404,30.265,19.685
02/25/2024 07:00:00 AM,697.456,21.522,0.915,61.049,94.96,1.788,0,NA,NA,NA,NA,3.926,NA,4.273,39.731,26.793
02/25/2024 08:00:00 AM,697.89,21.552,1.221,73.712,91.103,15.418,1.6,NA,NA,NA,NA,5.246,NA,3.606,33.352,22.377
02/25/2024 09:00:00 AM,698.305,21.754,1.118,109.533,92.33,69.39,0.2,NA,NA,NA,NA,4.665,NA,4.146,34.308,24.902
02/25/2024 10:00:00 AM,698.51,22.203,1.146,231.22,94.438,158.178,0,NA,NA,NA,NA,5.816,NA,8.647,41.674,27.573
02/25/2024 11:00:00 AM,698.232,24.948,0.95,344.811,81.851,445.246,0,NA,NA,NA,NA,30.935,NA,3.958,33.844,25.166
02/25/2024 12:00:00 PM,697.58,26.573,2.285,60.247,71.679,591.138,0,NA,NA,NA,NA,55.678,NA,2.892,30.545,21.523
02/25/2024 01:00:00 PM,696.736,27.269,3.283,349.869,67.391,567.191,0,NA,NA,NA,NA,59.121,NA,2.068,27.197,19.639
02/25/2024 02:00:00 PM,695.839,27.777,4.438,337.23,65.224,468.962,0,NA,NA,NA,NA,61.888,NA,1.848,27.4,19.642
02/25/2024 03:00:00 PM,695.087,28.019,4.495,317.699,63.869,392.982,0,NA,NA,NA,NA,62.273,NA,1.662,25.758,18.396
02/25/2024 04:00:00 PM,694.8,28.271,3.68,335.881,62.847,309.204,0.2,NA,NA,NA,NA,60.828,NA,1.705,24.698,17.602
02/25/2024 05:00:00 PM,694.767,27.481,3.309,343.756,65.746,90.423,0,NA,NA,NA,NA,66.425,NA,1.386,26.305,18.847
02/25/2024 06:00:00 PM,695.096,26.731,2.539,328.976,69.33,26.663,0,NA,NA,NA,NA,68.721,NA,2.1,35.778,25.415
02/25/2024 07:00:00 PM,695.486,25.278,1.218,312.411,78.455,1.739,0,NA,NA,NA,NA,40.754,NA,2.723,40.155,31.623
02/25/2024 08:00:00 PM,695.765,23.828,1.6,85.861,85.314,0,0,NA,NA,NA,NA,41.582,NA,2.838,44.615,35.491
02/25/2024 09:00:00 PM,696.141,23.963,1.407,100.856,83.662,0,0,NA,NA,NA,NA,39.211,NA,2.965,46.861,37.972
02/25/2024 10:00:00 PM,696.461,23.98,1.663,94.184,83.402,0,0,NA,NA,NA,NA,34.062,NA,3.382,43.242,34.707
02/25/2024 11:00:00 PM,696.613,23.925,1.434,66.711,83.305,0,0,NA,NA,NA,NA,27.728,NA,3.088,36.264,27.81
02/26/2024 12:00:00 AM,696.495,23.711,1.505,85.241,84.042,0,0,NA,NA,NA,NA,23.913,NA,3.006,34.876,25.397
02/26/2024 01:00:00 AM,696.439,23.151,1.429,25.32,87.535,0,0,NA,NA,NA,NA,21.607,NA,2.131,33.551,23.802
02/26/2024 02:00:00 AM,696.217,22.511,1.352,6.497,91.247,0,0,NA,NA,NA,NA,23.261,NA,1.734,32.718,22.196
02/26/2024 03:00:00 AM,696.016,22.423,1.222,90.101,91.251,0,0,NA,NA,NA,NA,19.728,NA,1.756,32.782,20.676
02/26/2024 04:00:00 AM,695.825,22.016,1.044,48.227,93.432,0,0.4,NA,NA,NA,NA,11.925,NA,2.064,33.061,20.252
02/26/2024 05:00:00 AM,695.936,21.986,1.04,262.602,92.948,0,0,NA,NA,NA,NA,7.676,NA,2.77,31.639,19.813
02/26/2024 06:00:00 AM,696.247,21.92,1.52,56.917,90.723,0,0,NA,NA,NA,NA,3.926,NA,2.158,31.913,19.741
02/26/2024 07:00:00 AM,696.578,22.277,1.394,51.297,85.119,2.255,0,NA,NA,NA,NA,3.926,NA,1.82,32.355,19.793
02/26/2024 08:00:00 AM,696.935,22.195,1.221,72.722,87.302,15.321,0,NA,NA,NA,NA,3.926,NA,1.823,48.848,22.918
02/26/2024 09:00:00 AM,697.352,23.198,0.888,116.058,85.73,69.97,0,NA,NA,NA,NA,16.435,NA,1.713,59.91,27.29
02/26/2024 10:00:00 AM,697.442,24.496,2.045,20.36,81.227,358.504,0,NA,NA,NA,NA,32.058,NA,1.769,33.286,21.454
02/26/2024 11:00:00 AM,697.229,25.407,3.563,9.046,77.37,378.337,0,NA,NA,NA,NA,47.157,NA,1.4,31.215,21.204
02/26/2024 12:00:00 PM,696.672,26.853,3.575,20.863,70.637,539.593,0,NA,NA,NA,NA,53.414,NA,0.917,29.34,20.677
02/26/2024 01:00:00 PM,696.11,27.529,4.657,330.686,67.084,493.354,0,NA,NA,NA,NA,57.131,NA,0.754,28.668,20.049
02/26/2024 02:00:00 PM,695.373,28.375,4.47,319.234,63.85,565.403,0,NA,NA,NA,NA,59.561,NA,0.918,26.017,18.633
02/26/2024 03:00:00 PM,694.7,28.999,5.038,352.635,62.503,470.17,0,NA,NA,NA,NA,61.58,NA,0.927,25.267,18.387
02/26/2024 04:00:00 PM,694.41,28.367,4.658,341.489,63.881,255.618,0,NA,NA,NA,NA,64.578,NA,0.754,25.883,18.132
02/26/2024 05:00:00 PM,694.296,28.107,4.059,326.084,65.776,136.316,0,NA,NA,NA,NA,64.228,NA,0.832,28.931,19.691
02/26/2024 06:00:00 PM,694.362,27.563,3.351,352.345,66.895,74.948,0,NA,NA,NA,NA,58.825,NA,0.958,29.177,20.633
02/26/2024 07:00:00 PM,694.666,26.73,2.087,334.837,72.18,2.722,0,NA,NA,NA,NA,51.036,NA,1.4,40.229,23.701
02/26/2024 08:00:00 PM,695.166,26.072,1.318,295.691,75.786,0,0,NA,NA,NA,NA,56.547,NA,1.808,36.668,24.178
02/26/2024 09:00:00 PM,695.55,25.599,1.21,327.692,77.49,0,0,NA,NA,NA,NA,43.322,NA,2.147,41.925,24.874
02/26/2024 10:00:00 PM,695.929,25.255,0.677,7.675,79.767,0,0,NA,NA,NA,NA,21.599,NA,2.853,40.395,26.642
02/26/2024 11:00:00 PM,696.187,24.869,0.789,72.535,81.069,0,0,NA,NA,NA,NA,25.363,NA,2.224,38.039,24.077
02/27/2024 12:00:00 AM,696.107,24.465,1.098,69.522,82.096,0,0,NA,NA,NA,NA,29.061,NA,2.121,33.476,21.245
02/27/2024 01:00:00 AM,695.769,24.333,1.091,116.555,81.718,0,0,NA,NA,NA,NA,28.257,NA,2.193,30.218,19.748
02/27/2024 02:00:00 AM,695.238,23.725,1.526,68.188,85.595,0,0,NA,NA,NA,NA,36.766,NA,1.917,28.69,19.85
02/27/2024 03:00:00 AM,694.864,22.887,1.405,62.034,90.465,0,0,NA,NA,NA,NA,42.306,NA,2.329,26.652,18.75
02/27/2024 04:00:00 AM,694.708,22.648,1.136,44.077,91.149,0,0,NA,NA,NA,NA,30.616,NA,2.374,28.19,17.89
02/27/2024 05:00:00 AM,694.794,22.663,1.021,350.946,91.222,0,0,NA,NA,NA,NA,24.825,NA,2.818,28.73,18.429
02/27/2024 06:00:00 AM,695.248,22.739,0.727,138.654,89.326,0,0,NA,NA,NA,NA,15.873,NA,3.598,31.266,20.166
02/27/2024 07:00:00 AM,695.632,22.601,1.112,30.825,89.182,7.942,0,NA,NA,NA,NA,11.039,NA,3.142,35.783,22.99
02/27/2024 08:00:00 AM,696.051,22.67,1.261,51.775,86.742,48.784,0,NA,NA,NA,NA,19.902,NA,2.869,61.778,35.166
02/27/2024 09:00:00 AM,696.251,23.567,0.977,37.713,83.049,82.682,0,NA,NA,NA,NA,24.294,NA,2.806,59.337,28.662
02/27/2024 10:00:00 AM,696.354,25.729,0.958,285.639,75.546,240.409,0,NA,NA,NA,NA,31.968,NA,3.631,55.1,30.409
02/27/2024 11:00:00 AM,696.137,26.083,1.826,22.016,72.954,384.652,0,NA,NA,NA,NA,51.381,NA,2.731,60.813,31.843
02/27/2024 12:00:00 PM,695.514,28.015,2.421,358.489,65.206,591.889,0,NA,NA,NA,NA,65.967,NA,1.814,39.529,25.697
02/27/2024 01:00:00 PM,694.79,27.829,4.038,352.355,67.468,309.51,0,NA,NA,NA,NA,60.349,NA,1.919,36.186,23.69
02/27/2024 02:00:00 PM,694.079,28.385,4.87,338.729,66.052,557.589,0,NA,NA,NA,NA,63.126,NA,1.404,31.583,21.787
02/27/2024 03:00:00 PM,693.449,28.983,3.82,338.92,63.769,476.147,0,NA,NA,NA,NA,62.867,NA,1.196,30.676,21.063
02/27/2024 04:00:00 PM,692.986,29.056,4.567,329.282,63.195,306.417,0,NA,NA,NA,NA,66.028,NA,0.981,31.197,21.009
02/27/2024 05:00:00 PM,692.85,28.384,3.857,335.272,65.787,178.011,0,NA,NA,NA,NA,69.518,NA,1.426,34.159,22.449
02/27/2024 06:00:00 PM,693.179,27.846,2.546,305.954,66.818,90.963,0,NA,NA,NA,NA,75.072,NA,1.699,40.439,28.983
02/27/2024 07:00:00 PM,693.66,26.855,1.702,294.364,69.643,2.626,0,NA,NA,NA,NA,63.65,NA,2.16,48.793,34.602
02/27/2024 08:00:00 PM,694.069,26.316,0.784,344.601,72.897,0,0,NA,NA,NA,NA,39.524,NA,2.507,48.192,32.4
02/27/2024 09:00:00 PM,694.428,25.542,1.179,26.729,77.144,0,0,NA,NA,NA,NA,28.427,NA,3.157,54.949,34.803
02/27/2024 10:00:00 PM,694.786,25.08,1.302,107.851,79.361,0,0,NA,NA,NA,NA,39.1,NA,2.542,44.167,29.585
02/27/2024 11:00:00 PM,695.166,24.694,1.072,28.149,80.966,0,0,NA,NA,NA,NA,31.505,NA,2.739,41.727,28.114
02/28/2024 12:00:00 AM,695.151,24.338,0.736,42.512,82.711,0,0,NA,NA,NA,NA,24.076,NA,3.207,39.787,26.751
02/28/2024 01:00:00 AM,694.884,24.13,0.663,112.805,84.495,0,0,NA,NA,NA,NA,16.482,NA,4.528,46.253,29.784
02/28/2024 02:00:00 AM,694.335,23.943,0.777,323.204,84.873,0,0,NA,NA,NA,NA,15.808,NA,4.783,44.789,29.433
02/28/2024 03:00:00 AM,693.703,23.665,0.738,251.615,87.253,0,0,NA,NA,NA,NA,3.926,NA,11.535,58.078,37.328
02/28/2024 04:00:00 AM,693.611,23.199,0.915,114.331,89.527,0,0,NA,NA,NA,NA,3.926,NA,16.495,66.249,40.082
02/28/2024 05:00:00 AM,693.694,23.323,1.493,39.181,81.762,0,0,NA,NA,NA,NA,8.145,NA,7.368,47.259,29.442
02/28/2024 06:00:00 AM,693.888,23.099,1.486,110.176,76.85,0,0,NA,NA,NA,NA,9.822,NA,2.959,28.669,18.901
02/28/2024 07:00:00 AM,694.458,22.596,1.75,79.491,78.418,19.011,0,NA,NA,NA,NA,6.552,NA,2.462,32.961,20.12
02/28/2024 08:00:00 AM,694.83,23.674,1.425,42.592,72.337,128.276,0,NA,NA,NA,NA,9.268,NA,2.113,51.695,22.222
02/28/2024 09:00:00 AM,695.284,24.975,0.994,63.505,67.813,230.791,0,NA,NA,NA,NA,12.983,NA,2.373,88.108,26.941
02/28/2024 10:00:00 AM,695.434,27.802,1.233,312.243,65.078,488.633,0,NA,NA,NA,NA,43.682,NA,2.825,52.245,29.173
02/28/2024 11:00:00 AM,694.999,28.865,2.193,337.019,62.244,596.534,0,NA,NA,NA,NA,77.94,NA,2.415,41.469,27.597
02/28/2024 12:00:00 PM,694.443,29.478,3.616,327.858,61.227,655.802,0,NA,NA,NA,NA,76.527,NA,1.539,42.171,26.883
02/28/2024 01:00:00 PM,693.973,29.503,4.953,336.376,62.121,582.03,0,NA,NA,NA,NA,69.214,NA,1.519,38.522,25.403
02/28/2024 02:00:00 PM,693.42,29.585,5.278,331.618,62.073,609.74,0,NA,NA,NA,NA,68.181,NA,1.501,38.084,25.036
02/28/2024 03:00:00 PM,692.981,29.948,4.863,321.605,60.854,524.303,0,NA,NA,NA,NA,70.006,NA,1.509,35.984,24.256
02/28/2024 04:00:00 PM,692.598,30.067,4.631,344.872,60.543,356.845,0,NA,NA,NA,NA,71.883,NA,1.518,35.992,24.792
02/28/2024 05:00:00 PM,692.545,29.709,3.94,325.157,61.362,226.908,0,NA,NA,NA,NA,76.044,NA,1.533,39.44,26.344
02/28/2024 06:00:00 PM,692.67,29.027,3.174,323.505,63.484,100.662,0,NA,NA,NA,NA,80.032,NA,1.935,46.788,31.746
02/28/2024 07:00:00 PM,693.077,27.932,2.235,309.626,66.88,2.287,0,NA,NA,NA,NA,65.199,NA,2.435,52.614,33.4
02/28/2024 08:00:00 PM,693.565,27.305,1.31,357.334,70.218,0,0,NA,NA,NA,NA,40.154,NA,3.606,50.432,33.155
02/28/2024 09:00:00 PM,694.13,26.064,1.588,83.172,75.713,0,0,NA,NA,NA,NA,45.05,NA,3.07,49.081,31.548
02/28/2024 10:00:00 PM,694.767,25.499,1.736,27.861,77.296,0,0,NA,NA,NA,NA,43.191,NA,2.447,43.663,28.473
02/28/2024 11:00:00 PM,695.08,25.542,1.46,99.712,76.58,0,0,NA,NA,NA,NA,33.407,NA,3.455,41.43,28.139
02/29/2024 12:00:00 AM,695.14,24.939,1.388,73.108,78.626,0,0,NA,NA,NA,NA,28.08,NA,3.648,-999,-999
02/29/2024 01:00:00 AM,694.742,25.108,1.927,42.278,73.376,0,0,NA,NA,NA,NA,31.245,NA,2.049,-999,-999
02/29/2024 02:00:00 AM,694.398,24.873,1.877,58.775,69.333,0,0,NA,NA,NA,NA,29.062,NA,1.894,-999,-999
02/29/2024 03:00:00 AM,693.983,24.847,1.988,76.542,63.584,0,0,NA,NA,NA,NA,34.774,NA,0.809,-999,-999
02/29/2024 04:00:00 AM,693.856,24.268,2.351,97.209,63.995,0,0,NA,NA,NA,NA,33.98,NA,0.435,-999,-999
02/29/2024 05:00:00 AM,694.016,24.131,2.018,88.725,63.531,0,0,NA,NA,NA,NA,33.406,NA,0.434,-999,-999
02/29/2024 06:00:00 AM,694.377,23.762,2.409,96.223,61.947,0,0,NA,NA,NA,NA,31.749,NA,0.645,-999,-999
02/29/2024 07:00:00 AM,694.786,23.469,3.228,106.405,60.927,19.103,0,NA,NA,NA,NA,30.631,NA,0.573,-999,-999
02/29/2024 08:00:00 AM,695.336,23.871,2.705,95.892,59.739,190.352,0,NA,NA,NA,NA,29.236,NA,0.748,-999,-999
02/29/2024 09:00:00 AM,695.739,26.249,1.297,104.585,59.524,339.59,0,NA,NA,NA,NA,21.878,NA,-999,-999,-999
02/29/2024 10:00:00 AM,695.763,28.233,1.279,282.678,61.535,493.354,0,NA,NA,NA,NA,46.562,NA,-999,-999,-999
02/29/2024 11:00:00 AM,695.337,30.537,1.666,320.395,54.471,601.153,0,NA,NA,NA,NA,49.521,NA,3.278,-999,-999
02/29/2024 12:00:00 PM,694.78,30.739,3.533,1.307,55.289,544.99,0,NA,NA,NA,NA,101.506,NA,2.263,-999,-999
02/29/2024 01:00:00 PM,694.133,30.838,4.857,357.753,56.238,631.99,0,NA,NA,NA,NA,84.753,NA,2.404,-999,-999
02/29/2024 02:00:00 PM,693.581,30.652,5.183,338.72,57.418,500.137,0,NA,NA,NA,NA,80.135,NA,2.409,-999,-999
02/29/2024 03:00:00 PM,692.979,30.669,5.28,343.665,56.822,492.581,0,NA,NA,NA,NA,75.124,NA,2.782,-999,-999
02/29/2024 04:00:00 PM,692.616,30.723,4.743,342.653,55.438,351.012,0,NA,NA,NA,NA,79.294,NA,2.467,-999,-999
02/29/2024 05:00:00 PM,692.574,30.645,3.49,329.901,57.054,229.438,0,NA,NA,NA,NA,87.549,NA,2.615,-999,-999
02/29/2024 06:00:00 PM,692.7,29.614,3.261,326.7,60.509,93.074,0,NA,NA,NA,NA,90.948,NA,3.198,-999,-999
02/29/2024 07:00:00 PM,692.956,28.339,1.762,326.065,64.309,1.756,0,NA,NA,NA,NA,76.475,NA,3.553,-999,-999
02/29/2024 08:00:00 PM,693.288,27.537,1.947,338.365,67.545,0,0,NA,NA,NA,NA,54.653,NA,4.209,-999,-999
02/29/2024 09:00:00 PM,693.929,26.583,1.206,84.871,72.514,0,0,NA,NA,NA,NA,45.923,NA,4.772,-999,-999
02/29/2024 10:00:00 PM,694.82,25.758,1.553,67.561,74.602,0,0,NA,NA,NA,NA,48.053,NA,4.12,-999,-999
02/29/2024 11:00:00 PM,695.154,25.412,1.863,71.828,73.024,0,0,NA,NA,NA,NA,45.8,NA,4.235,-999,-999
03/01/2024 12:00:00 AM,695.112,25.43,3.399,58.67,66.488,0,0,NA,NA,NA,NA,48.379,NA,3.584,-999,-999
03/01/2024 01:00:00 AM,694.855,25.33,3.108,112.583,60.715,0,0,NA,NA,NA,NA,51.644,NA,1.88,-999,-999
03/01/2024 02:00:00 AM,694.607,24.973,4.79,112.649,56.855,0,0,NA,NA,NA,NA,54.125,NA,0.482,-999,-999
03/01/2024 03:00:00 AM,694.437,24.482,3.048,102.596,53.953,0,0,NA,NA,NA,NA,51.916,NA,0.309,-999,-999
03/01/2024 04:00:00 AM,694.428,24.05,3.186,109.734,52.237,0,0,NA,NA,NA,NA,51.57,NA,0.366,-999,-999
03/01/2024 05:00:00 AM,694.355,23.764,4.998,110.361,52.535,0,0,NA,NA,NA,NA,52.581,NA,-999,-999,-999
03/01/2024 06:00:00 AM,694.826,23.354,4.391,95.562,55.014,0,0,NA,NA,NA,NA,49.985,NA,-999,-999,-999
03/01/2024 07:00:00 AM,695.361,23.015,3.096,112.907,55.817,26.986,0,NA,NA,NA,NA,39.592,NA,0.357,-999,-999
03/01/2024 08:00:00 AM,695.881,23.637,2.748,106.64,53.632,199.455,0,NA,NA,NA,NA,38.562,NA,0.687,-999,-999
03/01/2024 09:00:00 AM,696.147,25.437,1.605,63.732,51.884,341.732,0,NA,NA,NA,NA,34.464,NA,0.855,-999,-999
03/01/2024 10:00:00 AM,696.408,27.044,2.038,356.617,53.946,485.975,0,NA,NA,NA,NA,55.742,NA,0.597,-999,-999
03/01/2024 11:00:00 AM,696.305,28.426,3.2,16.006,53.167,591.261,0,NA,NA,NA,NA,78.177,NA,0.776,-999,-999
03/01/2024 12:00:00 PM,695.808,29.204,4.152,352.041,56.453,607.259,9.2,NA,NA,NA,NA,76.343,NA,0.437,-999,-999
03/01/2024 01:00:00 PM,695.222,29.562,4.748,340.389,56.86,595.225,0,NA,NA,NA,NA,73.762,NA,0.863,-999,-999
03/01/2024 02:00:00 PM,694.608,30.107,4.842,351.429,55.853,535.356,0,NA,NA,NA,NA,75.612,NA,0.316,-999,-999
03/01/2024 03:00:00 PM,694.001,30.359,4.811,330.903,55.04,522.95,0,NA,NA,NA,NA,78.392,NA,0.413,-999,-999
03/01/2024 04:00:00 PM,693.594,30.539,4.674,323.571,53.128,319.885,0,NA,NA,NA,NA,78.864,NA,0.491,-999,-999
03/01/2024 05:00:00 PM,693.497,30.306,3.517,311.791,53.592,216.297,0,NA,NA,NA,NA,83.411,NA,0.564,-999,-999
03/01/2024 06:00:00 PM,693.871,28.938,3.1,318.33,58.159,56.759,0,NA,NA,NA,NA,79.379,NA,0.686,-999,-999
03/01/2024 07:00:00 PM,694.394,28,2.629,348.833,61.098,1.031,0,NA,NA,NA,NA,66.904,NA,1.431,-999,-999
03/01/2024 08:00:00 PM,694.99,27.116,1.545,314.325,65.097,0,0,NA,NA,NA,NA,54.111,NA,1.901,-999,-999
03/01/2024 09:00:00 PM,695.582,26.811,1.558,312.054,65.764,0,0,NA,NA,NA,NA,52.66,NA,1.933,-999,-999
03/01/2024 10:00:00 PM,695.95,26.442,1.012,340.447,67.108,0,0,NA,NA,NA,NA,44.647,NA,2.325,-999,-999
03/01/2024 11:00:00 PM,696.296,25.599,1.441,81.646,71.371,0,0,NA,NA,NA,NA,44.617,NA,1.542,-999,-999
03/02/2024 12:00:00 AM,696.288,25.155,1.299,86.061,72.877,0,0,NA,NA,NA,NA,39.779,NA,1.704,-999,-999
03/02/2024 01:00:00 AM,695.992,24.392,1.477,20.944,74.934,0,0,NA,NA,NA,NA,39.39,NA,1.951,-999,-999
03/02/2024 02:00:00 AM,695.595,24.097,1.469,32.84,73.584,0,0,NA,NA,NA,NA,38.032,NA,2.404,-999,-999
03/02/2024 03:00:00 AM,695.302,24.174,2.263,94.404,68.88,0,0,NA,NA,NA,NA,40.297,NA,2.309,-999,-999
03/02/2024 04:00:00 AM,695.126,23.972,2.483,105.855,66.814,0,0,NA,NA,NA,NA,41.742,NA,2.469,-999,-999
03/02/2024 05:00:00 AM,695.187,23.639,2.518,95.929,66.348,0,0,NA,NA,NA,NA,39.402,NA,2.247,-999,-999
03/02/2024 06:00:00 AM,695.492,21.978,1.237,63.691,77.935,0,0,NA,NA,NA,NA,11.991,NA,6.698,-999,-999
03/02/2024 07:00:00 AM,696.186,21.869,1.45,102.737,74.519,22.781,0,NA,NA,NA,NA,14.942,NA,4.289,-999,-999
03/02/2024 08:00:00 AM,696.646,22.536,2.014,68.216,69.605,134.237,0,NA,NA,NA,NA,20.882,NA,2.936,-999,-999
03/02/2024 09:00:00 AM,697.087,25.249,1.288,103.351,63.406,347.258,0,NA,NA,NA,NA,27.445,NA,3.074,-999,-999
03/02/2024 10:00:00 AM,697.169,26.789,1.977,357.671,62.261,459.505,0,NA,NA,NA,NA,51.639,NA,2.93,-999,-999
03/02/2024 11:00:00 AM,696.609,27.645,3.262,33.088,59.073,596.739,0,NA,NA,NA,NA,71.36,NA,1.941,-999,-999
03/02/2024 12:00:00 PM,695.833,28.842,4.156,16.007,55.472,642.897,0,NA,NA,NA,NA,76.134,NA,2.042,-999,-999
03/02/2024 01:00:00 PM,695.085,29.525,4.779,331.647,53.409,621.325,0,NA,NA,NA,NA,70.831,NA,1.712,-999,-999
03/02/2024 02:00:00 PM,694.377,29.952,4.802,323.304,52.426,588.667,0,NA,NA,NA,NA,74.453,NA,1.463,-999,-999
03/02/2024 03:00:00 PM,693.758,30.386,3.963,323.404,50.899,507.403,0,NA,NA,NA,NA,76.455,NA,1.45,-999,-999
03/02/2024 04:00:00 PM,693.453,30.024,4.758,323.493,52.562,358.713,0,NA,NA,NA,NA,80.572,NA,1.627,-999,-999
03/02/2024 05:00:00 PM,693.724,29.071,4.622,333.201,55.865,140.65,0,NA,NA,NA,NA,85.093,NA,1.843,-999,-999
03/02/2024 06:00:00 PM,694.154,28.364,3.245,330.782,58.976,29.483,0,NA,NA,NA,NA,82.412,NA,2.319,-999,-999
03/02/2024 07:00:00 PM,694.528,27.935,2.76,337.444,60.375,0.853,0,NA,NA,NA,NA,70.704,NA,3.338,-999,-999
03/02/2024 08:00:00 PM,695.006,27.286,1.632,328.217,63.566,0,0,NA,NA,NA,NA,57.305,NA,3.143,-999,-999
03/02/2024 09:00:00 PM,695.471,26.935,0.979,315.067,65.81,0,0,NA,NA,NA,NA,50.068,NA,4.042,-999,-999
03/02/2024 10:00:00 PM,695.843,26.483,0.966,28.872,67.93,0,0,NA,NA,NA,NA,43.706,NA,3.946,-999,-999
03/02/2024 11:00:00 PM,696.149,26.119,1.07,57.287,69.683,0,0,NA,NA,NA,NA,43.57,NA,4.596,-999,-999
03/03/2024 12:00:00 AM,696.234,25.835,1.161,140.305,70.208,0,0,NA,NA,NA,NA,50.494,NA,3.336,-999,-999
03/03/2024 01:00:00 AM,695.887,25.472,1.108,120.764,71.495,0,0,NA,NA,NA,NA,48.834,NA,2.621,-999,-999
03/03/2024 02:00:00 AM,695.433,24.834,0.773,125.499,74.13,0,0,NA,NA,NA,NA,40.289,NA,2.843,-999,-999
03/03/2024 03:00:00 AM,695.068,24.123,0.799,354.041,76.086,0,0,NA,NA,NA,NA,31.443,NA,3.666,-999,-999
03/03/2024 04:00:00 AM,695.011,23.787,0.806,130.55,76.947,0,0,NA,NA,NA,NA,27.198,NA,4.147,-999,-999
03/03/2024 05:00:00 AM,695.002,23.11,1.102,13.582,80.646,0,0,NA,NA,NA,NA,14.03,NA,6.783,-999,-999
03/03/2024 06:00:00 AM,695.292,23.086,1.072,122.825,80.429,0,0,NA,NA,NA,NA,16.217,NA,6.08,-999,-999
03/03/2024 07:00:00 AM,695.723,23.015,0.857,48.45,79.902,8.78,0,NA,NA,NA,NA,13.961,NA,4.27,-999,-999
03/03/2024 08:00:00 AM,696.135,23.506,1.269,353.683,79.034,92.961,0,NA,NA,NA,NA,10.416,NA,4.547,-999,-999
03/03/2024 09:00:00 AM,696.368,24.732,2.228,26.914,72.696,307.947,0,NA,NA,NA,NA,37.335,NA,3.715,-999,-999
03/03/2024 10:00:00 AM,696.323,26.435,3.119,19.209,66.439,497.366,0,NA,NA,NA,NA,59.282,NA,2.523,-999,-999
03/03/2024 11:00:00 AM,696.116,27.642,3.68,356.76,63.182,514.653,0,NA,NA,NA,NA,67.499,NA,2.376,-999,-999
03/03/2024 12:00:00 PM,695.602,28.018,4.547,338.947,62.027,448.533,0,NA,NA,NA,NA,67.417,NA,2.317,-999,-999
03/03/2024 01:00:00 PM,695.067,28.372,4.229,313.942,62.18,365.126,0,NA,NA,NA,NA,67.374,NA,2.245,-999,-999
03/03/2024 02:00:00 PM,694.176,28.93,4.778,345.19,60.473,477.71,0,NA,NA,NA,NA,72.12,NA,2.056,-999,-999
03/03/2024 03:00:00 PM,693.452,29.711,4.79,344.427,57.534,471.185,0,NA,NA,NA,NA,76.53,NA,2.098,-999,-999
03/03/2024 04:00:00 PM,693.099,30.019,4.914,311.898,55.868,352.414,0,NA,NA,NA,NA,78.99,NA,2.001,-999,-999
03/03/2024 05:00:00 PM,693.152,29.523,4.116,299.554,58.331,263.867,0,NA,NA,NA,NA,82.614,NA,2.092,-999,-999
03/03/2024 06:00:00 PM,693.529,28.317,3.578,302.265,62.857,57.661,0,NA,NA,NA,NA,86.984,NA,1.884,-999,-999
03/03/2024 07:00:00 PM,694.055,27.758,2.617,324.493,64.938,1.385,0,NA,NA,NA,NA,79.312,NA,3.125,-999,-999
03/03/2024 08:00:00 PM,694.552,27.408,2.412,335.084,66.978,0,0,NA,NA,NA,NA,73.474,NA,2.865,-999,-999
03/03/2024 09:00:00 PM,695.125,26.937,0.959,311.997,69.226,0,0,NA,NA,NA,NA,63.461,NA,3.417,-999,-999
03/03/2024 10:00:00 PM,695.538,26.63,0.82,304.739,71.004,0,0,NA,NA,NA,NA,52.809,NA,4.144,-999,-999
03/03/2024 11:00:00 PM,695.863,26.048,1.182,346.342,73.976,0,0,NA,NA,NA,NA,48.922,NA,4.465,-999,-999
03/04/2024 12:00:00 AM,695.746,25.811,0.976,328.774,74.432,0,0,NA,NA,NA,NA,56.161,NA,4.022,-999,-999
03/04/2024 01:00:00 AM,695.386,25.54,0.967,44.023,75.784,0,0,NA,NA,NA,NA,53.107,NA,2.954,-999,-999
03/04/2024 02:00:00 AM,694.922,25.089,0.764,301.626,77.959,0,0,NA,NA,NA,NA,47.509,NA,2.535,-999,-999
03/04/2024 03:00:00 AM,694.59,24.647,1.365,295.848,79.176,0,0,NA,NA,NA,NA,48.609,NA,2.528,-999,-999
03/04/2024 04:00:00 AM,694.522,24.164,1.463,52.422,79.973,0,0,NA,NA,NA,NA,42.044,NA,1.607,-999,-999
03/04/2024 05:00:00 AM,694.787,23.899,1.197,100.536,78.734,0,0,NA,NA,NA,NA,34.608,NA,1.361,-999,-999
03/04/2024 06:00:00 AM,695.233,23.608,1.174,110.809,80.535,0,0,NA,NA,NA,NA,19.753,NA,2.073,-999,-999
03/04/2024 07:00:00 AM,695.693,23.159,1.16,83.46,83.083,6.154,0,NA,NA,NA,NA,12.025,NA,1.971,-999,-999
03/04/2024 08:00:00 AM,696.061,23.63,1.251,104.268,81.302,52.683,0,NA,NA,NA,NA,9.2,NA,1.985,-999,-999
03/04/2024 09:00:00 AM,696.265,25.068,1.505,111.241,75.976,298.103,0,NA,NA,NA,NA,22.94,NA,1.757,-999,-999
03/04/2024 10:00:00 AM,696.253,27.372,1.889,43.696,64.957,501.651,65.199,NA,NA,NA,NA,56.933,NA,1.928,7.477,4.568
03/04/2024 11:00:00 AM,695.769,28.552,2.056,333.602,60.2,614.348,31.799,NA,NA,NA,NA,69.309,NA,2.285,18.077,12.319
03/04/2024 12:00:00 PM,695.059,29.874,2.675,271.888,56.811,573.345,0,NA,NA,NA,NA,69.887,NA,1.29,37.582,25.089
03/04/2024 01:00:00 PM,694.416,29.603,5.176,332.682,59.222,535.195,0,NA,NA,NA,NA,66.305,NA,0.968,33.68,22.272
03/04/2024 02:00:00 PM,693.728,30.016,5,337.011,58.653,494.691,0,NA,NA,NA,NA,64.868,NA,0.997,30.836,21.125
03/04/2024 03:00:00 PM,693.119,30.521,4.85,334.296,56.382,546.762,0,NA,NA,NA,NA,70.643,NA,0.774,29.311,20.594
03/04/2024 04:00:00 PM,692.598,30.568,3.911,336.164,55.658,362.532,0,NA,NA,NA,NA,73.445,NA,0.878,30.215,19.467
03/04/2024 05:00:00 PM,692.455,30.41,3.771,307.687,55.718,231.206,0,NA,NA,NA,NA,75.497,NA,0.682,29.557,20.133
03/04/2024 06:00:00 PM,692.683,29.38,3.4,323.635,59.492,105.35,0,NA,NA,NA,NA,75.59,NA,1.051,32.389,22.251
03/04/2024 07:00:00 PM,693.146,28.365,2.505,313.33,62.707,2.577,0,NA,NA,NA,NA,60.715,NA,1.626,40.908,26.617
03/04/2024 08:00:00 PM,693.634,27.613,2.056,346.542,65.219,0,0,NA,NA,NA,NA,55.87,NA,2.554,45.808,28.981
03/04/2024 09:00:00 PM,694.254,26.825,0.797,313.925,68.687,0,0,NA,NA,NA,NA,44.468,NA,3.214,52.807,30.476
03/04/2024 10:00:00 PM,694.828,26.351,1.381,77.391,70.924,0,0,NA,NA,NA,NA,42.982,NA,2.488,40.615,24.783
03/04/2024 11:00:00 PM,695.11,26.111,0.969,134.326,71.838,0,0,NA,NA,NA,NA,35.808,NA,2.615,38.072,24.393
03/05/2024 12:00:00 AM,695.103,25.393,1.244,84.617,74.61,0,0,NA,NA,NA,NA,34.561,NA,2.439,33.814,22.391
03/05/2024 01:00:00 AM,694.618,25.058,1.437,100.53,75.175,0,0,NA,NA,NA,NA,36.947,NA,1.923,31.272,21.428
03/05/2024 02:00:00 AM,694.085,25.054,1.297,122.829,74.381,0,0,NA,NA,NA,NA,36.335,NA,2.185,30.768,21.403
03/05/2024 03:00:00 AM,693.896,24.394,1.182,93.295,78.228,0,0,NA,NA,NA,NA,22.708,NA,5.451,36.428,25.69
03/05/2024 04:00:00 AM,693.973,23.824,1.465,135.977,82.779,0,0.4,NA,NA,NA,NA,28.393,NA,5.536,38.879,28.357
03/05/2024 05:00:00 AM,694.187,22.101,2.223,112.57,90.644,0,1,NA,NA,NA,NA,36.367,NA,3.201,27.661,21.299
03/05/2024 06:00:00 AM,694.222,22.372,1.951,111.742,87.998,0,0,NA,NA,NA,NA,24.717,NA,3.49,28.293,21.3
03/05/2024 07:00:00 AM,694.658,22.436,0.961,102.802,89.382,16.948,0,NA,NA,NA,NA,4.088,NA,5.312,36.428,26.076
03/05/2024 08:00:00 AM,695.148,22.791,1.357,61.145,87.748,137.669,0,NA,NA,NA,NA,6.792,NA,3.634,41.599,24.711
03/05/2024 09:00:00 AM,695.281,24.681,1.324,13.215,81.601,324.397,0,NA,NA,NA,NA,16.881,NA,4.989,60.482,33.091
03/05/2024 10:00:00 AM,695.304,26.743,1.972,28.9,73.753,435.676,0,NA,NA,NA,NA,49.862,NA,3.411,70.056,40.324
03/05/2024 11:00:00 AM,694.857,28.048,3.29,8.799,68.301,601.588,0,NA,NA,NA,NA,89.904,NA,3.074,50.103,34.932
03/05/2024 12:00:00 PM,694.202,29.407,4.822,7.759,63.098,635.647,0,NA,NA,NA,NA,73.481,NA,2.486,40.91,29.457
03/05/2024 01:00:00 PM,693.704,29.614,4.667,343.055,62.683,480.223,0.2,NA,NA,NA,NA,68.035,NA,2.417,36.127,25.983
03/05/2024 02:00:00 PM,693.154,29.843,4.209,330.454,61.718,477.613,0,NA,NA,NA,NA,70.574,NA,2.47,34.93,25.397
03/05/2024 03:00:00 PM,692.321,30.348,4.867,333.92,59.056,479.337,0,NA,NA,NA,NA,75.739,NA,1.918,33.933,24.493
03/05/2024 04:00:00 PM,691.809,30.611,4.183,328,58.082,344.02,0,NA,NA,NA,NA,77.503,NA,1.888,38.312,23.527
03/05/2024 05:00:00 PM,691.691,30.401,3.749,322.776,58.71,244.76,0,NA,NA,NA,NA,77.11,NA,1.497,29.722,21.331
03/05/2024 06:00:00 PM,691.928,29.328,2.673,322.229,61.968,67.163,0,NA,NA,NA,NA,71.882,NA,2.15,35.832,23.994
03/05/2024 07:00:00 PM,692.331,28.175,2.424,298.598,65.284,0,0,NA,NA,NA,NA,69.464,NA,2.64,43.328,25.589
03/05/2024 08:00:00 PM,692.773,27.719,1.134,333.223,68.281,0,0,NA,NA,NA,NA,44.878,NA,3.596,43.014,27.15
03/05/2024 09:00:00 PM,693.406,27.166,1.19,28.508,71.473,0,0,NA,NA,NA,NA,45.554,NA,3.991,39.424,27.251
03/05/2024 10:00:00 PM,693.96,26.684,1.455,85.802,73.346,0,0,NA,NA,NA,NA,43.415,NA,3.727,35.195,24.511
03/05/2024 11:00:00 PM,694.138,26.183,1.786,32.621,74.724,0,0,NA,NA,NA,NA,43.216,NA,2.702,32.578,23.47
03/06/2024 12:00:00 AM,694.169,26.076,1.334,106.109,75.378,0,0,NA,NA,NA,NA,38.995,NA,3.582,32.782,23.954
03/06/2024 01:00:00 AM,693.84,25.85,1.147,36.299,76.056,0,0,NA,NA,NA,NA,36.751,NA,2.288,33.342,24.123
03/06/2024 02:00:00 AM,693.327,25.506,1.346,99.129,74.413,0,0,NA,NA,NA,NA,31.444,NA,1.594,31.089,23.308
03/06/2024 03:00:00 AM,693.143,25.397,1.644,105.974,70.612,0,0,NA,NA,NA,NA,29.157,NA,1.08,31.061,23.928
03/06/2024 04:00:00 AM,693.41,22.541,1.921,70.089,89.517,0,15.6,NA,NA,NA,NA,37.107,NA,2.675,32.647,25.951
03/06/2024 05:00:00 AM,693.507,21.918,1.519,127.125,96.239,0,0.6,NA,NA,NA,NA,24.372,NA,2.8,29.612,25.21
03/06/2024 06:00:00 AM,693.753,22.053,1.273,19.186,91.656,0,0,NA,NA,NA,NA,10.433,NA,2.544,33.031,24.664
03/06/2024 07:00:00 AM,694.187,22.209,1.1,349.222,90.317,22.023,0,NA,NA,NA,NA,7.496,NA,2.775,35.071,26.097
03/06/2024 08:00:00 AM,694.683,23.344,0.929,100.505,86.35,144.532,0,NA,NA,NA,NA,3.926,NA,3.602,49.932,29.393
03/06/2024 09:00:00 AM,694.866,25.571,0.961,354.299,79.305,305.563,0,NA,NA,NA,NA,17.736,NA,2.926,66.72,33.584
03/06/2024 10:00:00 AM,694.865,27.017,1.627,312.019,76.842,488.698,0,NA,NA,NA,NA,45.808,NA,4.093,59.168,39.583
03/06/2024 11:00:00 AM,694.535,28.361,2.936,357.914,67.512,597.416,0,NA,NA,NA,NA,96.534,NA,1.803,48.432,36.034
03/06/2024 12:00:00 PM,693.951,28.954,4.368,324.38,66.717,476.163,0.2,NA,NA,NA,NA,79.178,NA,0.954,46.585,34.555
03/06/2024 01:00:00 PM,693.393,29.124,4.536,333.52,66.484,399.249,0,NA,NA,NA,NA,75.265,NA,1.106,44.845,34.69
03/06/2024 02:00:00 PM,692.708,29.66,4.248,333.421,64.969,447.357,0,NA,NA,NA,NA,80.649,NA,0.926,44.056,34.377
03/06/2024 03:00:00 PM,692.057,30.358,4.066,344.226,62.627,469.236,0,NA,NA,NA,NA,82.435,NA,0.957,48.67,33.168
03/06/2024 04:00:00 PM,691.592,30.467,3.969,327.3,61.863,356.152,0,NA,NA,NA,NA,83.73,NA,0.897,40.236,30.223
03/06/2024 05:00:00 PM,691.494,30.167,3.781,331.717,62.57,195.894,0,NA,NA,NA,NA,83.086,NA,0.86,41.07,29.857
03/06/2024 06:00:00 PM,691.909,29.416,2.88,325.687,64.85,81.361,0,NA,NA,NA,NA,79.106,NA,1.053,39.532,29.201
03/06/2024 07:00:00 PM,692.421,28.397,2.23,324.692,68.219,2.11,0,NA,NA,NA,NA,66.653,NA,1.359,42.238,29.974
03/06/2024 08:00:00 PM,693.054,27.602,1.08,313.962,71.274,0,0,NA,NA,NA,NA,53.427,NA,1.608,46.263,32.149
03/06/2024 09:00:00 PM,693.83,26.854,0.936,254.75,75.208,0,0,NA,NA,NA,NA,23.633,NA,2.106,53.503,34.067
03/06/2024 10:00:00 PM,694.502,26.476,1.238,113.927,76.335,0,0,NA,NA,NA,NA,38.117,NA,1.644,43.122,30.358
03/06/2024 11:00:00 PM,694.879,26.212,1.747,113.861,76.419,0,0,NA,NA,NA,NA,38.933,NA,1.384,41.2,29.185
03/07/2024 12:00:00 AM,694.765,26.042,1.492,87.451,76.277,0,0,NA,NA,NA,NA,34.72,NA,1.374,38.952,28.676
03/07/2024 01:00:00 AM,694.379,25.638,1.388,119.036,78.011,0,0,NA,NA,NA,NA,21.526,NA,4.591,40.871,30.207
03/07/2024 02:00:00 AM,693.911,25.525,1.488,104.463,73.817,0,0,NA,NA,NA,NA,31.545,NA,2.498,37.186,28.968
03/07/2024 03:00:00 AM,693.547,25.406,1.451,67.276,71.28,0,0,NA,NA,NA,NA,30.88,NA,2.577,36.95,29.327
03/07/2024 04:00:00 AM,693.41,24.903,1.496,70.012,71.778,0,0,NA,NA,NA,NA,30.04,NA,2.355,37.028,29.376
03/07/2024 05:00:00 AM,693.637,24.87,1.155,38.394,69.141,0,0,NA,NA,NA,NA,27.793,NA,2.922,36.884,29.559
03/07/2024 06:00:00 AM,694.112,24.857,1.755,91.54,67.799,0,0,NA,NA,NA,NA,21.666,NA,2.361,36.649,29.797
03/07/2024 07:00:00 AM,694.536,24.356,1.77,64.875,70.013,15.933,0,NA,NA,NA,NA,15.007,NA,2.919,43.184,31.147
03/07/2024 08:00:00 AM,695.063,24.469,1.184,46.431,72.715,51.732,0,NA,NA,NA,NA,11.53,NA,3.283,63.814,35.494
03/07/2024 09:00:00 AM,695.369,25.583,1.105,98.01,68.368,156.358,0,NA,NA,NA,NA,13.683,NA,3.453,112.289,42.263
03/07/2024 10:00:00 AM,695.451,27.252,2.181,25.601,68.922,508.079,0,NA,NA,NA,NA,39.07,NA,3.732,57.499,37.754
03/07/2024 11:00:00 AM,694.949,29.098,2.091,334.932,63.973,601.395,0,NA,NA,NA,NA,69.933,NA,2.358,45.695,33.488
03/07/2024 12:00:00 PM,694.127,30.53,3.264,334.634,59.123,516.699,0,NA,NA,NA,NA,85.271,NA,1.857,47.35,35.144
03/07/2024 01:00:00 PM,693.627,30.146,5.072,330.558,63.075,563.228,0,NA,NA,NA,NA,81.668,NA,2.112,51.635,39.688
03/07/2024 02:00:00 PM,692.947,30.733,4.718,338.381,61.668,464.306,0,NA,NA,NA,NA,84.989,NA,2.401,52.643,42.121
03/07/2024 03:00:00 PM,692.316,31.069,4.725,331.459,60.499,495.207,0,NA,NA,NA,NA,84.857,NA,2.156,50.042,39.155
03/07/2024 04:00:00 PM,691.927,30.971,4.364,337.089,60.679,310.847,0,NA,NA,NA,NA,89.255,NA,2.368,48.822,37.937
03/07/2024 05:00:00 PM,691.873,30.295,4.931,349.496,61.871,168.459,0,NA,NA,NA,NA,86.278,NA,2.529,47.533,35.983
03/07/2024 06:00:00 PM,692.121,29.45,4.005,353.907,66.33,53.424,0,NA,NA,NA,NA,62.86,NA,3.635,47.861,36.166
03/07/2024 07:00:00 PM,692.721,28.739,1.97,351.119,69.938,1.611,0,NA,NA,NA,NA,49.937,NA,4.08,52.792,37.539
03/07/2024 08:00:00 PM,693.364,27.864,2.05,326.712,74.316,0,0,NA,NA,NA,NA,44.187,NA,4.919,51.934,38.66
03/07/2024 09:00:00 PM,693.897,27.079,1.152,73.55,77.576,0,0,NA,NA,NA,NA,33.513,NA,3.739,49.548,36.984
03/07/2024 10:00:00 PM,694.347,26.55,1.23,113.54,79.207,0,0,NA,NA,NA,NA,35.189,NA,3.451,47.703,35.641
03/07/2024 11:00:00 PM,694.872,25.864,1.539,117.519,80.468,0,0,NA,NA,NA,NA,31.919,NA,2.917,41.688,32.594
03/08/2024 12:00:00 AM,695.072,25.547,1.77,60.019,79.334,0,0,NA,NA,NA,NA,31.418,NA,3.058,39.358,31.464
03/08/2024 01:00:00 AM,694.511,25.32,1.872,50.442,77.943,0,0,NA,NA,NA,NA,30.846,NA,2.297,39.16,30.714
03/08/2024 02:00:00 AM,694.059,25.444,1.384,69.88,74.952,0,0,NA,NA,NA,NA,31.514,NA,2.124,38.293,30.645
03/08/2024 03:00:00 AM,693.881,25.274,1.439,113.247,74.576,0,0,NA,NA,NA,NA,27.629,NA,2.388,36.953,29.945
03/08/2024 04:00:00 AM,693.896,23.231,1.585,43.503,89.895,0,3.199,NA,NA,NA,NA,48.688,NA,3.692,33.001,28.379
03/08/2024 05:00:00 AM,694.013,22.659,1.019,202.949,95.179,0,0,NA,NA,NA,NA,34.949,NA,4.295,31.915,27.562
03/08/2024 06:00:00 AM,694.618,22.784,0.869,62.227,92.354,0,0,NA,NA,NA,NA,8.685,NA,4.365,35.151,29.567
03/08/2024 07:00:00 AM,695.318,22.803,0.734,278.596,91.037,6.379,0,NA,NA,NA,NA,3.926,NA,5.721,43.823,32.773
03/08/2024 08:00:00 AM,695.631,23.212,0.82,174.83,91.7,39.278,0,NA,NA,NA,NA,3.926,NA,6.964,53.788,35.842
03/08/2024 09:00:00 AM,696.002,24.315,0.941,137.123,85.742,145.837,0,NA,NA,NA,NA,6.806,NA,5.712,64.143,37.154
03/08/2024 10:00:00 AM,696.046,26.002,1.564,5.985,81.545,391.854,0,NA,NA,NA,NA,27.194,NA,4.228,48.552,37.091
03/08/2024 11:00:00 AM,695.623,27.449,2.682,343.925,76.121,533.164,0,NA,NA,NA,NA,58.359,NA,2.186,51.431,41.26
03/08/2024 12:00:00 PM,695.081,28.38,3.756,339.282,73.11,625.594,0,NA,NA,NA,NA,67.193,NA,1.609,50.276,41.252
03/08/2024 01:00:00 PM,694.396,29.34,4.379,322.915,68.451,528.283,0,NA,NA,NA,NA,69.441,NA,1.775,47.407,38.736
03/08/2024 02:00:00 PM,693.67,29.943,4.893,331.214,66.328,544.813,0,NA,NA,NA,NA,74.281,NA,1.852,44.286,35.841
03/08/2024 03:00:00 PM,693.07,29.89,4.876,341.817,67.458,407.546,0,NA,NA,NA,NA,72.896,NA,1.781,43.265,34.818
03/08/2024 04:00:00 PM,692.685,30.036,4.376,343.773,66.361,329.875,0,NA,NA,NA,NA,75.132,NA,1.757,45.24,34.424
03/08/2024 05:00:00 PM,692.503,29.93,3.883,304.933,65.76,195.911,0,NA,NA,NA,NA,74.718,NA,1.734,43.238,34.227
03/08/2024 06:00:00 PM,692.799,28.043,3.098,355.541,75.621,49.01,0,NA,NA,NA,NA,59.018,NA,3.114,46.328,36.139
03/08/2024 07:00:00 PM,693.424,27.191,1.373,312.471,79.879,0.773,0,NA,NA,NA,NA,52.652,NA,2.415,46.519,36.134
03/08/2024 08:00:00 PM,693.855,26.721,1.359,357.493,81.256,0,0,NA,NA,NA,NA,35.119,NA,3.547,51.851,40.224
03/08/2024 09:00:00 PM,694.526,26.129,1.405,31.169,82.973,0,0,NA,NA,NA,NA,25.873,NA,3.336,53.524,39.759
03/08/2024 10:00:00 PM,694.979,25.617,1.06,65.288,84.55,0,0,NA,NA,NA,NA,21.477,NA,3.872,59.69,41.144
03/08/2024 11:00:00 PM,695.126,25.361,1.081,260.665,83.759,0,0,NA,NA,NA,NA,22.752,NA,3.783,51.875,38.762
03/09/2024 12:00:00 AM,694.944,25.011,1.414,69.126,82.867,0,0,NA,NA,NA,NA,28.693,NA,2.57,44.292,33.977
03/09/2024 01:00:00 AM,694.871,24.972,1.49,97.09,82.1,0,0,NA,NA,NA,NA,29.111,NA,2.277,41.625,32.474
03/09/2024 02:00:00 AM,694.569,25.241,1.157,147.423,78.889,0,0,NA,NA,NA,NA,30.091,NA,1.58,37.658,30.054
03/09/2024 03:00:00 AM,694.203,24.65,0.745,317.203,80.986,0,0,NA,NA,NA,NA,20.868,NA,3.567,37.405,30.245
03/09/2024 04:00:00 AM,693.981,23.969,0.994,152.085,83.985,0,0,NA,NA,NA,NA,9.62,NA,4.587,39.684,31.001
03/09/2024 05:00:00 AM,693.906,23.688,1.033,157.585,85.007,0,0,NA,NA,NA,NA,7.026,NA,5.338,40.842,31.264
03/09/2024 06:00:00 AM,694.249,23.587,1.037,68.043,83.306,0,0,NA,NA,NA,NA,4.336,NA,5.376,41.517,30.622
03/09/2024 07:00:00 AM,695.003,23.771,1.182,112.083,81.414,25.206,0,NA,NA,NA,NA,5.779,NA,3.4,41.153,30.187
03/09/2024 08:00:00 AM,695.42,24.468,0.983,136.259,76.53,70.244,0,NA,NA,NA,NA,9.653,NA,1.599,54.086,30.252
03/09/2024 09:00:00 AM,695.773,25.113,1.089,35.461,78.854,90.206,0,NA,NA,NA,NA,15.363,NA,1.47,58.451,34.312
03/09/2024 10:00:00 AM,696.166,25.21,1.743,47.768,82.626,125.038,0,NA,NA,NA,NA,19.491,NA,1.631,62.312,38.236
03/09/2024 11:00:00 AM,696.13,26.55,2.323,45.886,79.888,418.776,0,NA,NA,NA,NA,44.55,NA,1.862,49.346,36.829
03/09/2024 12:00:00 PM,695.418,28.472,3.147,352.569,70.867,461.55,0,NA,NA,NA,NA,64.296,NA,0.797,38.17,30.576
03/09/2024 01:00:00 PM,694.736,27.906,4.601,328.292,74.301,286.117,0,NA,NA,NA,NA,67.251,NA,0.965,34.503,28.968
03/09/2024 02:00:00 PM,694.017,28.145,3.049,330.25,73.893,259.711,0,NA,NA,NA,NA,65.004,NA,1.24,34.877,29.518
03/09/2024 03:00:00 PM,693.505,28.417,3.529,335.578,73.045,307.18,0,NA,NA,NA,NA,63.51,NA,1.073,36.751,30.422
03/09/2024 04:00:00 PM,693.135,29.256,3.038,329.139,69.945,360.84,0,NA,NA,NA,NA,65.454,NA,1.046,36.491,30.638
03/09/2024 05:00:00 PM,692.906,29.595,3.13,344.029,66.769,208.526,0,NA,NA,NA,NA,68.327,NA,1.057,35.578,30.23
03/09/2024 06:00:00 PM,692.972,28.81,2.517,331.8,68.229,67.263,0,NA,NA,NA,NA,68.236,NA,0.785,36.743,29.78
03/09/2024 07:00:00 PM,693.308,27.639,2.121,332.464,75.308,0.725,0,NA,NA,NA,NA,56.74,NA,2.013,39.87,32.06
03/09/2024 08:00:00 PM,693.822,26.912,1.44,33.142,79.648,0,0,NA,NA,NA,NA,41.146,NA,2.315,44.484,35.31
03/09/2024 09:00:00 PM,694.481,26.342,1.399,20.991,81.661,0,0,NA,NA,NA,NA,36.227,NA,2.457,49.793,37.269
03/09/2024 10:00:00 PM,694.953,25.872,1.394,93.924,79.591,0,0,NA,NA,NA,NA,31.724,NA,2.016,41.788,32.272
03/09/2024 11:00:00 PM,695.284,25.364,1.958,25.477,78.405,0,0,NA,NA,NA,NA,35.683,NA,1.619,36.655,28.7
03/10/2024 12:00:00 AM,695.253,25.336,1.879,52.355,74.761,0,0,NA,NA,NA,NA,38.716,NA,1.045,32.526,25.951
03/10/2024 01:00:00 AM,694.876,25.137,1.233,91.831,74.64,0,0,NA,NA,NA,NA,33.151,NA,1.822,31.474,25.354
03/10/2024 02:00:00 AM,694.567,24.607,0.799,333.876,78.715,0,0,NA,NA,NA,NA,22.033,NA,3.803,36.758,28.963
03/10/2024 03:00:00 AM,694.304,24.295,1.064,74.874,80.072,0,0,NA,NA,NA,NA,22.015,NA,3.441,36.827,29.216
03/10/2024 04:00:00 AM,694.197,24.571,0.791,80.691,75.822,0,0,NA,NA,NA,NA,15.442,NA,3.983,33.609,26.968
03/10/2024 05:00:00 AM,694.269,24.335,1.515,147.99,70.33,0,0,NA,NA,NA,NA,24.834,NA,2.525,28.35,22.645
03/10/2024 06:00:00 AM,694.554,23.636,1.115,95.204,74.56,0,0,NA,NA,NA,NA,13.157,NA,3.156,32.319,24.951
03/10/2024 07:00:00 AM,695.216,23.261,1.678,87.99,72.781,31.029,0,NA,NA,NA,NA,16.822,NA,3.035,30.297,22.501
03/10/2024 08:00:00 AM,695.563,24.777,2.347,78.015,63.046,204.951,0,NA,NA,NA,NA,31.216,NA,1.129,25.865,18.848
03/10/2024 09:00:00 AM,695.871,27.053,1.264,38.628,64.442,356.474,0,NA,NA,NA,NA,26.997,NA,3.132,37.222,28.681
03/10/2024 10:00:00 AM,695.942,28.206,1.691,338.95,66.527,504.632,0,NA,NA,NA,NA,50.235,NA,4.078,48.437,37.026
03/10/2024 11:00:00 AM,695.614,30.121,2.073,317.196,57.472,604.021,0,NA,NA,NA,NA,80.485,NA,1.796,42.605,32.076
03/10/2024 12:00:00 PM,694.862,31.169,3.461,324.833,54.049,628.478,0,NA,NA,NA,NA,86.054,NA,0.769,32.295,26.031
03/10/2024 01:00:00 PM,694.297,31.462,4.737,321.537,56.654,637.081,0,NA,NA,NA,NA,79.426,NA,0.654,31.203,25.568
03/10/2024 02:00:00 PM,693.705,31.433,4.383,340.976,58.419,464.402,0,NA,NA,NA,NA,79.256,NA,0.929,33.31,27.681
03/10/2024 03:00:00 PM,693.066,31.5,4.055,321.558,57.563,412.589,0,NA,NA,NA,NA,79.091,NA,0.74,31.667,26.322
03/10/2024 04:00:00 PM,692.428,32.226,4.331,303.79,54.608,373.407,0,NA,NA,NA,NA,82.738,NA,1.199,29.905,25.11
03/10/2024 05:00:00 PM,692.203,31.117,4.896,2.357,59.437,211.845,0,NA,NA,NA,NA,88.765,NA,0.953,31.804,26.039
03/10/2024 06:00:00 PM,692.203,30.514,3.509,347.337,63.042,82.392,0,NA,NA,NA,NA,90.706,NA,1.222,33.864,27.213
03/10/2024 07:00:00 PM,692.525,29.398,2.638,329.316,67.832,1.788,0,NA,NA,NA,NA,89.129,NA,1.815,37.129,29.199
03/10/2024 08:00:00 PM,693.226,28.72,0.96,280.372,71.079,0,0,NA,NA,NA,NA,59.791,NA,2.794,45.992,32.957
03/10/2024 09:00:00 PM,693.988,28.084,1.115,72.69,73.825,0,0,NA,NA,NA,NA,53.99,NA,3.014,48.248,33.937
03/10/2024 10:00:00 PM,694.573,27.367,1.365,91.231,75.356,0,0,NA,NA,NA,NA,45.541,NA,2.632,43.352,30.956
03/10/2024 11:00:00 PM,694.689,27.016,1.783,93.007,75.392,0,0,NA,NA,NA,NA,45.043,NA,2.541,39.561,29.742
03/11/2024 12:00:00 AM,694.728,26.726,1.59,64.911,74.934,0,0,NA,NA,NA,NA,43.564,NA,2.599,37.32,29.382
03/11/2024 01:00:00 AM,694.473,26.114,1.909,119.931,75.317,0,0,NA,NA,NA,NA,41.504,NA,2.269,35.908,28.391
03/11/2024 02:00:00 AM,694.224,26.056,1.742,78.9,72.79,0,0,NA,NA,NA,NA,37.945,NA,2.406,34.433,27.667
03/11/2024 03:00:00 AM,693.814,25.957,1.826,91.161,69.943,0,0,NA,NA,NA,NA,36.857,NA,2.163,33.195,27.172
03/11/2024 04:00:00 AM,693.67,25.624,1.697,44.947,70.92,0,0,NA,NA,NA,NA,36.066,NA,2.814,34.456,27.431
03/11/2024 05:00:00 AM,693.848,25.362,1.434,97.58,70.336,0,0,NA,NA,NA,NA,31.619,NA,2.066,31.921,26.313
03/11/2024 06:00:00 AM,694.029,24.961,1.424,98.615,71.87,0,0,NA,NA,NA,NA,26.273,NA,2.056,33.084,26.481
03/11/2024 07:00:00 AM,694.543,25.152,1.291,104.128,70.169,10.166,0,NA,NA,NA,NA,17.485,NA,2.272,38.53,28.212
03/11/2024 08:00:00 AM,695.205,25.561,1.299,111.975,68.289,58.61,0,NA,NA,NA,NA,17.585,NA,2.377,51.299,28.859
03/11/2024 09:00:00 AM,695.505,27.22,1.267,83.66,68.833,281.3,0,NA,NA,NA,NA,31.193,NA,2.763,71.24,32.687
03/11/2024 10:00:00 AM,695.76,27.456,2.845,25.272,75.413,269.973,0,NA,NA,NA,NA,52.636,NA,2.475,56.718,41.669
03/11/2024 11:00:00 AM,695.618,27.603,3.21,7.174,74.701,305.579,0,NA,NA,NA,NA,60.528,NA,2.101,44.573,33.184
03/11/2024 12:00:00 PM,695.061,28.641,4.076,343.015,72.316,336.061,0,NA,NA,NA,NA,65.551,NA,2.389,45.076,33.359
03/11/2024 01:00:00 PM,694.427,28.658,4.906,333.519,73.319,518.648,0,NA,NA,NA,NA,68.106,NA,2.34,44.874,33.727
03/11/2024 02:00:00 PM,693.641,29.605,5.032,332.197,69.373,459.295,0,NA,NA,NA,NA,70.789,NA,2.26,39.911,30.769
03/11/2024 03:00:00 PM,693.113,29.991,4.469,323.574,66.825,437.319,0,NA,NA,NA,NA,72.306,NA,2.042,40.078,29.798
03/11/2024 04:00:00 PM,692.638,30.078,3.964,333.997,66.986,284.006,0,NA,NA,NA,NA,76.024,NA,1.833,42.278,31.485
03/11/2024 05:00:00 PM,692.517,29.454,2.955,332.013,69.86,114.437,0,NA,NA,NA,NA,76.833,NA,2.384,44.348,31.41
03/11/2024 06:00:00 PM,692.781,29.029,2.274,324.346,71.285,30.419,0,NA,NA,NA,NA,77.233,NA,2.553,42.731,30.272
03/11/2024 07:00:00 PM,693.217,27.637,2.414,340.235,78.887,0.531,0,NA,NA,NA,NA,58.669,NA,3.359,44.551,31.988
03/11/2024 08:00:00 PM,694.028,26.902,1.896,312.333,80.819,0,0,NA,NA,NA,NA,48.845,NA,3.826,44.013,32.671
03/11/2024 09:00:00 PM,694.618,26.022,1.251,122.694,81.164,0,0,NA,NA,NA,NA,55.301,NA,3.287,29.943,24.042
03/11/2024 10:00:00 PM,695.023,25.636,1.09,84.219,84.033,0,0,NA,NA,NA,NA,24.087,NA,5.13,39.756,29.112
03/11/2024 11:00:00 PM,695.18,25.295,0.931,87.707,85.936,0,0,NA,NA,NA,NA,17.89,NA,9.541,40.338,29.078
03/12/2024 12:00:00 AM,695.52,24.994,1.021,12.848,87.732,0,0,NA,NA,NA,NA,10.553,NA,7.374,40.301,30.114
03/12/2024 01:00:00 AM,695.284,24.474,0.564,272.272,90.357,0,0,NA,NA,NA,NA,4.958,NA,9.215,39.739,28.957
03/12/2024 02:00:00 AM,694.882,24.018,0.93,21.584,91.987,0,0,NA,NA,NA,NA,10.828,NA,7.657,39.749,29.151
03/12/2024 03:00:00 AM,694.388,23.774,0.769,233.598,92.118,0,0,NA,NA,NA,NA,8.296,NA,8.372,38.384,28.78
03/12/2024 04:00:00 AM,694.535,23.604,1.176,195.783,88.262,0,0,NA,NA,NA,NA,11.726,NA,6.808,37.609,26.894
03/12/2024 05:00:00 AM,694.535,23.821,1.708,31.746,81.365,0,0,NA,NA,NA,NA,18.541,NA,4.911,32.891,25.144
03/12/2024 06:00:00 AM,694.56,24.156,1.262,109.984,74.108,0,0,NA,NA,NA,NA,14.083,NA,4.083,28.29,22.127
03/12/2024 07:00:00 AM,694.88,23.955,1.658,104.556,71.724,18.394,0,NA,NA,NA,NA,14.945,NA,3.711,31.376,21.434
03/12/2024 08:00:00 AM,695.461,24.797,1.495,92.381,68.272,135.284,0,NA,NA,NA,NA,17.13,NA,3.55,61.709,25.716
03/12/2024 09:00:00 AM,695.657,27.262,1.045,68.332,67.006,245.388,0,NA,NA,NA,NA,17.636,NA,6.187,61.215,30.179
03/12/2024 10:00:00 AM,695.734,27.495,2.12,293.923,70.044,491.63,0,NA,NA,NA,NA,45.342,NA,5.498,46.76,31.285
03/12/2024 11:00:00 AM,695.396,29.616,3.034,236.66,64.081,578.968,0,NA,NA,NA,NA,88.802,NA,3.02,42.392,30.651
03/12/2024 12:00:00 PM,694.73,30.324,4.291,7.146,61.77,607.469,0,NA,NA,NA,NA,87.775,NA,2.484,38.547,28.644
03/12/2024 01:00:00 PM,693.936,30.802,4.407,346.153,61.343,522.305,0,NA,NA,NA,NA,73.655,NA,2.282,35.12,26.764
03/12/2024 02:00:00 PM,693.386,31.076,4.502,309.855,60.847,478.5,0,NA,NA,NA,NA,72.389,NA,2.225,34.25,26.479
03/12/2024 03:00:00 PM,692.816,30.952,4.833,313.605,59.601,377.241,0,NA,NA,NA,NA,68.871,NA,2.231,36.032,28.216
03/12/2024 04:00:00 PM,692.373,30.115,4.979,317.824,62.57,225.877,0,NA,NA,NA,NA,74.161,NA,2.225,36.104,28.277
03/12/2024 05:00:00 PM,692.393,30.338,3.978,306.019,63.173,218.452,0,NA,NA,NA,NA,75.592,NA,2.667,41.798,34.845
03/12/2024 06:00:00 PM,692.636,29.64,3.629,330.592,65.093,58.773,0,NA,NA,NA,NA,71.273,NA,2.642,41.969,33.475
03/12/2024 07:00:00 PM,692.984,28.871,1.133,314.497,68.962,1.063,0,NA,NA,NA,NA,58.353,NA,3.212,47.046,33.09
03/12/2024 08:00:00 PM,693.44,28.044,0.882,319.257,73.421,0,0,NA,NA,NA,NA,44.567,NA,4.004,56.539,35.89
03/12/2024 09:00:00 PM,694.14,27.695,0.865,298.635,74.799,0,0,NA,NA,NA,NA,28.276,NA,5.537,59.058,42.142
03/12/2024 10:00:00 PM,694.483,27.098,1.336,301.546,76.304,0,0,NA,NA,NA,NA,42.698,NA,4.156,48.134,35.133
03/12/2024 11:00:00 PM,694.65,27.072,1.419,72.097,75.016,0,0,NA,NA,NA,NA,42.682,NA,3.726,43.352,32.548
03/13/2024 12:00:00 AM,694.441,26.884,2.183,84.164,74.383,0,0,NA,NA,NA,NA,44.064,NA,3.758,38.326,30.943
03/13/2024 01:00:00 AM,694.143,26.582,1.445,70.437,74,0,0,NA,NA,NA,NA,38.148,NA,2.904,37.844,29.712
03/13/2024 02:00:00 AM,693.925,25.988,1.384,56.728,75.821,0,0,NA,NA,NA,NA,31.422,NA,3.738,37.692,29.41
03/13/2024 03:00:00 AM,693.563,25.737,1.548,75.188,72.702,0,0,NA,NA,NA,NA,38.272,NA,2.268,31.708,25.725
03/13/2024 04:00:00 AM,693.335,25.474,1.233,107.708,71.654,0,0,NA,NA,NA,NA,37.823,NA,1.673,31.349,24.854
03/13/2024 05:00:00 AM,693.697,25.05,1.1,93.672,73.528,0,0,NA,NA,NA,NA,29.496,NA,3.345,35.316,26.889
03/13/2024 06:00:00 AM,693.937,24.807,1.684,54.387,73.53,0.016,0,NA,NA,NA,NA,25.703,NA,2.582,33.227,26.184
03/13/2024 07:00:00 AM,694.433,24.472,0.853,25.67,79.743,27.533,0,NA,NA,NA,NA,8.051,NA,3.732,47.033,32.207
03/13/2024 08:00:00 AM,694.729,25.671,1.114,44.034,76.914,118.642,0,NA,NA,NA,NA,25.719,NA,2.421,50.464,34.124
03/13/2024 09:00:00 AM,695.025,26.331,2.174,28.439,78.351,181.862,0,NA,NA,NA,NA,42.041,NA,2.187,53.883,39.634
03/13/2024 10:00:00 AM,695.241,27.613,2.011,359.878,74.238,405.903,0,NA,NA,NA,NA,53.936,NA,2.151,49.688,38.561
03/13/2024 11:00:00 AM,694.804,29.044,3.229,7.853,67.923,556.993,0,NA,NA,NA,NA,71.816,NA,1.583,46.48,36.417
03/13/2024 12:00:00 PM,694.078,30.506,3.301,328.867,62.219,602.555,0,NA,NA,NA,NA,75.196,NA,1.207,47.547,33.728
03/13/2024 01:00:00 PM,693.368,31.451,3.887,327.535,57.558,595.095,0,NA,NA,NA,NA,76.788,NA,1.215,42.016,31.477
03/13/2024 02:00:00 PM,692.774,31.76,4.542,315.309,56.674,539.641,0,NA,NA,NA,NA,76.024,NA,1.161,41.62,30.165
03/13/2024 03:00:00 PM,691.976,31.977,4.296,321.355,55.825,521.21,0,NA,NA,NA,NA,80.548,NA,1.404,40.481,29.415
03/13/2024 04:00:00 PM,691.477,31.871,4.614,318.949,55.85,335.143,0,NA,NA,NA,NA,87.218,NA,1.068,43.703,31.869
03/13/2024 05:00:00 PM,691.4,31.39,3.412,306.514,57.867,187.919,0,NA,NA,NA,NA,92.521,NA,1.268,53.597,41.869
03/13/2024 06:00:00 PM,691.711,30.202,2.819,322.964,62.745,37.571,0,NA,NA,NA,NA,88.113,NA,1.477,48.624,34.919
03/13/2024 07:00:00 PM,692.158,29.41,2.985,337.575,66.06,0.805,0,NA,NA,NA,NA,81.641,NA,2.383,50.867,36.328
03/13/2024 08:00:00 PM,692.517,28.875,2.025,346.18,69.206,0,0,NA,NA,NA,NA,84.9,NA,2.678,59.702,43.247
03/13/2024 09:00:00 PM,693.27,28.076,1.544,325.075,71.178,0,0,NA,NA,NA,NA,64.459,NA,2.972,51.354,35.17
03/13/2024 10:00:00 PM,693.917,27.494,1.35,79.136,71.588,0,0,NA,NA,NA,NA,55.435,NA,2.674,33.09,22.979
03/13/2024 11:00:00 PM,694.195,27.016,1.608,105.251,72.722,0,0,NA,NA,NA,NA,46.537,NA,2.344,29.677,20.471
03/14/2024 12:00:00 AM,694.099,26.326,2.49,82.923,77.209,0,0,NA,NA,NA,NA,52.424,NA,1.802,34.019,24.775
03/14/2024 01:00:00 AM,693.647,25.846,1.605,95.523,79.343,0,0,NA,NA,NA,NA,42.508,NA,2.011,36.564,27.222
03/14/2024 02:00:00 AM,693.301,25.421,1.424,110.763,81.218,0,0,NA,NA,NA,NA,37.787,NA,2.041,38.649,28.362
03/14/2024 03:00:00 AM,693.232,24.768,1.12,88.984,84.811,0,0,NA,NA,NA,NA,31.564,NA,3.155,39.809,29.54
03/14/2024 04:00:00 AM,693.258,24.116,0.954,33.637,86.89,0,0,NA,NA,NA,NA,22.471,NA,2.75,36.472,28.05
03/14/2024 05:00:00 AM,693.269,23.971,0.811,223.841,88.623,0,0,NA,NA,NA,NA,25.316,NA,4.686,41.374,32.264
03/14/2024 06:00:00 AM,693.487,23.544,0.972,269.42,88.57,0,0,NA,NA,NA,NA,9.587,NA,4.43,41.876,30.835
03/14/2024 07:00:00 AM,693.749,23.506,1.063,175.996,84.002,30.788,0,NA,NA,NA,NA,4.489,NA,3.402,40.753,29.654
03/14/2024 08:00:00 AM,694.137,24.758,1.318,27.567,77.264,179.381,0,NA,NA,NA,NA,11.411,NA,3.062,44.232,28.204
03/14/2024 09:00:00 AM,694.419,26.433,1.645,11.191,74.085,322.85,0.2,NA,NA,NA,NA,19.632,NA,-999,45.945,31.954
03/14/2024 10:00:00 AM,694.343,28.762,1.737,18.044,67.581,479.273,0,NA,NA,NA,NA,48.215,NA,-999,51.844,36.014
03/14/2024 11:00:00 AM,694.32,30.293,1.051,328.459,63.899,536.898,0,NA,NA,NA,NA,-999,NA,-999,48.43,33.412
03/14/2024 12:00:00 PM,693.976,29.71,3.616,288.319,69.272,448.601,0,NA,NA,NA,NA,-999,NA,-999,54.011,39.135
03/14/2024 01:00:00 PM,693.319,30.006,5.197,314.438,67.325,577.39,0,NA,NA,NA,NA,55.778,NA,-999,46.899,36.288
03/14/2024 02:00:00 PM,692.681,30.262,4.601,328.467,65.022,443.603,0,NA,NA,NA,NA,82.588,NA,4.655,43.288,35.126
03/14/2024 03:00:00 PM,691.947,30.972,4.553,288.949,60.731,446.358,0,NA,NA,NA,NA,85.945,NA,4.146,44.117,34.401
03/14/2024 04:00:00 PM,691.423,29.996,4.611,294.316,62.558,175.595,0,NA,NA,NA,NA,88.474,NA,3.7,43.819,33.857
03/14/2024 05:00:00 PM,691.457,29.898,3.213,299.75,61.776,111.15,0,NA,NA,NA,NA,84.437,NA,3.91,43.326,33.176
03/14/2024 06:00:00 PM,691.81,29.242,4.365,321.287,66.576,14.532,0,NA,NA,NA,NA,85.674,NA,4.112,48.097,37.528
03/14/2024 07:00:00 PM,692.233,27.726,3.294,345.791,70.842,0.145,0,NA,NA,NA,NA,77.713,NA,5.132,42.487,33.611
03/14/2024 08:00:00 PM,692.732,26.607,1.54,272.415,72.871,0,0,NA,NA,NA,NA,67.675,NA,4.658,35.646,28.249
03/14/2024 09:00:00 PM,693.486,26.513,1.063,35.86,74.294,0,0,NA,NA,NA,NA,48.209,NA,5.837,42.5,31.59
03/14/2024 10:00:00 PM,694.008,26.403,1.343,59.67,75.765,0,0,NA,NA,NA,NA,44.399,NA,5.758,43.371,31.874
03/14/2024 11:00:00 PM,694.066,26.472,1.649,5.886,74.906,0,0,NA,NA,NA,NA,52.852,NA,5.851,41.511,32.142
03/15/2024 12:00:00 AM,694.136,25.969,1.301,64.1,77.443,0,0,NA,NA,NA,NA,36.269,NA,6.2,44.427,33.96
03/15/2024 01:00:00 AM,693.713,25.433,0.875,4.341,79.83,0,0,NA,NA,NA,NA,29.127,NA,4.643,44.329,34.65
03/15/2024 02:00:00 AM,692.825,24.75,0.972,351.449,82.63,0,0,NA,NA,NA,NA,16.16,NA,6.084,46.7,35.746
03/15/2024 03:00:00 AM,693.033,24.41,1.127,103.082,83.303,0,0,NA,NA,NA,NA,22.86,NA,5.571,45.23,35.99
03/15/2024 04:00:00 AM,692.852,24.862,1.143,102.23,76.478,0,0,NA,NA,NA,NA,36.126,NA,2.71,34.318,28.38
03/15/2024 05:00:00 AM,693.067,24.24,1.132,103.402,81.77,0,0,NA,NA,NA,NA,25.423,NA,3.822,41.88,32.898
03/15/2024 06:00:00 AM,693.758,23.991,1.323,76.679,79.394,0,0,NA,NA,NA,NA,17.408,NA,2.585,39.811,30.205
03/15/2024 07:00:00 AM,694.266,23.759,1.242,32.534,78.061,16.352,0,NA,NA,NA,NA,10.76,NA,3.223,43.161,29.676
03/15/2024 08:00:00 AM,694.484,25.543,0.924,106.925,69.963,177.512,0,NA,NA,NA,NA,17.934,NA,2.928,47.018,28.099
03/15/2024 09:00:00 AM,694.519,27.203,1.353,6.368,69.838,319.225,0,NA,NA,NA,NA,25.862,NA,5.304,50.948,34.479
03/15/2024 10:00:00 AM,694.537,28.417,2.143,316.467,68.176,493.886,0,NA,NA,NA,NA,64.579,NA,3.612,56.676,40.319
03/15/2024 11:00:00 AM,694.114,29.953,2.869,343.899,63.318,544.12,0,NA,NA,NA,NA,101.639,NA,1.916,47.786,36.588
03/15/2024 12:00:00 PM,693.709,30.053,4.733,277.316,66.396,410.172,0,NA,NA,NA,NA,85.587,NA,1.6,43.774,32.848
03/15/2024 01:00:00 PM,693.151,29.943,4.727,328.091,66.047,523.965,0,NA,NA,NA,NA,85.575,NA,1.611,39.019,30.743
03/15/2024 02:00:00 PM,692.301,31.398,3.594,311.356,59.923,431.745,0,NA,NA,NA,NA,81.929,NA,1.83,35.888,27.192
03/15/2024 03:00:00 PM,691.632,31.414,3.531,304.498,60.222,320.449,0,NA,NA,NA,NA,80.494,NA,1.412,35.608,27.42
03/15/2024 04:00:00 PM,691.072,31.323,5.173,324.053,59.204,316.051,0,NA,NA,NA,NA,85.301,NA,1.534,35.966,27.936
03/15/2024 05:00:00 PM,690.904,31.153,5.253,327.019,59.558,196.652,0,NA,NA,NA,NA,84.441,NA,1.901,38.242,29.696
03/15/2024 06:00:00 PM,691.279,30.099,4.364,334.434,65.433,40.583,0,NA,NA,NA,NA,78.929,NA,2.352,49.137,40.502
03/15/2024 07:00:00 PM,691.673,29.082,3.098,337.061,70.962,1.707,0,NA,NA,NA,NA,80.3,NA,2.58,45.377,36.345
03/15/2024 08:00:00 PM,692.355,28.087,1.368,317.058,72.251,0,0,NA,NA,NA,NA,45.477,NA,3.294,47.083,33.264
03/15/2024 09:00:00 PM,692.938,27.248,1.913,93.081,73.107,0,0,NA,NA,NA,NA,31.748,NA,2.943,40.046,27.713
03/15/2024 10:00:00 PM,693.148,26.535,2.503,100.764,73.373,0,0,NA,NA,NA,NA,33.684,NA,2.273,36.465,27.068
03/15/2024 11:00:00 PM,693.594,26.269,2.865,80.05,70.914,0,0,NA,NA,NA,NA,34.749,NA,2.207,33.979,25.453
03/16/2024 12:00:00 AM,693.889,25.953,2.905,89.341,69.26,0,0,NA,NA,NA,NA,34.94,NA,2.258,33.871,24.252
03/16/2024 01:00:00 AM,693.472,26.066,2.624,95.967,68.121,0,0,NA,NA,NA,NA,36.641,NA,1.762,31.675,23.713
03/16/2024 02:00:00 AM,692.887,25.962,1.873,87.769,66.883,0,0,NA,NA,NA,NA,34.933,NA,2.222,29.786,23.437
03/16/2024 03:00:00 AM,692.698,25.27,0.688,315.656,69.314,0,0,NA,NA,NA,NA,40.362,NA,1.954,24.588,18.597
03/16/2024 04:00:00 AM,692.722,24.611,0.95,202.695,72.242,0,0,NA,NA,NA,NA,39.343,NA,3.132,21.844,15.083
03/16/2024 05:00:00 AM,692.812,24.024,0.791,317.223,74.881,0,0,NA,NA,NA,NA,22.29,NA,3.021,24.39,16.003
03/16/2024 06:00:00 AM,693.149,23.849,1.231,167.438,75.241,0,0,NA,NA,NA,NA,30.508,NA,2.249,18.64,11.822
03/16/2024 07:00:00 AM,693.753,23.844,0.915,211.651,73.864,37.377,0,NA,NA,NA,NA,10.743,NA,2.886,28.884,18.999
03/16/2024 08:00:00 AM,694.072,25.107,1.252,302.143,68.055,180.444,0,NA,NA,NA,NA,17.553,NA,2.423,34.006,21.89
03/16/2024 09:00:00 AM,694.141,27.182,1.376,9.668,64.603,363.772,0,NA,NA,NA,NA,26.471,NA,3.069,40.084,22.973
03/16/2024 10:00:00 AM,694.149,28.707,2.175,338.872,60.217,527.284,0,NA,NA,NA,NA,54.992,NA,3.237,40.581,22.742
03/16/2024 11:00:00 AM,693.644,30.053,2.31,349.553,53.254,601.266,0,NA,NA,NA,NA,93.279,NA,1.34,34.967,22.234
03/16/2024 12:00:00 PM,693.061,31.495,4.212,338.671,52.18,620.712,0,NA,NA,NA,NA,96.05,NA,0.659,31.046,19.052
03/16/2024 01:00:00 PM,692.569,31.225,4.85,328.584,59.407,481.786,0,NA,NA,NA,NA,94.399,NA,0.805,34.427,23.029
03/16/2024 02:00:00 PM,692.017,31.172,5.588,320.147,61.17,428.781,0,NA,NA,NA,NA,97.248,NA,1.34,34.501,27.215
03/16/2024 03:00:00 PM,691.392,31.612,4.364,315.309,59.345,459.295,0,NA,NA,NA,NA,95.164,NA,1.401,37.057,29.676
03/16/2024 04:00:00 PM,691.149,31.087,4.79,300.295,60.617,294.446,1.2,NA,NA,NA,NA,89.7,NA,1.441,49.429,32.458
03/16/2024 05:00:00 PM,690.934,26.679,4.655,90.35,71.992,84.808,0.2,NA,NA,NA,NA,63.934,NA,1.778,40.848,20.896
03/16/2024 06:00:00 PM,691.081,27.341,2.842,93.63,67.204,50.572,0,NA,NA,NA,NA,49.756,NA,2.209,20.983,13.276
03/16/2024 07:00:00 PM,691.702,26.913,2.611,99.513,69.578,0.386,0,NA,NA,NA,NA,36.812,NA,2.285,23.881,13.566
03/16/2024 08:00:00 PM,692.048,26.652,2.436,113.338,70.773,0,0,NA,NA,NA,NA,29.805,NA,2.767,42.246,28.281
03/16/2024 09:00:00 PM,692.635,26.33,2.74,113.694,71.143,0,0,NA,NA,NA,NA,26.854,NA,2.131,25.308,17.09
03/16/2024 10:00:00 PM,692.896,26.141,2.961,95.86,71.594,0,0,NA,NA,NA,NA,32.015,NA,2.432,25.965,19.684
03/16/2024 11:00:00 PM,693.16,26.28,2.522,96.663,70.165,0,0,NA,NA,NA,NA,31.894,NA,2.318,29.201,22.664
03/17/2024 12:00:00 AM,693.282,26.025,2.252,83.421,70.135,0,0,NA,NA,NA,NA,30.678,NA,2.383,30.372,23.898
03/17/2024 01:00:00 AM,693.304,25.666,2.072,62.959,70.691,0,0,NA,NA,NA,NA,27.647,NA,1.487,30.552,23.995
03/17/2024 02:00:00 AM,692.78,25.486,2.062,67.654,69.38,0,0,NA,NA,NA,NA,26.872,NA,1.001,31.346,23.958
03/17/2024 03:00:00 AM,692.424,25.378,2.421,90.895,68.957,0,0,NA,NA,NA,NA,28.415,NA,1.032,30.584,23.972
03/17/2024 04:00:00 AM,692.517,25.22,1.584,69.294,68.44,0,0,NA,NA,NA,NA,26.352,NA,1.063,30.696,23.826
03/17/2024 05:00:00 AM,692.729,24.947,1.604,97.119,70.432,0,0,NA,NA,NA,NA,23.297,NA,1.024,31.671,24.001
03/17/2024 06:00:00 AM,693.03,24.607,1.442,100.271,72.471,0,0,NA,NA,NA,NA,19.388,NA,1.078,32.302,24.097
03/17/2024 07:00:00 AM,693.301,24.353,1.636,91.25,72.596,13.227,0,NA,NA,NA,NA,17.425,NA,1.15,33.802,24.809
03/17/2024 08:00:00 AM,693.82,24.711,1.324,82.208,72.141,93.895,0,NA,NA,NA,NA,16.613,NA,1.246,37.9,25.915
03/17/2024 09:00:00 AM,694.022,26.84,1.317,30.572,70.019,323.446,0,NA,NA,NA,NA,31.99,NA,1.154,43.337,32.597
03/17/2024 10:00:00 AM,694.156,28.806,1.875,342.007,67.655,517.037,0,NA,NA,NA,NA,58.653,NA,2.05,51.348,41.341
03/17/2024 11:00:00 AM,693.778,29.362,3.369,309.653,66.837,591.277,0,NA,NA,NA,NA,75.672,NA,1.167,52.271,40.977
03/17/2024 12:00:00 PM,693.161,29.687,5.094,312.738,67.331,599.671,0,NA,NA,NA,NA,75.236,NA,1.453,47.062,37.232
03/17/2024 01:00:00 PM,692.519,30.404,4.878,328.385,64.073,538.803,0,NA,NA,NA,NA,75.887,NA,1.164,41.682,33.674
03/17/2024 02:00:00 PM,691.919,31.159,5.355,320.561,60.662,559.184,0,NA,NA,NA,NA,76.428,NA,1.032,37.099,30.674
03/17/2024 03:00:00 PM,691.409,31.836,4.47,277.897,60.295,545.022,0,NA,NA,NA,NA,80.637,NA,1.165,37.731,29.66
03/17/2024 04:00:00 PM,691.065,30.886,6.259,318.882,63.97,353.59,0,NA,NA,NA,NA,87.867,NA,1.243,37.956,30.434
03/17/2024 05:00:00 PM,691.266,29.584,4.151,345.671,64.009,154.054,0,NA,NA,NA,NA,78.336,NA,1.446,33.424,25.801
03/17/2024 06:00:00 PM,691.366,29.211,2.262,313.86,66.723,73.369,0,NA,NA,NA,NA,74.645,NA,1.605,36.275,27.409
03/17/2024 07:00:00 PM,691.73,28.672,1.243,308.066,71.26,4.527,0,NA,NA,NA,NA,66.881,NA,2.165,47.001,34.69
03/17/2024 08:00:00 PM,691.996,27.759,2.024,79.604,72.413,0,0,NA,NA,NA,NA,40.513,NA,2,38.345,26.849
03/17/2024 09:00:00 PM,692.237,27.421,2.597,93.958,70.316,0,0,NA,NA,NA,NA,36.976,NA,1.872,32.513,24.543
03/17/2024 10:00:00 PM,692.832,27.123,2.141,89.629,69.787,0,0,NA,NA,NA,NA,33.301,NA,1.912,32.082,24.39
03/17/2024 11:00:00 PM,693.16,26.642,2.3,42.566,70.413,0,0,NA,NA,NA,NA,32.551,NA,1.899,31.832,24.018
03/18/2024 12:00:00 AM,693.068,26.515,2.252,74.971,69.294,0,0,NA,NA,NA,NA,33.126,NA,1.623,29.981,23.084
03/18/2024 01:00:00 AM,692.854,25.855,1.708,80.549,71.448,0,0,NA,NA,NA,NA,28.562,NA,2.365,30.351,23.178
03/18/2024 02:00:00 AM,692.569,25.225,1.403,78.481,73.854,0,0,NA,NA,NA,NA,27.902,NA,2.746,31.171,23.498
03/18/2024 03:00:00 AM,692.643,24.847,1.243,70.492,73.279,0,0,NA,NA,NA,NA,29.187,NA,2.772,32.323,23.818
03/18/2024 04:00:00 AM,692.685,24.936,1.31,40.663,70.214,0,0,NA,NA,NA,NA,30.9,NA,2.588,28.947,22.497
03/18/2024 05:00:00 AM,692.788,24.474,0.953,80.396,71.764,0,0,NA,NA,NA,NA,24.379,NA,2.805,29.42,22.731
03/18/2024 06:00:00 AM,693.51,24.164,0.976,44.259,71.643,0,0,NA,NA,NA,NA,15.205,NA,2.95,31.472,22.961
03/18/2024 07:00:00 AM,694.006,24.318,1.149,96.221,71.092,38.328,0,NA,NA,NA,NA,16.564,NA,2.985,34.636,23.545
03/18/2024 08:00:00 AM,694.444,25.542,1.333,315.567,70.271,198.198,0,NA,NA,NA,NA,16.938,NA,3.854,38.087,24.461
03/18/2024 09:00:00 AM,694.614,27.034,1.55,232.397,68.663,356.313,0,NA,NA,NA,NA,24.969,NA,4.151,46.027,26.908
03/18/2024 10:00:00 AM,694.486,29.593,1.572,273.261,58.978,508.611,0,NA,NA,NA,NA,54.75,NA,3.249,47.048,26.953
03/18/2024 11:00:00 AM,693.861,31.415,2.603,302.204,50.192,572.185,0,NA,NA,NA,NA,89.281,NA,2.566,40.819,24.898
03/18/2024 12:00:00 PM,693.164,31.885,3.788,301.282,50.572,604.742,0,NA,NA,NA,NA,100.888,NA,1.6,35.447,23.363
03/18/2024 01:00:00 PM,692.338,32.266,4.614,333.23,54.042,595.547,0,NA,NA,NA,NA,97.345,NA,1.484,36.352,24.914
03/18/2024 02:00:00 PM,691.632,32.58,4.825,301.46,55.202,504.39,0,NA,NA,NA,NA,93.001,NA,1.537,39.137,27.282
03/18/2024 03:00:00 PM,691.015,32.262,4.556,325.279,55.704,344.632,0,NA,NA,NA,NA,93.151,NA,1.531,34.992,26.666
03/18/2024 04:00:00 PM,690.607,32.046,3.451,283.391,55.523,157.325,0,NA,NA,NA,NA,89.112,NA,2.124,37.827,29.018
03/18/2024 05:00:00 PM,690.73,31.391,4.917,325.639,57.751,84.567,0,NA,NA,NA,NA,91.427,NA,2.304,41.413,31.268
03/18/2024 06:00:00 PM,691,30.751,4.65,341.022,62.699,47.994,0,NA,NA,NA,NA,91.702,NA,2.675,43.721,33.928
03/18/2024 07:00:00 PM,691.569,29.12,2.484,322.268,67.381,1.498,0,NA,NA,NA,NA,69.814,NA,3.413,42.407,31.369
03/18/2024 08:00:00 PM,692.378,27.79,1.481,38.594,70.188,0,0,NA,NA,NA,NA,45.259,NA,3.66,36.374,21.594
03/18/2024 09:00:00 PM,693.015,27.323,1.726,87.891,71.14,0,0,NA,NA,NA,NA,38.617,NA,3.404,28.549,19.281
03/18/2024 10:00:00 PM,693.638,26.733,2.423,54.324,73.191,0,0,NA,NA,NA,NA,40.02,NA,3.222,30.34,20.982
03/18/2024 11:00:00 PM,694.039,26.444,2.411,81.22,72.763,0,0,NA,NA,NA,NA,41.089,NA,3.234,30.037,22.015
03/19/2024 12:00:00 AM,694.19,26.283,2.348,88.404,71.326,0,0,NA,NA,NA,NA,38.508,NA,2.911,27.986,20.924
03/19/2024 01:00:00 AM,693.821,26.114,2.284,48.47,70.044,0,0,NA,NA,NA,NA,37.633,NA,2.941,27.27,20.009
03/19/2024 02:00:00 AM,693.128,25.956,2.351,86.819,69.262,0,0,NA,NA,NA,NA,36.332,NA,-999,24.88,18.983
03/19/2024 03:00:00 AM,692.855,25.704,1.849,92.679,69.659,0,0,NA,NA,NA,NA,35.946,NA,0.526,25.121,19.468
03/19/2024 04:00:00 AM,693.254,25.504,1.905,54.473,69.661,0,0,NA,NA,NA,NA,33.481,NA,-999,25.909,19.725
03/19/2024 05:00:00 AM,693.477,25.229,1.664,69.144,71.307,0,0,NA,NA,NA,NA,24.913,NA,1.2,27.428,20.174
03/19/2024 06:00:00 AM,693.62,24.749,1.053,45.487,80.403,0,0,NA,NA,NA,NA,23.529,NA,1.935,41.742,33.447
03/19/2024 07:00:00 AM,694.246,24.305,1.062,74.974,80.635,14.741,0,NA,NA,NA,NA,6.548,NA,1.918,48.808,34.871
03/19/2024 08:00:00 AM,694.968,24.425,1.425,114.427,80.955,63.445,0,NA,NA,NA,NA,7.699,NA,2.319,53.245,34.667
03/19/2024 09:00:00 AM,695.125,25.797,1.36,106.901,77.157,156.02,0,NA,NA,NA,NA,15.816,NA,1.1,82.61,38.804
03/19/2024 10:00:00 AM,695.363,26.882,2.837,320.691,75.3,274.855,0,NA,NA,NA,NA,40.995,NA,1.135,52.488,38.296
03/19/2024 11:00:00 AM,695.294,26.808,3.977,318.385,79.236,217.355,0,NA,NA,NA,NA,56.917,NA,0.451,52.322,42.246
03/19/2024 12:00:00 PM,694.871,27.157,4.033,324.644,78.567,235.307,0,NA,NA,NA,NA,60.929,NA,0.647,54.64,43.142
03/19/2024 01:00:00 PM,694.413,27.527,4.367,319.348,76.877,257.504,0,NA,NA,NA,NA,67.161,NA,0.688,51.014,40.388
03/19/2024 02:00:00 PM,693.703,28.874,3.716,335.809,71.627,468.8,0,NA,NA,NA,NA,74.254,NA,0.598,48.922,39.239
03/19/2024 03:00:00 PM,693.087,30.128,3.971,322.997,65.529,447.26,0,NA,NA,NA,NA,78.254,NA,0.466,48.928,39.878
03/19/2024 04:00:00 PM,692.838,29.058,4.786,339.678,69.214,115.677,0,NA,NA,NA,NA,73.302,NA,0.829,47.402,38.26
03/19/2024 05:00:00 PM,692.849,26.423,3.567,337.171,73.237,51.748,0,NA,NA,NA,NA,68.094,NA,0.583,37.468,27.755
03/19/2024 06:00:00 PM,692.765,25.655,1.943,301.087,74.718,25.89,0,NA,NA,NA,NA,44.75,NA,0.916,37.96,24.125
03/19/2024 07:00:00 PM,693.337,25.246,1.57,56.447,76.931,1.014,0,NA,NA,NA,NA,30.706,NA,1.447,45.762,27.475
03/19/2024 08:00:00 PM,693.922,25.537,1.988,21.259,75.051,0,0,NA,NA,NA,NA,25.522,NA,1.226,37.603,23.19
03/19/2024 09:00:00 PM,694.142,25.252,1.934,85.046,74.796,0,0,NA,NA,NA,NA,23.693,NA,1.816,36.191,23.36
03/19/2024 10:00:00 PM,694.985,24.577,1.012,29.844,77.538,0,0,NA,NA,NA,NA,11.723,NA,2.154,44.552,27.49
03/19/2024 11:00:00 PM,695.449,24.822,1.639,48.063,74.678,0,0,NA,NA,NA,NA,28.448,NA,0.837,30.585,21.316
03/20/2024 12:00:00 AM,695.54,24.602,1.78,95.528,74.933,0,0,NA,NA,NA,NA,21.536,NA,1.363,29.781,21.67
03/20/2024 01:00:00 AM,695.036,24.433,0.799,88.517,75.263,0,0,NA,NA,NA,NA,17.421,NA,3.103,29.628,21.512
03/20/2024 02:00:00 AM,694.536,23.689,0.878,112.255,78.534,0,0,NA,NA,NA,NA,14.146,NA,4.023,30.124,21.838
03/20/2024 03:00:00 AM,694.132,23.435,1.111,259.661,78.841,0,0,NA,NA,NA,NA,14.745,NA,3.732,29.564,21.901
03/20/2024 04:00:00 AM,694.183,22.962,0.856,74.009,81.58,0,0,NA,NA,NA,NA,10.551,NA,4.545,32.146,23.15
03/20/2024 05:00:00 AM,693.801,22.47,0.792,343.548,82.47,0,0,NA,NA,NA,NA,6.702,NA,5.3,31.466,23.086
03/20/2024 06:00:00 AM,694.4,22.543,1.787,5.595,79.926,0.032,0,NA,NA,NA,NA,7.288,NA,4.683,34.237,23.608
03/20/2024 07:00:00 AM,694.873,23.317,1.911,65.786,74.439,40.438,0,NA,NA,NA,NA,10.911,NA,7.577,33.087,22.272
03/20/2024 08:00:00 AM,695.745,23.915,1.044,310.263,77.434,180.589,0,NA,NA,NA,NA,6.36,NA,9.701,53.422,29.646
03/20/2024 09:00:00 AM,696.225,26.184,1.419,20.667,70.366,329.117,0,NA,NA,NA,NA,25.192,NA,3.6,77.608,32.1
03/20/2024 10:00:00 AM,696.129,28.292,1.839,32.017,66.504,523.144,0,NA,NA,NA,NA,58.6,NA,1.54,62.441,33.266
03/20/2024 11:00:00 AM,695.788,28.104,3.705,23.583,71.662,408.432,0,NA,NA,NA,NA,65.129,NA,1.264,48.226,33.209
03/20/2024 12:00:00 PM,695.026,28.815,4.653,320.74,69.29,565.806,0,NA,NA,NA,NA,70.829,NA,1.424,41.606,32.034
03/20/2024 01:00:00 PM,694.396,29.25,5.659,321.223,68.043,494.127,0,NA,NA,NA,NA,74.996,NA,1.328,44.45,36.033
03/20/2024 02:00:00 PM,693.894,29.411,5.443,307.691,67.776,554.657,0,NA,NA,NA,NA,75.373,NA,1.663,46.892,37.329
03/20/2024 03:00:00 PM,693.313,29.193,5.828,330.937,69.672,385.571,0,NA,NA,NA,NA,75.422,NA,1.903,45.334,33.665
03/20/2024 04:00:00 PM,693.006,28.376,5.42,346.044,74.561,262.433,0,NA,NA,NA,NA,68.705,NA,2.3,42.894,30.433
03/20/2024 05:00:00 PM,692.872,27.868,3.976,342.936,74.653,148.427,0,NA,NA,NA,NA,76.135,NA,1.769,33.754,26.591
03/20/2024 06:00:00 PM,693.231,27.177,2.794,322.545,78.333,31.593,0,NA,NA,NA,NA,69.269,NA,1.778,40.546,29.005
03/20/2024 07:00:00 PM,693.825,26.492,2.391,317.515,82.238,0.853,0,NA,NA,NA,NA,62.703,NA,2.183,44.27,31.315
03/20/2024 08:00:00 PM,694.417,26.283,1.159,304.285,83.404,0,0,NA,NA,NA,NA,53.495,NA,2.613,47.244,31.09
03/20/2024 09:00:00 PM,694.879,25.942,1.459,33.667,85.104,0,0,NA,NA,NA,NA,36.241,NA,3.646,45.12,31.782
03/20/2024 10:00:00 PM,695.142,25.31,1.116,32.407,86.442,0,0,NA,NA,NA,NA,28.398,NA,4.263,44.451,30.932
03/20/2024 11:00:00 PM,695.531,25.019,1.343,355.61,85.868,0,0,NA,NA,NA,NA,21.934,NA,3.471,38.659,27.31
03/21/2024 12:00:00 AM,695.274,24.895,1.045,85.275,85.776,0,0,NA,NA,NA,NA,22.471,NA,3.92,37.204,27.579
03/21/2024 01:00:00 AM,695.023,24.722,1.109,7.211,85.153,0,0,NA,NA,NA,NA,25.957,NA,1.755,34.434,26.199
03/21/2024 02:00:00 AM,694.432,23.344,1.338,93.802,90.426,0,4.199,NA,NA,NA,NA,14.303,NA,2.286,36.005,24.634
03/21/2024 03:00:00 AM,693.96,23.134,1.14,139.88,93.87,0,0,NA,NA,NA,NA,9.014,NA,2.992,33.64,24.213
03/21/2024 04:00:00 AM,694.515,22.369,1.643,262.156,93.713,0,4.8,NA,NA,NA,NA,41.761,NA,1.662,19.411,14.221
03/21/2024 05:00:00 AM,694.61,22.1,1.192,26.043,94.751,0,0.8,NA,NA,NA,NA,34.876,NA,1.628,16.751,11.683
03/21/2024 06:00:00 AM,695.211,22.278,1.172,161.376,95.007,0,0.4,NA,NA,NA,NA,8.892,NA,3.896,20.97,12.868
03/21/2024 07:00:00 AM,695.71,22.143,0.991,4.755,95.638,17.271,0,NA,NA,NA,NA,5.1,NA,3.91,25.912,15.364
03/21/2024 08:00:00 AM,696.238,22.609,0.88,176.149,94.247,74.868,0,NA,NA,NA,NA,4.713,NA,2.691,32.648,17.391
03/21/2024 09:00:00 AM,696.574,23.708,0.995,322.063,90.82,123.556,0,NA,NA,NA,NA,11.202,NA,4.065,37.466,18.919
03/21/2024 10:00:00 AM,696.767,25.164,1.638,247.684,83.408,223.751,0,NA,NA,NA,NA,36.406,NA,1.729,22.588,14.022
03/21/2024 11:00:00 AM,696.622,25.892,2.759,357.497,78.137,523.385,0,NA,NA,NA,NA,55.094,NA,1.288,16.101,12.085
03/21/2024 12:00:00 PM,695.865,27.796,2.72,359.704,70.38,513.476,0,NA,NA,NA,NA,67.824,NA,0.82,16.832,12.638
03/21/2024 01:00:00 PM,695.051,28.398,5.064,324.851,68.294,509.497,0,NA,NA,NA,NA,70.703,NA,0.573,17.016,13.111
03/21/2024 02:00:00 PM,694.214,28.711,5.263,330.54,67.897,414.49,0,NA,NA,NA,NA,70.178,NA,0.385,17.473,13.421
03/21/2024 03:00:00 PM,693.6,28.751,5.736,339.045,68.978,466.69,0,NA,NA,NA,NA,67.272,NA,0.786,17.391,13.503
03/21/2024 04:00:00 PM,693.187,28.549,5.573,338.963,70.084,352.301,0,NA,NA,NA,NA,68.401,NA,0.783,15.673,11.975
03/21/2024 05:00:00 PM,692.993,28.109,3.827,339.941,72.765,202.887,0,NA,NA,NA,NA,75.195,NA,-999,16.578,12.647
03/21/2024 06:00:00 PM,693.266,26.75,3.318,309.113,78.291,66.973,0,NA,NA,NA,NA,77.795,NA,0.656,17.385,13.089
03/21/2024 07:00:00 PM,693.645,26.045,3.474,323.286,79.534,1.063,0,NA,NA,NA,NA,70.398,NA,0.945,23.595,18.002
03/21/2024 08:00:00 PM,694.489,25.715,1.767,321.22,81.344,0,0,NA,NA,NA,NA,66.46,NA,1.055,26.161,18.802
03/21/2024 09:00:00 PM,694.78,25.588,1.133,282.315,82.412,0,0,NA,NA,NA,NA,54.688,NA,1.806,25.602,17.072
03/21/2024 10:00:00 PM,695.118,25.274,1.318,352.381,83.853,0,0,NA,NA,NA,NA,35.899,NA,1.982,28.771,18.812
03/21/2024 11:00:00 PM,695.352,24.746,1.153,328.898,85.808,0,0,NA,NA,NA,NA,31.355,NA,2.614,29.659,18.83
03/22/2024 12:00:00 AM,695.253,24.221,0.774,58.517,86.935,0,0,NA,NA,NA,NA,24.116,NA,2.914,25.562,18.256
03/22/2024 01:00:00 AM,694.917,23.747,0.733,266.028,89.79,0,0,NA,NA,NA,NA,11.18,NA,3.833,29.766,19.822
03/22/2024 02:00:00 AM,694.409,23.577,0.889,93.694,90.522,0,0,NA,NA,NA,NA,11.024,NA,2.74,27.646,18.924
03/22/2024 03:00:00 AM,694.029,23.598,0.746,301.997,89.94,0,0,NA,NA,NA,NA,10.255,NA,3.498,26.779,18.457
03/22/2024 04:00:00 AM,693.897,23.151,0.9,318.16,90.587,0,0,NA,NA,NA,NA,4.287,NA,4.041,28.851,19.435
03/22/2024 05:00:00 AM,694.178,23.104,1.187,150.843,85.748,0,0,NA,NA,NA,NA,11.712,NA,1.517,23.201,17.136
03/22/2024 06:00:00 AM,694.573,23.013,0.879,33.333,85.251,0,0,NA,NA,NA,NA,7.257,NA,1.536,26.431,18.582
03/22/2024 07:00:00 AM,694.972,22.753,0.768,0.678,86.166,31.303,0,NA,NA,NA,NA,3.926,NA,1.91,37.281,21.416
03/22/2024 08:00:00 AM,695.427,24.03,1.137,220.207,84.452,163.286,0,NA,NA,NA,NA,3.926,NA,4.446,42.199,25.115
03/22/2024 09:00:00 AM,695.994,25.718,1.144,73.555,79.138,272.036,0,NA,NA,NA,NA,10.507,NA,3.855,65.037,30.827
03/22/2024 10:00:00 AM,695.81,27.454,1.651,320.312,72.428,486.265,0,NA,NA,NA,NA,47.825,NA,3.121,61.5,29.786
03/22/2024 11:00:00 AM,695.259,28.849,2.812,311.102,64.922,575.601,0,NA,NA,NA,NA,78.241,NA,0.419,27.658,20.446
03/22/2024 12:00:00 PM,694.587,30.073,3.381,296.3,62.673,606.406,0,NA,NA,NA,NA,84.433,NA,-999,33.326,22.209
03/22/2024 01:00:00 PM,693.675,30.048,5.297,330.441,64.388,586.492,0,NA,NA,NA,NA,79.695,NA,-999,27.162,18.886
03/22/2024 02:00:00 PM,692.934,30.183,5.358,316.901,64.785,550.629,0,NA,NA,NA,NA,81.751,NA,-999,26.2,19.241
03/22/2024 03:00:00 PM,692.315,30.943,4.352,321.151,61.826,502.811,0,NA,NA,NA,NA,81.003,NA,0.316,26.371,19.132
03/22/2024 04:00:00 PM,692.021,30.802,4.982,325.265,62.288,339.783,0,NA,NA,NA,NA,86.664,NA,0.332,29.323,21.93
03/22/2024 05:00:00 PM,691.783,30.333,4.873,331.786,64.622,236.398,0,NA,NA,NA,NA,91.173,NA,-999,30.907,21.933
03/22/2024 06:00:00 PM,691.994,29.115,5.215,320.515,68.928,82.456,0,NA,NA,NA,NA,98.132,NA,0.385,32.984,24.016
03/22/2024 07:00:00 PM,692.612,27.925,3.019,325.983,74.552,1.353,0,NA,NA,NA,NA,94.915,NA,0.434,37.427,26.464
03/22/2024 08:00:00 PM,693.42,27.349,1.732,313.345,77.647,0,0,NA,NA,NA,NA,79.564,NA,1.017,40.969,27.85
03/22/2024 09:00:00 PM,693.802,27.082,1.331,356.522,79.057,0,0,NA,NA,NA,NA,69.102,NA,1.183,42.034,29.435
03/22/2024 10:00:00 PM,694.379,26.826,1.119,87.974,79.301,0,0,NA,NA,NA,NA,57.694,NA,1.246,43.263,28.53
03/22/2024 11:00:00 PM,694.825,26.44,1.285,96.147,79.985,0,0,NA,NA,NA,NA,48.097,NA,1.028,38.995,26.821
03/23/2024 12:00:00 AM,694.785,26.175,1.115,18.892,82.388,0,0,NA,NA,NA,NA,23.409,NA,3.137,47.931,31.105
03/23/2024 01:00:00 AM,694.447,25.797,0.859,23.976,84.49,0,0,NA,NA,NA,NA,18.423,NA,5.054,47.594,32.622
03/23/2024 02:00:00 AM,694.036,25.626,1.063,79.818,82.213,0,0,NA,NA,NA,NA,28.865,NA,2.901,39.712,28.951
03/23/2024 03:00:00 AM,693.66,25.732,1.172,83.836,76.35,0,0,NA,NA,NA,NA,36.743,NA,1.84,34.743,25.767
03/23/2024 04:00:00 AM,693.759,24.953,1.699,12.675,85.251,0,3,NA,NA,NA,NA,28.272,NA,3.578,39.183,28.701
03/23/2024 05:00:00 AM,694.175,21.819,1.578,130.847,96.864,0,35.799,NA,NA,NA,NA,57.541,NA,2.026,27.507,23.071
03/23/2024 06:00:00 AM,694.54,21.973,1.096,98.336,98.637,0.048,0,NA,NA,NA,NA,29.966,NA,4.074,26.488,21.77
03/23/2024 07:00:00 AM,694.921,21.695,0.911,76.654,98.618,19.848,0,NA,NA,NA,NA,7.911,NA,3.7,33.219,26.211
03/23/2024 08:00:00 AM,695.371,22.602,1.109,147.781,94.333,159.145,0,NA,NA,NA,NA,4.794,NA,4.371,47.49,29.911
03/23/2024 09:00:00 AM,695.684,25.462,1.352,245.947,83.876,332.436,0,NA,NA,NA,NA,19.683,NA,4.369,54.661,34.289
03/23/2024 10:00:00 AM,695.709,27.038,1.974,16.656,74.124,465.901,0,NA,NA,NA,NA,45.758,NA,2.806,51.514,31.893
03/23/2024 11:00:00 AM,695.633,28.258,3.538,352.696,71.931,478.822,0,NA,NA,NA,NA,71.076,NA,1.334,56.8,37.721
03/23/2024 12:00:00 PM,695.13,28.848,4.091,320.875,70.311,438.609,0,NA,NA,NA,NA,77.91,NA,1.303,55.134,38.012
03/23/2024 01:00:00 PM,694.517,29.43,4.879,316.054,68.065,599.961,0.4,NA,NA,NA,NA,79.544,NA,1.164,47.323,33.971
03/23/2024 02:00:00 PM,693.922,29.708,5.421,313.667,67.241,507.258,0,NA,NA,NA,NA,83.379,NA,1.229,45.653,32.154
03/23/2024 03:00:00 PM,693.325,29.999,5.001,317.144,65.595,491.646,0,NA,NA,NA,NA,88.776,NA,1.136,46.232,33.221
03/23/2024 04:00:00 PM,692.905,30.093,4.431,343.447,65.405,301.277,0,NA,NA,NA,NA,94.911,NA,1.016,50.055,37.138
03/23/2024 05:00:00 PM,692.761,29.777,3.163,322.2,66.617,217.064,0,NA,NA,NA,NA,100.312,NA,1.006,56.879,43.468
03/23/2024 06:00:00 PM,693.067,28.916,2.693,321.433,68.421,76.962,0,NA,NA,NA,NA,94.973,NA,1.388,61.961,47.437
03/23/2024 07:00:00 PM,693.558,27.843,1.056,307.526,73.316,1.417,0,NA,NA,NA,NA,73.472,NA,1.758,66.797,50.161
03/23/2024 08:00:00 PM,694.002,26.894,1.057,15.818,77.327,0,0,NA,NA,NA,NA,59.547,NA,1.985,63.364,46.694
03/23/2024 09:00:00 PM,694.497,26.257,1.24,26.107,79.527,0,0,NA,NA,NA,NA,45.442,NA,2.447,61.449,45.464
03/23/2024 10:00:00 PM,694.887,25.839,1.553,50.097,80.153,0,0,NA,NA,NA,NA,46.771,NA,1.885,57.477,41.609
03/23/2024 11:00:00 PM,694.991,25.637,1.35,99.816,81.403,0,0,NA,NA,NA,NA,27.472,NA,3.16,58.101,42.407
03/24/2024 12:00:00 AM,694.976,25.431,1.087,79.442,83.608,0,0,NA,NA,NA,NA,22.985,NA,3.572,60.498,43.796
03/24/2024 01:00:00 AM,694.603,25.336,1.124,85.56,82.402,0,0,NA,NA,NA,NA,28.562,NA,3.351,51.547,39.309
03/24/2024 02:00:00 AM,694.129,24.902,1.141,95.387,84.529,0,4.199,NA,NA,NA,NA,27.406,NA,3.56,47.047,34.969
03/24/2024 03:00:00 AM,693.622,23.256,1.242,119.792,96.819,0,2.4,NA,NA,NA,NA,34.961,NA,3.761,41.846,34.801
03/24/2024 04:00:00 AM,693.497,22.83,1.226,274.881,97.081,0,4,NA,NA,NA,NA,23.386,NA,4.193,41.849,33.509
03/24/2024 05:00:00 AM,693.508,22.932,1.113,77.371,91.981,0,0.2,NA,NA,NA,NA,9.458,NA,4.103,40.95,30.09
03/24/2024 06:00:00 AM,694.057,22.292,1.193,102.508,93.962,0,13.399,NA,NA,NA,NA,18.3,NA,4.011,35.921,28.872
03/24/2024 07:00:00 AM,694.522,21.973,1.271,91.486,95.494,25.101,0.4,NA,NA,NA,NA,19.978,NA,3.935,35.053,29.564
03/24/2024 08:00:00 AM,695.177,23.239,1.201,226.725,90.29,124.989,0,NA,NA,NA,NA,14.336,NA,4.674,36.465,29.257
03/24/2024 09:00:00 AM,695.435,24.023,1.461,15.207,91.791,122.379,0,NA,NA,NA,NA,30.599,NA,6.293,33.49,25.259
03/24/2024 10:00:00 AM,695.922,25.17,1.665,174.639,85.212,337.205,0,NA,NA,NA,NA,41.064,NA,4.487,40.084,29.908
03/24/2024 11:00:00 AM,695.713,27.465,1.854,27.856,75.246,503.681,0,NA,NA,NA,NA,57.57,NA,2.989,39.65,27.8
03/24/2024 12:00:00 PM,695.108,28.491,3.623,356.424,69.5,586.863,0,NA,NA,NA,NA,66.818,NA,2.581,38.711,26.9
03/24/2024 01:00:00 PM,694.145,29.137,4.606,323.367,66.297,605.455,0,NA,NA,NA,NA,68.788,NA,2.719,37.585,27.404
03/24/2024 02:00:00 PM,693.361,29.494,5.577,319.162,66.068,536.838,0,NA,NA,NA,NA,70.04,NA,2.024,35.249,25.153
03/24/2024 03:00:00 PM,692.572,30.032,4.381,350.252,64.186,486.233,0,NA,NA,NA,NA,73.639,NA,2.279,36.048,25.476
03/24/2024 04:00:00 PM,692.273,30.027,5.027,331.924,63.781,302.373,0,NA,NA,NA,NA,76.797,NA,2.408,33.367,23.928
03/24/2024 05:00:00 PM,692.494,27.308,4.533,338.875,73.742,150.558,0.2,NA,NA,NA,NA,69.511,NA,2.521,28.744,20.184
03/24/2024 06:00:00 PM,692.794,24.992,1.246,47.076,85.396,27.115,0.2,NA,NA,NA,NA,48.263,NA,2.968,24.602,18.152
03/24/2024 07:00:00 PM,693.172,25.18,1.042,46.647,85.925,0.499,0,NA,NA,NA,NA,32.631,NA,3.42,32.27,21.408
03/24/2024 08:00:00 PM,693.648,24.883,0.924,299.885,88.964,0,0,NA,NA,NA,NA,16.611,NA,3.848,38.095,24.956
03/24/2024 09:00:00 PM,694.121,24.432,0.982,19.886,90.559,0,0,NA,NA,NA,NA,16.92,NA,4.08,35.909,23.489
03/24/2024 10:00:00 PM,695.034,24.1,1.04,34.265,90.626,0,0,NA,NA,NA,NA,22.362,NA,4.305,36.55,21.923
03/24/2024 11:00:00 PM,695.299,23.877,1.591,8.901,90.361,0,0,NA,NA,NA,NA,23.488,NA,3.605,30.606,20.181
03/25/2024 12:00:00 AM,695.294,23.579,1.126,319.209,91.079,0,0,NA,NA,NA,NA,16.309,NA,4.145,31.563,20.686
03/25/2024 01:00:00 AM,695.02,23.527,0.938,97.926,90.462,0,0,NA,NA,NA,NA,15.704,NA,2.36,29.966,19.683
03/25/2024 02:00:00 AM,694.247,23.422,1.242,70.016,88.877,0,0,NA,NA,NA,NA,14.455,NA,1.498,28.645,19.165
03/25/2024 03:00:00 AM,694.159,23.507,1.15,102.555,87.267,0,0,NA,NA,NA,NA,17.715,NA,1.738,28.769,19.271
03/25/2024 04:00:00 AM,694.276,23.286,1.057,89.833,87.033,0,0,NA,NA,NA,NA,13.91,NA,1.587,28.053,19.331
03/25/2024 05:00:00 AM,694.133,22.875,1.43,74.923,85.83,0,0,NA,NA,NA,NA,13.701,NA,1.76,30.083,20.864
03/25/2024 06:00:00 AM,694.322,22.631,1.291,94.291,86.494,0,0,NA,NA,NA,NA,9.775,NA,1.729,32.03,22.119
03/25/2024 07:00:00 AM,694.619,22.941,1.364,99.478,83.112,37.361,0,NA,NA,NA,NA,7.518,NA,1.728,34.013,23.441
03/25/2024 08:00:00 AM,695.134,23.876,1.651,88.401,78.871,200.035,0,NA,NA,NA,NA,14.684,NA,1.951,35.456,24.568
03/25/2024 09:00:00 AM,695.62,26.342,1.168,64.98,71.077,314.698,0,NA,NA,NA,NA,25.606,NA,1.511,40.998,26.533
03/25/2024 10:00:00 AM,695.748,27.194,2.628,299.138,75.468,440.461,0,NA,NA,NA,NA,43.712,NA,1.271,54.304,28.474
03/25/2024 11:00:00 AM,695.651,27.12,4.077,335.355,76.199,454.414,0,NA,NA,NA,NA,54.019,NA,1.274,40.265,25.211
03/25/2024 12:00:00 PM,695.18,27.646,4.592,311.605,73.194,477.984,0,NA,NA,NA,NA,58.778,NA,1.518,37.104,23.596
03/25/2024 01:00:00 PM,694.598,28.546,5.108,339.446,69.845,525.286,0,NA,NA,NA,NA,62.366,NA,1.363,40.777,25.776
03/25/2024 02:00:00 PM,693.912,28.512,5.478,339.407,70.049,447.534,0,NA,NA,NA,NA,63.684,NA,1.842,37.912,25.617
03/25/2024 03:00:00 PM,693.382,28.633,4.938,342.367,70.422,402.616,0,NA,NA,NA,NA,64.181,NA,1.962,34.707,24.933
03/25/2024 04:00:00 PM,693.019,28.952,4.706,346.494,68.725,307.222,0,NA,NA,NA,NA,65.244,NA,1.462,32.302,22.295
03/25/2024 05:00:00 PM,692.939,28.482,4.465,331.872,70.622,186.76,0,NA,NA,NA,NA,64.041,NA,1.357,32.607,23.288
03/25/2024 06:00:00 PM,693.278,27.738,3.464,331.601,74.452,78.203,0,NA,NA,NA,NA,60.11,NA,1.415,30.27,21.368
03/25/2024 07:00:00 PM,693.71,26.834,1.875,315.67,77.35,1.884,0,NA,NA,NA,NA,58.84,NA,1.65,33.183,22.224
03/25/2024 08:00:00 PM,694.031,26.314,1.094,326.295,79.923,0,0,NA,NA,NA,NA,47.415,NA,2.508,33.722,22.904
03/25/2024 09:00:00 PM,694.596,25.836,1.637,8.06,82.289,0,0,NA,NA,NA,NA,29.546,NA,3.524,43.972,28.633
03/25/2024 10:00:00 PM,695.1,25.41,1.147,317.377,83.77,0,0,NA,NA,NA,NA,30.281,NA,2.892,37.32,24.85
03/25/2024 11:00:00 PM,695.483,25.396,1.392,316.936,80.842,0,0,NA,NA,NA,NA,29.59,NA,3.024,35.316,23.346
03/26/2024 12:00:00 AM,695.257,24.741,1.031,54.064,81.223,0,0,NA,NA,NA,NA,25.006,NA,2.107,29.706,19.252
03/26/2024 01:00:00 AM,695.022,24.261,1.296,83.95,80.547,0,0,NA,NA,NA,NA,22.311,NA,1.981,25.024,16.674
03/26/2024 02:00:00 AM,694.542,23.849,1.343,5.205,82.348,0,0,NA,NA,NA,NA,19.604,NA,2.374,26.018,17.847
03/26/2024 03:00:00 AM,694.38,23.216,1.624,295.601,87.074,0,0,NA,NA,NA,NA,40.514,NA,3.337,20.012,14.45
03/26/2024 04:00:00 AM,694.474,23.159,1.458,53.195,85.603,0,0,NA,NA,NA,NA,26.611,NA,2.883,24.494,16.923
03/26/2024 05:00:00 AM,694.834,22.722,1.476,33.005,88.39,0,0.2,NA,NA,NA,NA,26.217,NA,5.195,23.396,17.156
03/26/2024 06:00:00 AM,695.149,21.702,1.053,188.74,95.868,0,1,NA,NA,NA,NA,13.77,NA,4.076,22.997,17.075
03/26/2024 07:00:00 AM,695.882,21.579,1.339,80.932,97.174,11.471,0.8,NA,NA,NA,NA,6.569,NA,4.807,22.999,17.429
03/26/2024 08:00:00 AM,696.497,21.91,1.213,23.284,97.114,87.773,0,NA,NA,NA,NA,9.998,NA,8.475,27.369,20.857
03/26/2024 09:00:00 AM,696.95,22.467,1.665,211.076,94.212,113.164,0,NA,NA,NA,NA,16.4,NA,8.619,34.173,22.495
03/26/2024 10:00:00 AM,697.014,24.303,1.595,243.253,87.857,412.879,0,NA,NA,NA,NA,35.32,NA,4.743,32.614,22.497
03/26/2024 11:00:00 AM,696.792,25.655,2.057,261.74,81.451,546.424,0,NA,NA,NA,NA,60.084,NA,3.298,26.078,18.703
03/26/2024 12:00:00 PM,696.411,27.818,2.028,296.316,71.694,654.385,0,NA,NA,NA,NA,65.693,NA,2.044,30.662,22.108
03/26/2024 01:00:00 PM,695.686,28.294,3.472,315.563,68.377,619.472,0,NA,NA,NA,NA,63.072,NA,1.586,30.713,22.553
03/26/2024 02:00:00 PM,694.901,29.092,4.324,323.959,63.718,573.797,0,NA,NA,NA,NA,67.183,NA,1.452,28.307,21.203
03/26/2024 03:00:00 PM,694.177,29.638,3.687,312.002,61.684,512.414,0,NA,NA,NA,NA,66.752,NA,1.189,28.418,20.436
03/26/2024 04:00:00 PM,693.543,29.432,3.653,305.16,63.11,269.828,0,NA,NA,NA,NA,66.337,NA,1.248,27.513,20.22
03/26/2024 05:00:00 PM,693.208,29.036,4.74,304.428,65.06,248.304,0,NA,NA,NA,NA,69.741,NA,1.274,29.375,20.797
03/26/2024 06:00:00 PM,693.3,28.45,2.855,311.082,67.906,130.274,0,NA,NA,NA,NA,69.453,NA,1.361,31.784,22.989
03/26/2024 07:00:00 PM,693.666,26.744,1.758,282.264,77.189,4.784,0.4,NA,NA,NA,NA,64.94,NA,2.274,39.327,26.286
03/26/2024 08:00:00 PM,694.106,25.521,0.787,151.434,86.342,0,0,NA,NA,NA,NA,15.793,NA,3.471,43.966,31.529
03/26/2024 09:00:00 PM,694.496,25.036,0.856,241.897,88.469,0,0,NA,NA,NA,NA,11.139,NA,4.226,50.786,35.007
03/26/2024 10:00:00 PM,694.889,24.911,0.93,28.819,86.02,0,0,NA,NA,NA,NA,26.159,NA,3.528,48.022,31.096
03/26/2024 11:00:00 PM,695.074,24.628,0.772,358.152,86.767,0,0,NA,NA,NA,NA,-999,NA,3.661,41.746,28.81
03/27/2024 12:00:00 AM,695.015,24.716,0.92,84.162,85.221,0,0,NA,NA,NA,NA,25.646,NA,3.454,38.984,27.752
03/27/2024 01:00:00 AM,694.851,24.189,0.697,117.478,87.732,0,0,NA,NA,NA,NA,19.28,NA,3.782,38.167,26.938
03/27/2024 02:00:00 AM,694.84,23.745,0.834,341.242,89.485,0,0,NA,NA,NA,NA,16.162,NA,3.335,35.52,24.8
03/27/2024 03:00:00 AM,694.653,23.589,1.034,59.288,88.456,0,0,NA,NA,NA,NA,16.932,NA,2.914,31.18,22.797
03/27/2024 04:00:00 AM,694.619,23.269,0.878,96.325,91.686,0,0,NA,NA,NA,NA,8.636,NA,5.265,36.64,26.324
03/27/2024 05:00:00 AM,694.748,23.032,0.647,254.526,93.107,0,0,NA,NA,NA,NA,5.078,NA,5.606,39.655,26.997
03/27/2024 06:00:00 AM,695.195,22.847,0.998,342.941,94.25,0,0,NA,NA,NA,NA,3.926,NA,6.536,40.77,27.146
03/27/2024 07:00:00 AM,695.58,22.897,1.203,83.398,91.392,37.909,0,NA,NA,NA,NA,5.027,NA,4.053,34.687,21.754
03/27/2024 08:00:00 AM,696.112,23.818,1.235,3.347,89.024,136.03,0,NA,NA,NA,NA,5.601,NA,8.347,43.175,26.465
03/27/2024 09:00:00 AM,696.633,25.735,1.454,98.569,80.182,337.811,0,NA,NA,NA,NA,23.868,NA,3.848,55.65,29.719
03/27/2024 10:00:00 AM,696.714,27.089,2.29,4.808,71.775,476.276,0,NA,NA,NA,NA,58.63,NA,2.855,40.73,29.646
03/27/2024 11:00:00 AM,696.353,28.393,2.512,335.509,65.445,545.328,0,NA,NA,NA,NA,68.838,NA,2.028,35.937,26.298
03/27/2024 12:00:00 PM,695.849,28.726,4.371,321.222,63.082,541.172,0.2,NA,NA,NA,NA,66.314,NA,1.664,31.106,22.704
03/27/2024 01:00:00 PM,695.396,29.213,4.761,331.234,61.866,493.108,0,NA,NA,NA,NA,69.361,NA,1.81,29.679,22.418
03/27/2024 02:00:00 PM,695.112,29.511,4.819,318.266,62.755,531.554,0,NA,NA,NA,NA,66.881,NA,1.833,31.205,22.809
03/27/2024 03:00:00 PM,694.553,29.499,4.678,307.134,62.489,503.568,0,NA,NA,NA,NA,71.186,NA,1.735,29.17,21.6
03/27/2024 04:00:00 PM,694.254,29.786,4.147,315.553,59.092,340.991,0,NA,NA,NA,NA,74.808,NA,1.618,27.751,20.218
03/27/2024 05:00:00 PM,694.173,29.494,4.333,313.721,58.529,242.375,0,NA,NA,NA,NA,74.481,NA,1.671,31.86,22.389
03/27/2024 06:00:00 PM,694.441,28.875,2.835,302.252,59.736,93.17,0,NA,NA,NA,NA,77.916,NA,1.619,32.522,23.223
03/27/2024 07:00:00 PM,694.677,27.817,2.44,311.734,63.053,1.417,0,NA,NA,NA,NA,70.911,NA,2.087,38.697,26.221
03/27/2024 08:00:00 PM,695.355,26.714,2.121,319.652,68.744,0,0,NA,NA,NA,NA,69.843,NA,2.4,46.687,31.663
03/27/2024 09:00:00 PM,695.973,25.671,1.682,336.054,75.304,0,0,NA,NA,NA,NA,41.798,NA,3.255,47.303,33.244
03/27/2024 10:00:00 PM,696.446,25.152,1.599,33.454,74.959,0,0,NA,NA,NA,NA,35.315,NA,2.664,35.87,24.53
03/27/2024 11:00:00 PM,696.797,24.827,0.91,98.977,75.972,0,0,NA,NA,NA,NA,24.603,NA,2.76,35.245,24.803
03/28/2024 12:00:00 AM,696.809,24.134,1.342,6.366,77.11,0,0,NA,NA,NA,NA,25.877,NA,2.962,32.383,23.111
03/28/2024 01:00:00 AM,696.597,23.74,1.144,32.65,77.747,0,0,NA,NA,NA,NA,22.101,NA,2.989,32.193,22.317
03/28/2024 02:00:00 AM,696.326,23.194,1.038,18.935,83.138,0,0,NA,NA,NA,NA,10.539,NA,5.725,42.731,27.587
03/28/2024 03:00:00 AM,696.057,22.772,0.806,329.548,85.094,0,0,NA,NA,NA,NA,7.777,NA,8.001,41.768,28.438
03/28/2024 04:00:00 AM,695.853,22.325,0.839,351.653,88.771,0,0,NA,NA,NA,NA,3.926,NA,9.95,49.536,32.404
03/28/2024 05:00:00 AM,695.938,21.723,0.796,301.046,91.606,0,0,NA,NA,NA,NA,3.926,NA,10.267,48.532,32.332
03/28/2024 06:00:00 AM,696.198,21.368,0.865,255.503,93.261,0,0,NA,NA,NA,NA,3.926,NA,8.208,49.745,34.575
03/28/2024 07:00:00 AM,696.728,21.581,1.365,7.909,88.503,31.497,0,NA,NA,NA,NA,4.669,NA,4.132,40.283,28.678
03/28/2024 08:00:00 AM,697.027,23.187,1.471,83.318,78.692,193.252,0,NA,NA,NA,NA,15.524,NA,3.303,37.556,23.987
03/28/2024 09:00:00 AM,697.48,24.75,1.388,36.56,74.871,274.279,0,NA,NA,NA,NA,27.748,NA,3.888,37.825,26.446
03/28/2024 10:00:00 AM,697.514,26.808,1.534,275.623,67.301,520.727,0,NA,NA,NA,NA,59.876,NA,2.18,36.877,26.814
03/28/2024 11:00:00 AM,697.071,28.007,2.471,296.259,62.523,561.23,0,NA,NA,NA,NA,73.611,NA,1.878,36.015,25.682
03/28/2024 12:00:00 PM,696.668,28.157,4.327,329.606,63.957,616.185,0,NA,NA,NA,NA,72.804,NA,1.628,32.867,23.251
03/28/2024 01:00:00 PM,695.865,28.74,4.718,313.105,62.444,619.391,0,NA,NA,NA,NA,74.556,NA,1.615,29.841,22.655
03/28/2024 02:00:00 PM,695.089,29.184,5.505,323.47,61.274,411.332,0,NA,NA,NA,NA,76.507,NA,1.48,31.858,23.45
03/28/2024 03:00:00 PM,694.553,29.328,5.275,307.644,60.408,520.275,0,NA,NA,NA,NA,80.594,NA,1.614,32.915,25.157
03/28/2024 04:00:00 PM,694.265,29.951,4.257,331.054,57.458,341.893,0,NA,NA,NA,NA,79.379,NA,1.303,30.195,21.82
03/28/2024 05:00:00 PM,694.002,29.746,4.458,320.67,56.534,206.496,0,NA,NA,NA,NA,78.563,NA,1.269,27.286,20.706
03/28/2024 06:00:00 PM,693.996,28.977,2.957,327.363,62.542,67.344,0,NA,NA,NA,NA,70.958,NA,2.215,33.557,22.431
03/28/2024 07:00:00 PM,694.409,27.761,2.809,339.194,66.931,3.415,0,NA,NA,NA,NA,69.985,NA,2.463,34.693,22.827
03/28/2024 08:00:00 PM,694.964,27.21,1.558,327.888,68.142,0,0,NA,NA,NA,NA,58.946,NA,2.878,37.622,23.786
03/28/2024 09:00:00 PM,695.478,27.042,1.76,318.127,68.447,0,0,NA,NA,NA,NA,68.965,NA,2.599,34.56,23.264
03/28/2024 10:00:00 PM,696.057,26.417,1.934,285.147,70.375,0,0,NA,NA,NA,NA,59.535,NA,2.765,36.489,24.722
03/28/2024 11:00:00 PM,696.506,26.196,1.074,352.14,70.586,0,0,NA,NA,NA,NA,53.891,NA,2.742,33.874,23.068
03/29/2024 12:00:00 AM,696.513,25.944,1.041,342.167,72.198,0,0,NA,NA,NA,NA,50.102,NA,3.759,31.404,22.558
03/29/2024 01:00:00 AM,696.304,25.341,0.766,251.886,76.343,0,0,NA,NA,NA,NA,36.013,NA,2.157,34.291,23.004
03/29/2024 02:00:00 AM,695.956,24.991,0.793,93.7,76.922,0,0,NA,NA,NA,NA,37.25,NA,2.614,32.455,22.919
03/29/2024 03:00:00 AM,695.548,24.588,0.967,357.382,79.723,0,0,NA,NA,NA,NA,26.423,NA,3.497,32.276,23.136
03/29/2024 04:00:00 AM,695.571,23.668,1.043,60.975,85.092,0,0,NA,NA,NA,NA,17.292,NA,8.133,34.276,23.696
03/29/2024 05:00:00 AM,695.684,23.093,0.969,112.927,87.302,0,0,NA,NA,NA,NA,13.803,NA,10.793,34.598,24.196
03/29/2024 06:00:00 AM,695.671,22.921,0.623,98.761,86.212,0,0,NA,NA,NA,NA,14.474,NA,5.802,33.089,24.476
03/29/2024 07:00:00 AM,696.317,22.737,0.847,335.695,87.621,14.757,0,NA,NA,NA,NA,8.726,NA,4.829,34.997,24.668
03/29/2024 08:00:00 AM,696.844,23.35,0.915,19.381,83.053,54.358,0,NA,NA,NA,NA,20.151,NA,3.249,34.176,24.505
03/29/2024 09:00:00 AM,697.155,24.784,0.752,11.143,76.341,126.053,0,NA,NA,NA,NA,30.577,NA,2.402,33.017,24.154
03/29/2024 10:00:00 AM,697.256,26.972,1.536,340.355,67.354,458.103,0,NA,NA,NA,NA,51.676,NA,2.267,35.6,24.824
03/29/2024 11:00:00 AM,696.76,27.701,3.307,343.247,61.914,605.519,0,NA,NA,NA,NA,68.304,NA,1.847,30.643,21.836
03/29/2024 12:00:00 PM,696.221,28.692,3.221,323.397,57.894,611.787,0,NA,NA,NA,NA,69.525,NA,1.199,26.876,19.491
03/29/2024 01:00:00 PM,695.354,28.749,5.304,355.505,58.999,623.403,0,NA,NA,NA,NA,71.799,NA,0.884,25.208,19.102
03/29/2024 02:00:00 PM,694.507,29.336,4.202,316.575,57.039,569.495,0,NA,NA,NA,NA,70.365,NA,0.922,24.954,18.866
03/29/2024 03:00:00 PM,693.789,30.056,3.621,278.582,55.466,500.008,0,NA,NA,NA,NA,70.512,NA,0.821,23.291,17.718
03/29/2024 04:00:00 PM,693.206,29.481,4.3,291.183,58.796,259.985,0,NA,NA,NA,NA,69.046,NA,1.005,24.603,18.795
03/29/2024 05:00:00 PM,692.994,28.647,5.051,324.932,62.851,188.757,0,NA,NA,NA,NA,75.771,NA,1.413,26.341,19.214
03/29/2024 06:00:00 PM,693.029,28.358,3.87,324.912,64.258,104.931,0,NA,NA,NA,NA,87.113,NA,1.274,37.415,29.464
03/29/2024 07:00:00 PM,693.634,27.463,2.554,320.921,66.509,1.224,0,NA,NA,NA,NA,91.756,NA,2.199,48.084,38.407
03/29/2024 08:00:00 PM,694.176,27.22,1.587,311.644,67.496,0,0,NA,NA,NA,NA,89.412,NA,2.259,54.753,42.646
03/29/2024 09:00:00 PM,694.817,26.818,1.05,310.183,69.787,0,0,NA,NA,NA,NA,75.879,NA,2.982,61.349,47.303
03/29/2024 10:00:00 PM,695.464,26.255,0.924,347.545,73.417,0,0,NA,NA,NA,NA,55.796,NA,5.214,69.826,52.554
03/29/2024 11:00:00 PM,695.884,25.874,1.103,335.13,75.091,0,0,NA,NA,NA,NA,54.464,NA,4.121,66.106,51.948
03/30/2024 12:00:00 AM,695.872,25.639,0.952,61.033,76.162,0,0,NA,NA,NA,NA,56.662,NA,3.946,61.207,50.753
03/30/2024 01:00:00 AM,695.71,25.199,0.923,351.18,77.664,0,0,NA,NA,NA,NA,58.512,NA,2.577,60.269,49.335
03/30/2024 02:00:00 AM,695.28,24.439,0.756,169.031,80.166,0,0,NA,NA,NA,NA,47.621,NA,2.364,56.563,47.693
03/30/2024 03:00:00 AM,694.573,24.064,0.956,308.653,80.444,0,0,NA,NA,NA,NA,49.183,NA,1.771,50.761,44.021
03/30/2024 04:00:00 AM,694.35,23.798,1.342,23.822,76.955,0,0,NA,NA,NA,NA,36.412,NA,1.797,41.902,35.861
03/30/2024 05:00:00 AM,694.511,23.526,1.548,41.539,74.204,0,0,NA,NA,NA,NA,30.241,NA,1.906,36.595,31.486
03/30/2024 06:00:00 AM,695.128,23.199,1.651,92.995,73.506,0,0,NA,NA,NA,NA,25.372,NA,1.567,34.068,29.138
03/30/2024 07:00:00 AM,695.384,23.149,1.599,83.602,71.537,10.295,0,NA,NA,NA,NA,21.573,NA,1.687,34.729,28.309
03/30/2024 08:00:00 AM,695.842,23.386,1.525,101.736,70.808,38.118,0,NA,NA,NA,NA,22.009,NA,1.745,35.611,28.434
03/30/2024 09:00:00 AM,696.391,24.531,1.004,107.622,69.859,115.436,0,NA,NA,NA,NA,22.374,NA,1.652,46.519,32.296
03/30/2024 10:00:00 AM,696.544,26.312,1.581,53.82,70.263,404.807,0,NA,NA,NA,NA,47.626,NA,1.521,52.172,37.651
03/30/2024 11:00:00 AM,696.343,26.581,3.773,359.644,71.603,386.006,0,NA,NA,NA,NA,61.275,NA,1.196,39.064,28.135
03/30/2024 12:00:00 PM,695.931,26.99,3.469,322.971,70.435,386.505,0,NA,NA,NA,NA,63.596,NA,1.593,35.793,26.913
03/30/2024 01:00:00 PM,695.311,27.531,4.015,320.111,68.862,419.243,0,NA,NA,NA,NA,67.148,NA,1.006,38.502,28.794
03/30/2024 02:00:00 PM,694.597,28.236,4.323,323.229,66.459,453.092,0,NA,NA,NA,NA,71.926,NA,1.52,37.564,28.24
03/30/2024 03:00:00 PM,693.879,28.85,3.974,307.493,63.593,386.57,0,NA,NA,NA,NA,74.577,NA,1.214,35.638,27.346
03/30/2024 04:00:00 PM,693.514,29.447,4.143,312.996,60.752,338.881,0,NA,NA,NA,NA,77.108,NA,1.239,37.368,28.926
03/30/2024 05:00:00 PM,693.33,28.67,4.602,321.259,65.097,193.558,0,NA,NA,NA,NA,80.899,NA,1.552,46.307,38.042
03/30/2024 06:00:00 PM,693.4,28.064,4.33,323.415,67.301,96.554,0,NA,NA,NA,NA,81.648,NA,1.948,45.46,35.633
03/30/2024 07:00:00 PM,693.858,27.424,3.367,324.462,68.27,3.528,0,NA,NA,NA,NA,83.497,NA,2.434,56.839,44.678
03/30/2024 08:00:00 PM,694.267,26.652,2.016,334.382,71.655,0,0,NA,NA,NA,NA,76.813,NA,2.566,53.04,38.821
03/30/2024 09:00:00 PM,694.661,26.095,1.148,98.689,73.862,0,0,NA,NA,NA,NA,51.533,NA,3.084,56.679,42.863
03/30/2024 10:00:00 PM,695.176,25.724,1.137,38.859,74.606,0,0,NA,NA,NA,NA,47.035,NA,3.133,58.588,46.981
03/30/2024 11:00:00 PM,695.548,25.161,1.077,52.425,77.148,0,0,NA,NA,NA,NA,40.245,NA,3.009,54.213,42.878
03/31/2024 12:00:00 AM,695.634,24.865,1.452,292.161,79.051,0,0,NA,NA,NA,NA,53.578,NA,2.952,39.557,30.377
03/31/2024 01:00:00 AM,695.156,24.713,0.821,350.408,79.833,0,0,NA,NA,NA,NA,38.013,NA,3.718,44.868,35.274
03/31/2024 02:00:00 AM,694.824,22.797,3.128,20.864,90.063,0,15.799,NA,NA,NA,NA,43,NA,3.063,35.642,28.138
03/31/2024 03:00:00 AM,694.554,20.952,1.34,349.316,98.592,0,20.6,NA,NA,NA,NA,49.429,NA,3.116,14.051,12.281
03/31/2024 04:00:00 AM,694.555,21.226,0.955,303.127,99.217,0,1,NA,NA,NA,NA,34.655,NA,4.376,18.488,15.5
03/31/2024 05:00:00 AM,694.79,21.4,0.768,215.123,99.43,0,0.6,NA,NA,NA,NA,20.572,NA,5.142,22.198,18.275
03/31/2024 06:00:00 AM,695.155,21.438,0.813,4.903,99.547,0,0.4,NA,NA,NA,NA,18.832,NA,4.901,21.476,18.051
03/31/2024 07:00:00 AM,695.471,21.53,0.746,310.773,99.561,25.278,0,NA,NA,NA,NA,13.413,NA,4.461,24.851,19.94
03/31/2024 08:00:00 AM,696.007,21.871,0.954,122.222,99.398,56.789,0,NA,NA,NA,NA,9.094,NA,5.737,31.314,24.999
03/31/2024 09:00:00 AM,696.519,22.375,1.037,22.724,98.961,112.874,0,NA,NA,NA,NA,13.016,NA,6.133,41.194,31.671
03/31/2024 10:00:00 AM,696.659,23.931,1.096,285.295,94.917,377.644,0,NA,NA,NA,NA,31.891,NA,5.127,43.397,34.607
03/31/2024 11:00:00 AM,696.375,26.667,2.532,349.99,75.887,637.371,0.2,NA,NA,NA,NA,69.858,NA,3.249,43.484,36.075
03/31/2024 12:00:00 PM,696.091,27.167,4.016,315.595,74.636,479.917,0,NA,NA,NA,NA,68.416,NA,2.636,40.94,34.261
03/31/2024 01:00:00 PM,695.461,27.8,4.626,319.949,71.941,454.72,0,NA,NA,NA,NA,69.408,NA,2.515,39.956,32.794
03/31/2024 02:00:00 PM,694.61,27.873,4.825,334.209,71.365,408.626,0,NA,NA,NA,NA,69.961,NA,2.25,39.841,33.136
03/31/2024 03:00:00 PM,694.117,27.844,3.768,323.605,72.916,301.954,0,NA,NA,NA,NA,68.778,NA,2.116,40.049,33.617
03/31/2024 04:00:00 PM,693.732,27.415,3.358,310.6,74.132,129.211,0,NA,NA,NA,NA,76.562,NA,2.319,37.381,31.59
03/31/2024 05:00:00 PM,694.043,24.713,2.644,80.19,83.308,97.939,0,NA,NA,NA,NA,60.379,NA,2.521,29.333,23.527
03/31/2024 06:00:00 PM,693.99,23.831,2.561,91.969,81.455,27.324,0.2,NA,NA,NA,NA,46.126,NA,2.463,16.921,10.88
03/31/2024 07:00:00 PM,694.702,23.198,2.002,100.54,82.813,0.241,0,NA,NA,NA,NA,30.983,NA,2.808,18.107,9.748
03/31/2024 08:00:00 PM,695.337,23.39,1.719,99.089,81.921,0,0,NA,NA,NA,NA,25.565,NA,2.629,17.88,9.722
03/31/2024 09:00:00 PM,695.883,23.811,1.116,95.799,81.346,0,0,NA,NA,NA,NA,19.402,NA,3.509,19.999,11.348
03/31/2024 10:00:00 PM,696.343,23.617,1.121,348.966,85.291,0,0,NA,NA,NA,NA,23.364,NA,4.121,24.236,15.494
03/31/2024 11:00:00 PM,696.655,22.823,0.826,79.267,90.429,0,0,NA,NA,NA,NA,11.679,NA,4.229,24.71,16.522
04/01/2024 12:00:00 AM,696.614,22.682,0.784,239.744,91.718,0,0,NA,NA,NA,NA,6.273,NA,-999,24.67,15.539
04/01/2024 01:00:00 AM,696.077,22.726,0.954,250,91.96,0,0,NA,NA,NA,NA,10.098,NA,4.132,26.956,18.09
04/01/2024 02:00:00 AM,695.587,22.457,0.669,44.394,94.759,0,0,NA,NA,NA,NA,3.926,NA,-999,33.887,21.047
04/01/2024 03:00:00 AM,695.179,22.18,0.944,246.861,94.496,0,0,NA,NA,NA,NA,5.736,NA,5.868,31.126,19.77
04/01/2024 04:00:00 AM,695.211,22.128,0.829,29.456,93.607,0,0,NA,NA,NA,NA,3.926,NA,-999,30.518,17.315
04/01/2024 05:00:00 AM,695.184,22.432,0.869,266.087,90.99,0,0,NA,NA,NA,NA,7.82,NA,4.007,27.827,17.764
04/01/2024 06:00:00 AM,695.587,22.241,0.946,312.416,93.272,0,0,NA,NA,NA,NA,3.926,NA,-999,36.742,19.202
04/01/2024 07:00:00 AM,695.835,22.484,0.864,106.799,88.735,26.631,0,NA,NA,NA,NA,3.926,NA,-999,34.045,16.74
04/01/2024 08:00:00 AM,696.12,23.45,1.043,28.718,81.883,99.292,0,NA,NA,NA,NA,3.926,NA,3.51,33.007,14.091
04/01/2024 09:00:00 AM,696.435,24.604,1.352,0.357,79.803,282.379,0,NA,NA,NA,NA,5.533,NA,-999,38.89,16.895
04/01/2024 10:00:00 AM,696.379,27.027,1.523,58.335,70.626,500.829,0,NA,NA,NA,NA,32.113,NA,2.905,33.809,18.864
04/01/2024 11:00:00 AM,696.091,28.662,1.811,310.661,65.156,497.368,0,NA,NA,NA,NA,57.424,NA,-999,26.385,18.659
04/01/2024 12:00:00 PM,695.789,28.36,3.347,310.17,70.032,567.82,0.4,NA,NA,NA,NA,63.204,NA,0.928,30.795,23.125
04/01/2024 01:00:00 PM,695.139,28.288,4.803,327.333,69.619,470.863,0,NA,NA,NA,NA,65.902,NA,-999,30.564,23.589
04/01/2024 02:00:00 PM,694.426,28.841,5.027,322.601,68.8,490.341,0,NA,NA,NA,NA,66.331,NA,1.067,30.425,23.986
04/01/2024 03:00:00 PM,693.972,29.077,5.181,320.713,67.617,464.016,0,NA,NA,NA,NA,68.244,NA,1.058,32.688,26.199
04/01/2024 04:00:00 PM,693.657,29.112,4.554,280.571,67.696,360.856,0,NA,NA,NA,NA,68.606,NA,-999,31.533,26.616
04/01/2024 05:00:00 PM,693.629,27.285,3.312,329.893,73.437,83.793,0,NA,NA,NA,NA,58.766,NA,1.321,59.697,31.617
04/01/2024 06:00:00 PM,693.551,24.77,2.298,101.936,82.316,20.154,0,NA,NA,NA,NA,46.252,NA,1.53,31.853,21.702
04/01/2024 07:00:00 PM,694.339,24.597,1.373,97.084,82.775,1.143,0,NA,NA,NA,NA,32.617,NA,-999,26.887,17.255
04/01/2024 08:00:00 PM,694.808,24.58,1.025,202.43,85.479,0,0,NA,NA,NA,NA,24.77,NA,2.378,32.218,22.325
04/01/2024 09:00:00 PM,695.525,23.809,1.336,28.323,87.201,0,0,NA,NA,NA,NA,16.237,NA,-999,28.698,18.43
04/01/2024 10:00:00 PM,696.021,23.514,1.121,265.856,88.798,0,0,NA,NA,NA,NA,9.341,NA,2.737,29.628,19.146
04/01/2024 11:00:00 PM,696.09,23.092,1.151,299.729,91.339,0,0,NA,NA,NA,NA,3.926,NA,-999,33.553,21.418
04/02/2024 12:00:00 AM,696.039,22.964,0.864,272.682,91.909,0,0,NA,NA,NA,NA,3.926,NA,-999,36.154,23.359
04/02/2024 01:00:00 AM,695.639,23.271,1.073,236.686,89.607,0,0,NA,NA,NA,NA,13.399,NA,4.59,29.576,20.476
04/02/2024 02:00:00 AM,695.036,22.818,0.927,263.67,92.319,0,0,NA,NA,NA,NA,3.926,NA,-999,36.4,21.633
04/02/2024 03:00:00 AM,694.658,22.625,0.906,69.069,92.262,0,0,NA,NA,NA,NA,3.926,NA,3.292,32.981,19.605
04/02/2024 04:00:00 AM,694.652,22.718,0.844,117.106,90.918,0,0,NA,NA,NA,NA,3.926,NA,-999,30.177,17.626
04/02/2024 05:00:00 AM,694.875,22.774,0.59,2.028,89.132,0,0,NA,NA,NA,NA,5.925,NA,2.314,28.434,17.026
04/02/2024 06:00:00 AM,694.858,22.595,0.826,22.346,88.863,0,0,NA,NA,NA,NA,3.926,NA,1.084,31.732,16.661
04/02/2024 07:00:00 AM,695.073,22.488,1.012,88.428,88.77,14.016,0,NA,NA,NA,NA,3.926,NA,0.787,34.753,18.224
04/02/2024 08:00:00 AM,695.615,22.878,1.07,82.759,87.943,58.644,0,NA,NA,NA,NA,3.926,NA,-999,39.83,19.333
04/02/2024 09:00:00 AM,696.017,24.793,0.9,93.747,80.136,199.246,0,NA,NA,NA,NA,10.981,NA,1.558,43.284,19.108
04/02/2024 10:00:00 AM,696.019,26.19,2.077,12.463,75.083,503.198,0,NA,NA,NA,NA,31.497,NA,-999,31.493,18.777
04/02/2024 11:00:00 AM,695.683,27.562,3.33,313.381,71.946,514.202,0,NA,NA,NA,NA,59.497,NA,0.61,29.985,20.293
04/02/2024 12:00:00 PM,695.394,27.079,4.596,304.438,75.125,404.227,0,NA,NA,NA,NA,65.768,NA,-999,32.291,25.035
04/02/2024 01:00:00 PM,694.694,27.552,5.133,330.817,71.633,455.928,0,NA,NA,NA,NA,69.948,NA,-999,33.685,27.045
04/02/2024 02:00:00 PM,694.019,27.832,4.272,343.233,71.175,307.416,0,NA,NA,NA,NA,69.357,NA,-999,34.066,27.52
04/02/2024 03:00:00 PM,693.228,28.279,4.683,309.506,70.295,339.396,0,NA,NA,NA,NA,71.255,NA,-999,33.057,27.402
04/02/2024 04:00:00 PM,692.879,27.86,4.441,338.557,72.716,164.607,0,NA,NA,NA,NA,68.339,NA,-999,35.772,28.973
04/02/2024 05:00:00 PM,693.089,26.453,2.471,317.958,78.078,30.804,0,NA,NA,NA,NA,57.224,NA,-999,34.257,27.106
04/02/2024 06:00:00 PM,693.651,25.479,1.309,335.937,81.417,2.336,0.6,NA,NA,NA,NA,44.355,NA,-999,30.865,23.818
04/02/2024 07:00:00 PM,694.38,22.558,1.679,300.908,90.59,0,7.8,NA,NA,NA,NA,39.803,NA,0.501,19.682,15.052
04/02/2024 08:00:00 PM,694.529,22.187,0.95,92.68,94.248,0,0.2,NA,NA,NA,NA,14.704,NA,0.657,22.591,15.861
04/02/2024 09:00:00 PM,695.033,22.085,1.315,161.669,94.559,0,0,NA,NA,NA,NA,17.785,NA,1.49,26.491,17.313
04/02/2024 10:00:00 PM,695.496,22.086,1.152,110.557,95.36,0,0,NA,NA,NA,NA,11.397,NA,-999,29.192,19.192
04/02/2024 11:00:00 PM,695.757,22.248,1.413,168.216,94.248,0,0,NA,NA,NA,NA,10.855,NA,3.195,31.956,19.844
04/03/2024 12:00:00 AM,695.498,22.276,0.78,135.582,94.96,0,0,NA,NA,NA,NA,3.926,NA,-999,31.69,20.47
04/03/2024 01:00:00 AM,695.03,22.292,0.744,190.574,94,0,0,NA,NA,NA,NA,10.742,NA,2.24,27.643,18.954
04/03/2024 02:00:00 AM,694.568,22.587,0.894,197.667,91.767,0,0,NA,NA,NA,NA,15.218,NA,3.43,26.358,18.006
04/03/2024 03:00:00 AM,694.074,22.17,1.062,220.97,92.943,0,0,NA,NA,NA,NA,11.261,NA,3.444,28.143,18.395
04/03/2024 04:00:00 AM,693.79,21.957,0.809,33.534,93.077,0,0,NA,NA,NA,NA,9.807,NA,-999,26.522,17.805
04/03/2024 05:00:00 AM,694.085,21.723,0.765,226.279,93.164,0,0,NA,NA,NA,NA,4.308,NA,-999,31.054,18.091
04/03/2024 06:00:00 AM,694.61,21.883,0.954,340.951,90.964,0,0,NA,NA,NA,NA,3.926,NA,3.104,33.423,19.695
04/03/2024 07:00:00 AM,694.964,22.497,0.89,41.974,86.994,62.64,0,NA,NA,NA,NA,3.926,NA,3.259,38.869,21.134
04/03/2024 08:00:00 AM,695.565,23.223,1.182,274.131,88.204,140.537,0,NA,NA,NA,NA,3.926,NA,-999,47.157,23.971
04/03/2024 09:00:00 AM,696.116,24.319,1.207,17.33,83.743,176.013,0,NA,NA,NA,NA,6.425,NA,-999,54.755,24.837
04/03/2024 10:00:00 AM,696.287,24.992,1.904,354.201,83.36,186.056,0,NA,NA,NA,NA,25.57,NA,2.305,32.14,23.435
04/03/2024 11:00:00 AM,696.038,25.734,3.244,326.397,80.306,355.121,0,NA,NA,NA,NA,47.37,NA,1.931,29.306,23.122
04/03/2024 12:00:00 PM,695.513,26.779,3.186,329.812,75.798,381.269,0,NA,NA,NA,NA,55.658,NA,-999,26.532,21.328
04/03/2024 01:00:00 PM,694.753,27.188,3.822,0.731,72.074,239.749,0,NA,NA,NA,NA,57.057,NA,-999,27.424,22.65
04/03/2024 02:00:00 PM,694.308,25.74,1.767,273.875,82.587,73.966,0,NA,NA,NA,NA,51.463,NA,2.201,27.716,21.745
04/03/2024 03:00:00 PM,693.96,24.606,1.777,2.611,88.106,50.508,2.2,NA,NA,NA,NA,34.588,NA,-999,30.104,22.062
04/03/2024 04:00:00 PM,693.486,23.471,1.089,333.571,92.657,46.093,1.4,NA,NA,NA,NA,31.207,NA,2.84,34.994,22.168
04/03/2024 05:00:00 PM,693.118,24.215,0.819,46.889,89.57,77.349,0,NA,NA,NA,NA,34.526,NA,2.895,35.431,24.061
04/03/2024 06:00:00 PM,693,24.375,0.876,63.897,90.929,43.226,0,NA,NA,NA,NA,18.871,NA,3.466,39.859,26.147
04/03/2024 07:00:00 PM,693.594,23.687,0.994,328.705,95.056,0.596,0,NA,NA,NA,NA,3.926,NA,3.864,55.76,30.888
04/03/2024 08:00:00 PM,694.237,23.429,1.024,105.099,95.691,0,0,NA,NA,NA,NA,3.926,NA,-999,56.585,37.696
04/03/2024 09:00:00 PM,694.771,23.218,0.692,52.713,94.637,0,0,NA,NA,NA,NA,3.926,NA,-999,44.961,27.147
04/03/2024 10:00:00 PM,695.289,23.263,0.734,228.6,95.197,0,0,NA,NA,NA,NA,3.926,NA,5.087,53.669,35.31
04/03/2024 11:00:00 PM,695.503,22.985,0.831,283.526,94.227,0,0,NA,NA,NA,NA,3.926,NA,-999,46.486,29.273
04/04/2024 12:00:00 AM,695.11,22.684,0.61,224.869,94.475,0,0,NA,NA,NA,NA,3.926,NA,4.166,42.138,25.937
04/04/2024 01:00:00 AM,694.959,22.246,0.696,166.285,95.717,0,0,NA,NA,NA,NA,3.926,NA,3.888,45.114,27.887
04/04/2024 02:00:00 AM,694.587,21.883,0.931,105.369,92.934,0,0,NA,NA,NA,NA,3.926,NA,2.404,33.232,18.077
04/04/2024 03:00:00 AM,694.034,21.645,0.91,353.385,91.695,0,0,NA,NA,NA,NA,3.926,NA,2.134,32.253,15.996
04/04/2024 04:00:00 AM,694.019,21.176,0.832,245.839,95.903,0,0,NA,NA,NA,NA,3.926,NA,3.712,40.102,24.485
04/04/2024 05:00:00 AM,694.443,21.258,1.019,73.106,92.234,0,0,NA,NA,NA,NA,3.926,NA,1.371,31.968,15.436
04/04/2024 06:00:00 AM,694.675,21.476,0.723,328.023,90.542,0,0,NA,NA,NA,NA,3.926,NA,2.321,33.343,16.018
04/04/2024 07:00:00 AM,695.228,21.622,0.986,126.194,89.462,22.346,0,NA,NA,NA,NA,3.926,NA,2.926,34.913,16.84
04/04/2024 08:00:00 AM,695.888,22.063,1.124,23.65,88.534,46.476,0,NA,NA,NA,NA,3.926,NA,3.28,50.8,24.168
04/04/2024 09:00:00 AM,696.282,24.026,0.927,107.621,81.241,194.284,0,NA,NA,NA,NA,5.994,NA,1.974,75.03,25.101
04/04/2024 10:00:00 AM,696.778,24.431,1.941,339.494,82.942,168.103,0,NA,NA,NA,NA,14.06,NA,1.705,48.005,22.58
04/04/2024 11:00:00 AM,696.952,23.699,2.143,326.406,88.404,65.298,0,NA,NA,NA,NA,22.499,NA,1.275,23.405,14.428
04/04/2024 12:00:00 PM,696.532,23.5,2.456,342.855,89.274,253.846,0.2,NA,NA,NA,NA,31.823,NA,1.443,11.337,7.98
04/04/2024 01:00:00 PM,695.452,25.07,2.364,315.877,82.402,296.831,0,NA,NA,NA,NA,46.063,NA,1.232,15.695,11.419
04/04/2024 02:00:00 PM,694.626,26.087,2.082,319.654,78.303,268.475,0,NA,NA,NA,NA,48.46,NA,1.012,15.089,11.15
04/04/2024 03:00:00 PM,694.002,26.68,1.607,333.94,76.036,131.112,0,NA,NA,NA,NA,47.4,NA,0.79,17.317,11.415
04/04/2024 04:00:00 PM,693.591,27.24,1.53,312.342,74.383,223.303,0,NA,NA,NA,NA,54.757,NA,0.704,14.976,10.971
04/04/2024 05:00:00 PM,693.466,26.656,2.707,335.339,77.944,136.412,0,NA,NA,NA,NA,48.795,NA,1.281,15.236,10.88
04/04/2024 06:00:00 PM,693.718,25.716,2.952,342.429,81.407,40.728,0,NA,NA,NA,NA,42.295,NA,1.344,17.202,13.304
04/04/2024 07:00:00 PM,694.3,24.883,1.868,319.903,84.828,1.047,0,NA,NA,NA,NA,37.925,NA,1.278,20.475,14.272
04/04/2024 08:00:00 PM,694.892,24.208,1.051,313.832,88.003,0,0,NA,NA,NA,NA,26.757,NA,1.963,22.432,15.922
04/04/2024 09:00:00 PM,695.802,23.683,0.526,310.937,90.6,0,0,NA,NA,NA,NA,8.124,NA,2.836,29.274,18.937
04/04/2024 10:00:00 PM,696.57,23.126,0.858,345.475,93.509,0,0,NA,NA,NA,NA,3.926,NA,3.781,33.823,20.131
04/04/2024 11:00:00 PM,696.851,22.915,0.842,271.6,94.225,0,0,NA,NA,NA,NA,3.926,NA,5.896,37.951,20.917
04/05/2024 12:00:00 AM,696.607,22.622,0.991,338.092,94.994,0,0,NA,NA,NA,NA,3.926,NA,5.584,36.796,20.199
04/05/2024 01:00:00 AM,696.238,22.278,0.968,352.539,96.828,0,0,NA,NA,NA,NA,3.926,NA,6.975,44.836,22.234
04/05/2024 02:00:00 AM,695.739,22.245,1.301,140.645,93.953,0,0,NA,NA,NA,NA,3.926,NA,2.359,31.243,16.642
04/05/2024 03:00:00 AM,695.374,21.884,0.655,9.149,95.698,0,0,NA,NA,NA,NA,3.926,NA,2.425,35.169,18.305
04/05/2024 04:00:00 AM,695.153,21.776,1.262,325.41,90.85,0,0,NA,NA,NA,NA,4.015,NA,1.642,26.736,13.237
04/05/2024 05:00:00 AM,695.247,21.46,0.754,124.783,92.173,0,0,NA,NA,NA,NA,3.926,NA,1.263,27.943,14.38
04/05/2024 06:00:00 AM,695.455,21.172,1.102,1.768,91.814,0,0,NA,NA,NA,NA,3.926,NA,0.907,27.47,13.631
04/05/2024 07:00:00 AM,695.763,21.444,0.845,333.526,88.975,30.643,0,NA,NA,NA,NA,3.926,NA,1.647,34.721,15.868
04/05/2024 08:00:00 AM,696.159,22.996,1.269,307.085,81.201,183.763,0,NA,NA,NA,NA,3.926,NA,1.019,30.401,13.294
04/05/2024 09:00:00 AM,696.547,24.92,1.078,1.701,76.79,240.796,0,NA,NA,NA,NA,-999,NA,-999,31.196,16.011
04/05/2024 10:00:00 AM,696.726,24.776,1.869,35.363,75.988,191.305,0,NA,NA,NA,NA,-999,NA,-999,45.136,19.726
04/05/2024 11:00:00 AM,696.667,26.337,3.086,2.642,73.005,422.787,0,NA,NA,NA,NA,-999,NA,-999,32.226,17.647
04/05/2024 12:00:00 PM,696.32,26.7,3.676,348.473,74.804,302.421,0,NA,NA,NA,NA,57.637,NA,2.835,23.749,15.02
04/05/2024 01:00:00 PM,695.698,27.861,2.363,318.903,70.693,242.423,0,NA,NA,NA,NA,55.103,NA,3.279,20.003,12.931
04/05/2024 02:00:00 PM,694.995,28.09,3.006,312.441,70.161,330.696,0,NA,NA,NA,NA,56.881,NA,3.143,16.236,11.391
04/05/2024 03:00:00 PM,694.301,28.963,4.104,284.055,67.035,524.867,0,NA,NA,NA,NA,55.786,NA,3.226,16.083,10.669
04/05/2024 04:00:00 PM,693.701,29.335,3.842,287.923,62.261,347.452,0,NA,NA,NA,NA,57.801,NA,3.146,11.691,8.46
04/05/2024 05:00:00 PM,693.376,29.223,3.476,321.819,64.346,240.152,0,NA,NA,NA,NA,56.966,NA,3.142,13.354,8.285
04/05/2024 06:00:00 PM,693.645,27.653,2.397,317.282,71.198,33.43,0,NA,NA,NA,NA,46.951,NA,3.924,16.02,9.464
04/05/2024 07:00:00 PM,694.296,26.843,0.955,303.55,74.833,1.176,0,NA,NA,NA,NA,29.046,NA,4.449,23.86,11.593
04/05/2024 08:00:00 PM,694.983,25.92,1.305,28.553,78.693,0,0,NA,NA,NA,NA,17.865,NA,5.111,27.752,13.797
04/05/2024 09:00:00 PM,695.613,25.113,1.652,106.953,78.303,0,0,NA,NA,NA,NA,29.259,NA,4.68,21.689,10.714
04/05/2024 10:00:00 PM,696.035,24.853,1.656,79.713,76.145,0,0,NA,NA,NA,NA,27.425,NA,4.729,20.333,10.33
04/05/2024 11:00:00 PM,696.379,24.461,1.07,74.911,76.425,0,0,NA,NA,NA,NA,19.851,NA,5.221,20.032,10.069
04/06/2024 12:00:00 AM,696.32,24.022,1.274,111.06,76.947,0,0,NA,NA,NA,NA,21.814,NA,5.035,18.632,9.554
04/06/2024 01:00:00 AM,695.835,23.79,0.844,357.449,78.123,0,0,NA,NA,NA,NA,14.336,NA,3.288,19.112,9.702
04/06/2024 02:00:00 AM,695.147,23.383,0.714,47.607,79.089,0,0,NA,NA,NA,NA,13.477,NA,2.99,19.928,10.067
04/06/2024 03:00:00 AM,694.761,22.751,0.877,358.118,81.363,0,0,NA,NA,NA,NA,13.502,NA,2.979,20.212,10.07
04/06/2024 04:00:00 AM,694.937,22.654,0.809,112.115,82.995,0,0,NA,NA,NA,NA,6.711,NA,4.639,22.877,12.047
04/06/2024 05:00:00 AM,695.328,22.177,1.111,340.526,87.66,0,0,NA,NA,NA,NA,3.926,NA,7.68,30.416,15.55
04/06/2024 06:00:00 AM,695.501,22.291,1.061,259.346,87.896,0,0,NA,NA,NA,NA,3.926,NA,9.463,34.287,17.198
04/06/2024 07:00:00 AM,695.993,22.258,0.961,98.95,85.802,21.153,0,NA,NA,NA,NA,3.926,NA,5.547,29.485,14.422
04/06/2024 08:00:00 AM,696.134,23.053,1.343,249.483,86.118,89.938,0,NA,NA,NA,NA,3.926,NA,5.835,42.124,19.205
04/06/2024 09:00:00 AM,696.032,25.147,1.17,180.216,78.624,181.701,0,NA,NA,NA,NA,8.401,NA,5.145,49.735,19.997
04/06/2024 10:00:00 AM,696.059,25.764,1.345,206.276,77.237,201.147,0,NA,NA,NA,NA,14.512,NA,4.752,58.71,24.99
04/06/2024 11:00:00 AM,695.813,27.117,1.56,280.571,69.908,251.446,0,NA,NA,NA,NA,48.245,NA,3.211,35.471,18.176
04/06/2024 12:00:00 PM,695.323,28.593,3.044,1.74,65.818,492.387,0,NA,NA,NA,NA,79.304,NA,1.579,26.961,16.431
04/06/2024 01:00:00 PM,694.522,28.636,3.863,313.69,68.455,307.925,0,NA,NA,NA,NA,72.169,NA,1.296,20.179,13.087
04/06/2024 02:00:00 PM,693.706,30.059,3.345,286.726,63.271,516.006,0,NA,NA,NA,NA,66.445,NA,1.027,15.949,10.444
04/06/2024 03:00:00 PM,692.888,30.274,3.5,314.591,62.093,312.603,0,NA,NA,NA,NA,64.472,NA,1.32,15.328,9.87
04/06/2024 04:00:00 PM,692.326,30.614,4.411,337.673,61.615,332.178,0,NA,NA,NA,NA,65.623,NA,1.343,15.033,9.516
04/06/2024 05:00:00 PM,692.302,30.534,3.972,322.095,62.68,275.87,0,NA,NA,NA,NA,68.275,NA,1.585,14.906,9.711
04/06/2024 06:00:00 PM,692.352,29.243,3.615,324.401,65.492,108.991,0,NA,NA,NA,NA,71.701,NA,1.612,15.319,10.075
04/06/2024 07:00:00 PM,692.731,28,2.047,309.481,69.72,0.708,0,NA,NA,NA,NA,66.942,NA,2.485,18.149,11.888
04/06/2024 08:00:00 PM,693.327,27.374,1.221,319.299,73.182,0,0,NA,NA,NA,NA,59.342,NA,2.681,18.688,12.037
04/06/2024 09:00:00 PM,694.154,26.847,0.884,323.153,76.551,0,0,NA,NA,NA,NA,42.203,NA,3.61,24.104,14.859
04/06/2024 10:00:00 PM,694.649,26.229,1.453,65.413,79.325,0,0,NA,NA,NA,NA,41.209,NA,2.975,26.367,16.167
04/06/2024 11:00:00 PM,694.999,25.752,1.982,94.382,80.012,0,0,NA,NA,NA,NA,35.244,NA,3.039,21.363,13.704
04/07/2024 12:00:00 AM,694.633,25.399,2.122,45.172,78.25,0,0,NA,NA,NA,NA,30.607,NA,2.872,22.244,13.817
04/07/2024 01:00:00 AM,694.109,25.162,2.082,75.107,75.313,0,0,NA,NA,NA,NA,27.046,NA,3.304,20.755,13.219
04/07/2024 02:00:00 AM,693.745,24.744,2.277,89.91,73.894,0,0,NA,NA,NA,NA,28.886,NA,3.046,20.682,13.082
04/07/2024 03:00:00 AM,693.538,24.567,2.522,62.049,70.258,0,0,NA,NA,NA,NA,32.368,NA,2.443,19.322,12.054
04/07/2024 04:00:00 AM,693.379,24.392,2.468,96.427,68.706,0,0,NA,NA,NA,NA,33.901,NA,2.264,17.826,11.465
04/07/2024 05:00:00 AM,693.484,24.403,1.316,93.361,68.326,0,0,NA,NA,NA,NA,30.496,NA,2.507,17.229,11.553
04/07/2024 06:00:00 AM,693.492,23.945,1.642,87.728,68.168,0.161,0,NA,NA,NA,NA,28.838,NA,2.137,17.244,11.776
04/07/2024 07:00:00 AM,693.886,23.586,0.727,255.548,72.919,52.506,0,NA,NA,NA,NA,8.766,NA,4.318,24.926,15.503
04/07/2024 08:00:00 AM,694.395,24.601,1.523,4.554,69.785,214.422,0,NA,NA,NA,NA,20.176,NA,4.113,27.087,15.976
04/07/2024 09:00:00 AM,694.76,26.289,1.25,62.123,67.925,296.911,0,NA,NA,NA,NA,32.004,NA,3.223,24.464,16.442
04/07/2024 10:00:00 AM,694.746,27.756,1.729,347.609,64.56,467.866,0,NA,NA,NA,NA,52.32,NA,2.373,24.606,16.824
04/07/2024 11:00:00 AM,694.527,29.672,2.283,10.98,61.151,592.421,0,NA,NA,NA,NA,75.648,NA,1.97,20.031,14.633
04/07/2024 12:00:00 PM,694.111,29.908,3.176,325.337,63.256,491.872,0,NA,NA,NA,NA,80.001,NA,2.003,22.424,15.155
04/07/2024 01:00:00 PM,693.429,30.22,4.441,321.223,62.444,447.84,0,NA,NA,NA,NA,76.766,NA,2.431,22.557,15.284
04/07/2024 02:00:00 PM,692.664,30.507,4.322,308.277,61.707,348.128,0,NA,NA,NA,NA,71.832,NA,2.031,21.742,15.766
04/07/2024 03:00:00 PM,692.066,30.476,4.578,315.165,61.87,349.788,0,NA,NA,NA,NA,70.266,NA,2.355,19.515,14.01
04/07/2024 04:00:00 PM,691.386,30.872,4.119,310.789,61.345,322.512,0,NA,NA,NA,NA,71.949,NA,2.476,19.227,14.133
04/07/2024 05:00:00 PM,691.278,29.868,5.069,327.429,65.747,139.989,0,NA,NA,NA,NA,75.215,NA,2.743,24.163,17.823
04/07/2024 06:00:00 PM,691.443,28.626,3.5,349.696,70.547,50.153,0,NA,NA,NA,NA,69.756,NA,3.289,23.443,16.852
04/07/2024 07:00:00 PM,691.947,27.705,1.565,313.523,75.596,0.821,0,NA,NA,NA,NA,68.216,NA,3.616,29.144,18.609
04/07/2024 08:00:00 PM,692.672,27.137,1.086,305.731,78.361,0,0,NA,NA,NA,NA,52.925,NA,3.676,31.109,20.612
04/07/2024 09:00:00 PM,693.308,26.637,0.915,19.123,80.118,0,0,NA,NA,NA,NA,33.95,NA,5,35.388,22.627
04/07/2024 10:00:00 PM,693.814,26.166,1.318,13.225,81.272,0,0,NA,NA,NA,NA,35.059,NA,4.367,34.308,21.981
04/07/2024 11:00:00 PM,693.993,25.746,1.329,116.613,81.494,0,0,NA,NA,NA,NA,35.336,NA,4.039,31.35,20.598
04/08/2024 12:00:00 AM,693.959,25.771,1.795,55.999,79.648,0,0,NA,NA,NA,NA,37.104,NA,4.17,25.66,18.556
04/08/2024 01:00:00 AM,693.656,25.873,2.255,85.633,75.403,0,0,NA,NA,NA,NA,38.075,NA,2.32,24.918,17.505
04/08/2024 02:00:00 AM,693.194,25.454,1.591,66.052,75.037,0,0,NA,NA,NA,NA,32.612,NA,2.642,24.744,16.849
04/08/2024 03:00:00 AM,692.725,24.74,0.883,79.86,77.299,0,0,NA,NA,NA,NA,23.861,NA,3.481,26.257,17.714
04/08/2024 04:00:00 AM,693.135,24.746,0.809,123.117,75.68,0,0,NA,NA,NA,NA,26.247,NA,3.06,25.394,17.389
04/08/2024 05:00:00 AM,693.306,24.499,0.699,25.544,77.017,0,0,NA,NA,NA,NA,15.808,NA,2.329,23.856,16.6
04/08/2024 06:00:00 AM,693.647,24.185,0.813,113.5,77.017,0.064,0,NA,NA,NA,NA,12.895,NA,2.801,25.521,15.382
04/08/2024 07:00:00 AM,694.18,23.904,0.851,273.539,81.785,29.757,0,NA,NA,NA,NA,3.926,NA,5.258,36.258,20.717
04/08/2024 08:00:00 AM,694.572,25.275,0.979,21.694,75.619,146.965,0,NA,NA,NA,NA,10.445,NA,3.505,34.092,17.827
04/08/2024 09:00:00 AM,694.768,26.397,1.199,1.21,70.895,175.852,0,NA,NA,NA,NA,16.849,NA,4.052,47.056,20.097
04/08/2024 10:00:00 AM,694.74,26.935,1.209,303.437,71.856,143.179,0,NA,NA,NA,NA,32.583,NA,4.042,43.193,21.798
04/08/2024 11:00:00 AM,694.675,27.048,1.14,91.291,71.108,147.612,0,NA,NA,NA,NA,33.478,NA,4.04,62.361,33.266
04/08/2024 12:00:00 PM,694.262,29.031,1.835,308.928,64.348,411.22,0,NA,NA,NA,NA,67.138,NA,2.525,38.459,23.177
04/08/2024 01:00:00 PM,693.787,28.518,4.117,322.3,68.682,350.509,0,NA,NA,NA,NA,72.886,NA,1.275,31.712,20.19
04/08/2024 02:00:00 PM,692.967,29.253,3.998,321.119,67.998,569.237,0,NA,NA,NA,NA,71.774,NA,0.856,28.059,17.8
04/08/2024 03:00:00 PM,692.164,30.552,3.4,319.002,62.611,406.257,0,NA,NA,NA,NA,75.659,NA,1.258,36.965,27.656
04/08/2024 04:00:00 PM,691.766,30.657,4.094,326.071,60.281,283.169,0,NA,NA,NA,NA,70.984,NA,0.932,27.551,18.522
04/08/2024 05:00:00 PM,692.012,29.714,4.302,320.441,63.583,151.881,0,NA,NA,NA,NA,66.736,NA,1.133,23.758,16.09
04/08/2024 06:00:00 PM,692.513,28.303,3.212,313.589,70.441,30.401,0,NA,NA,NA,NA,66.632,NA,1.22,24.799,16.809
04/08/2024 07:00:00 PM,692.752,27.446,1.52,312.127,74.761,0.209,0,NA,NA,NA,NA,54.561,NA,2.219,28.898,18.635
04/08/2024 08:00:00 PM,693.21,26.736,1.342,29.516,76.734,0,0,NA,NA,NA,NA,38.729,NA,3.146,34.564,23.362
04/08/2024 09:00:00 PM,694.187,25.982,1.398,50.633,79.134,0,0,NA,NA,NA,NA,30.511,NA,2.954,40.358,24.507
04/08/2024 10:00:00 PM,695.169,25.943,1.523,54.873,76.154,0,0,NA,NA,NA,NA,31.551,NA,3.041,34.174,22.004
04/08/2024 11:00:00 PM,694.938,25.654,1.324,39.184,74.355,0,0,NA,NA,NA,NA,35.833,NA,2.613,31.613,20.534
04/09/2024 12:00:00 AM,694.635,24.643,0.649,182.979,78.858,0,0,NA,NA,NA,NA,16.462,NA,4.832,31.863,20.446
04/09/2024 01:00:00 AM,694.58,24.143,0.897,269.264,81.274,0,0,NA,NA,NA,NA,16.978,NA,3.707,33.868,22.414
04/09/2024 02:00:00 AM,694.1,24.581,0.993,59.763,75.211,0,0,NA,NA,NA,NA,32.052,NA,2.837,29.287,19.468
04/09/2024 03:00:00 AM,693.636,24.129,0.925,275.248,75.407,0,0,NA,NA,NA,NA,26.142,NA,2.684,24.289,16.605
04/09/2024 04:00:00 AM,693.492,23.244,1.023,343.738,81.327,0,0,NA,NA,NA,NA,9.534,NA,5.795,29.11,19.507
04/09/2024 05:00:00 AM,694.212,22.687,1.274,243.742,85.603,0,0,NA,NA,NA,NA,7.65,NA,7.234,33.688,22.28
04/09/2024 06:00:00 AM,694.499,23.304,1.43,92.11,75.143,0.37,0,NA,NA,NA,NA,23.386,NA,1.95,24.312,15.803
04/09/2024 07:00:00 AM,694.874,23.107,1.577,103.685,73.075,23.86,0,NA,NA,NA,NA,16.592,NA,1.474,23.908,14.341
04/09/2024 08:00:00 AM,694.987,23.668,1.187,75.934,74.269,57.21,0,NA,NA,NA,NA,13.244,NA,2.458,34.36,17.672
04/09/2024 09:00:00 AM,695.064,24.445,1.041,285.48,78.652,128.437,0,NA,NA,NA,NA,17.319,NA,3.294,36.121,21.194
04/09/2024 10:00:00 AM,695.199,25.298,1.751,252.526,79.318,245.017,0,NA,NA,NA,NA,38.374,NA,3.502,38.804,23.943
04/09/2024 11:00:00 AM,694.896,27.189,2.324,344.812,72.081,420.983,0,NA,NA,NA,NA,59.549,NA,2.962,46.336,27.72
04/09/2024 12:00:00 PM,694.31,28.313,2.965,343.88,68.863,394.287,0,NA,NA,NA,NA,86.295,NA,1.324,42.411,26.091
04/09/2024 01:00:00 PM,693.735,27.95,4.496,323.606,71.754,292.158,0,NA,NA,NA,NA,66.942,NA,0.952,26.888,17.518
04/09/2024 02:00:00 PM,693.011,27.944,3.693,324.141,71.19,256.134,0,NA,NA,NA,NA,66.874,NA,1.112,24.603,16.148
04/09/2024 03:00:00 PM,692.429,28.041,3.257,313.398,71.509,222.768,0,NA,NA,NA,NA,61.461,NA,1.071,25.117,15.827
04/09/2024 04:00:00 PM,692.071,28.63,3.035,326.266,67.628,203.563,0,NA,NA,NA,NA,63.006,NA,1.24,22.818,14.868
04/09/2024 05:00:00 PM,691.993,28.091,3.131,313.567,71.709,119.367,0,NA,NA,NA,NA,62.663,NA,1.301,26.088,15.966
04/09/2024 06:00:00 PM,692.156,27.78,1.461,302.48,73.512,49.219,0,NA,NA,NA,NA,58.672,NA,1.458,27.401,17.693
04/09/2024 07:00:00 PM,692.586,26.957,1.284,302.91,76.132,1.836,0,NA,NA,NA,NA,42.058,NA,2.287,36.823,24.356
04/09/2024 08:00:00 PM,693.092,26.298,1.329,24.785,77.449,0,0,NA,NA,NA,NA,33.925,NA,2.806,43.87,28.99
04/09/2024 09:00:00 PM,693.457,25.648,1.682,74.438,74.551,0,0,NA,NA,NA,NA,46.122,NA,2.126,29.882,18.112
04/09/2024 10:00:00 PM,693.932,25.212,1.721,90.121,73.609,0,0,NA,NA,NA,NA,39.102,NA,2.233,29.975,17.521
04/09/2024 11:00:00 PM,694.237,25.113,2.345,72.078,71.18,0,0,NA,NA,NA,NA,42.264,NA,1.86,27.156,16.832
04/10/2024 12:00:00 AM,694.076,25.198,2.599,96.74,68.686,0,0,NA,NA,NA,NA,43.878,NA,2.316,24.555,16.514
04/10/2024 01:00:00 AM,693.659,24.641,1.896,101.33,72.379,0,0,NA,NA,NA,NA,27.075,NA,7.071,32.352,22.066
04/10/2024 02:00:00 AM,693.231,24.5,1.804,79.725,69.216,0,0,NA,NA,NA,NA,26.635,NA,6.598,31.151,21.515
04/10/2024 03:00:00 AM,693.073,23.348,0.803,342.807,75.891,0,0,NA,NA,NA,NA,13.961,NA,5.815,35.188,21.947
04/10/2024 04:00:00 AM,693.154,23.251,0.742,170.125,71.931,0,0,NA,NA,NA,NA,30.948,NA,3.432,28.244,18.464
04/10/2024 05:00:00 AM,693.337,22.992,0.717,7.261,70.112,0,0,NA,NA,NA,NA,22.494,NA,3.647,28.817,18.763
04/10/2024 06:00:00 AM,693.564,22.863,1.033,48.402,67.695,0.418,0,NA,NA,NA,NA,9.365,NA,3.568,29.343,18.825
04/10/2024 07:00:00 AM,694.072,22.935,0.815,325.041,69.375,86.355,0,NA,NA,NA,NA,3.926,NA,4.237,37.691,22.052
04/10/2024 08:00:00 AM,694.756,24.367,1.364,297.601,70.783,249.625,0,NA,NA,NA,NA,8.094,NA,6.085,49.658,26.912
04/10/2024 09:00:00 AM,695.034,25.974,1.541,10.778,63.115,368.767,0,NA,NA,NA,NA,23.626,NA,4.151,44.415,23.783
04/10/2024 10:00:00 AM,694.666,28.344,1.656,349.252,57.555,524.4,0,NA,NA,NA,NA,62.487,NA,2.83,41.349,23.033
04/10/2024 11:00:00 AM,694.09,29.676,2.369,338.055,52.952,594.58,0,NA,NA,NA,NA,97.145,NA,2.158,43.982,22.535
04/10/2024 12:00:00 PM,693.488,30.867,4.021,270.17,52.998,585.171,0,NA,NA,NA,NA,106.918,NA,1.085,36.226,20.987
04/10/2024 01:00:00 PM,692.979,30.583,5.553,320.562,59.698,581.74,0,NA,NA,NA,NA,93.173,NA,0.812,34.411,20.817
04/10/2024 02:00:00 PM,692.564,30.985,4.483,290.053,59.451,538.594,0,NA,NA,NA,NA,84.582,NA,1.436,30.747,20.019
04/10/2024 03:00:00 PM,692.14,30.983,4.49,322.303,59.056,459.005,0,NA,NA,NA,NA,83.84,NA,1.689,28.853,19.374
04/10/2024 04:00:00 PM,691.73,31.464,3.865,317.203,56.721,315.717,0,NA,NA,NA,NA,82.567,NA,1.914,26.846,18.519
04/10/2024 05:00:00 PM,691.627,31.099,3.243,297.615,59.362,190.916,0,NA,NA,NA,NA,87.861,NA,2.022,31.157,21.791
04/10/2024 06:00:00 PM,691.803,29.596,2.225,294.01,66.341,53.698,0,NA,NA,NA,NA,80.934,NA,2.469,34.464,21.438
04/10/2024 07:00:00 PM,692.345,28.616,1.13,287.753,69.865,1.901,0,NA,NA,NA,NA,74.371,NA,3.099,41.218,23.893
04/10/2024 08:00:00 PM,692.822,28.012,0.751,318.207,72.044,0,0,NA,NA,NA,NA,47.471,NA,3.673,42.428,25.474
04/10/2024 09:00:00 PM,693.267,27.226,1.17,13.87,74.307,0,0,NA,NA,NA,NA,51.263,NA,4.161,44.746,26.11
04/10/2024 10:00:00 PM,693.854,26.759,1.632,61.349,73.167,0,0,NA,NA,NA,NA,50.97,NA,3.737,34.99,22.451
04/10/2024 11:00:00 PM,694.403,26.63,1.86,78.232,69.034,0,0,NA,NA,NA,NA,49.641,NA,4.228,31.803,21.66
04/11/2024 12:00:00 AM,694.305,26.617,2.159,61.93,63.682,0,0,NA,NA,NA,NA,56.225,NA,2.957,29,20.461
04/11/2024 01:00:00 AM,694.178,26.453,2.119,88.808,61.37,0,0,NA,NA,NA,NA,58.561,NA,2.065,27.971,20.65
04/11/2024 02:00:00 AM,693.985,26.173,2.606,61.045,60.947,0,0,NA,NA,NA,NA,58.728,NA,0.297,29.553,21.349
04/11/2024 03:00:00 AM,693.673,25.88,2.226,58.016,60.499,0,0,NA,NA,NA,NA,58.77,NA,0.323,28.102,21.413
04/11/2024 04:00:00 AM,693.47,25.741,2.088,78.725,59.804,0,0,NA,NA,NA,NA,57.387,NA,-999,27.956,21.575
04/11/2024 05:00:00 AM,693.598,25.353,1.977,108.466,60.225,0,0,NA,NA,NA,NA,55.52,NA,0.822,29.777,22.302
04/11/2024 06:00:00 AM,693.968,24.675,2.374,91.222,60.813,0.886,0,NA,NA,NA,NA,48.286,NA,0.741,30.726,22.151
04/11/2024 07:00:00 AM,694.975,23.578,1.28,325.458,71.865,42.646,0,NA,NA,NA,NA,11.189,NA,4.734,44.026,27.967
04/11/2024 08:00:00 AM,695.526,24.704,1.524,73.898,59.972,116.612,0,NA,NA,NA,NA,32.973,NA,0.994,46.62,24.07
04/11/2024 09:00:00 AM,695.639,27.351,1.289,69.676,55.308,363.595,0,NA,NA,NA,NA,49.319,NA,0.638,56.669,26.517
04/11/2024 10:00:00 AM,695.553,29.199,1.589,312.779,56.069,531.263,0,NA,NA,NA,NA,76.24,NA,0.525,38.779,26.268
04/11/2024 11:00:00 AM,695.228,29.602,2.544,325.803,63.357,450.047,0,NA,NA,NA,NA,90.454,NA,0.32,52.382,36.598
04/11/2024 12:00:00 PM,694.75,29.624,4.514,330.312,65.268,455.767,0,NA,NA,NA,NA,82.974,NA,0.551,49.41,34.574
04/11/2024 01:00:00 PM,694.211,29.881,5.245,328.888,64.799,567.771,0,NA,NA,NA,NA,82.835,NA,0.478,46.892,32.743
04/11/2024 02:00:00 PM,693.713,30.31,5.638,324.671,63.042,494.353,0,NA,NA,NA,NA,84.286,NA,0.465,42.217,30.015
04/11/2024 03:00:00 PM,693.202,30.936,4.561,312.834,61.291,465.578,0,NA,NA,NA,NA,85.234,NA,0.61,39.75,28.936
04/11/2024 04:00:00 PM,693.044,30.942,3.979,290.997,60.89,323.656,0,NA,NA,NA,NA,82.309,NA,0.803,38.208,27.469
04/11/2024 05:00:00 PM,693,30.396,3.453,298.222,63.863,214.052,0,NA,NA,NA,NA,83.558,NA,0.868,40.707,28.67
04/11/2024 06:00:00 PM,693.351,29.347,3.002,309.585,67.687,68.806,0,NA,NA,NA,NA,82.749,NA,0.875,43.454,30.985
04/11/2024 07:00:00 PM,693.672,28.179,1.243,279.575,72.54,1.192,0,NA,NA,NA,NA,77.032,NA,1.922,51.088,36.767
04/11/2024 08:00:00 PM,693.909,27.612,1.247,356.58,75.102,0,0,NA,NA,NA,NA,59.743,NA,2.999,56.298,38.527
04/11/2024 09:00:00 PM,694.379,26.746,1.49,106.557,75.627,0,0,NA,NA,NA,NA,54.064,NA,2.489,48.869,33.386
04/11/2024 10:00:00 PM,694.845,26.439,1.742,52.793,72.284,0,0,NA,NA,NA,NA,48.224,NA,2.315,40.879,29.459
04/11/2024 11:00:00 PM,695.102,26.375,1.81,72.345,66.696,0,0,NA,NA,NA,NA,52.501,NA,1.796,35.986,26.88
04/12/2024 12:00:00 AM,695.085,26.226,2.715,85.729,62.132,0,0,NA,NA,NA,NA,56.661,NA,1.197,32.358,25.212
04/12/2024 01:00:00 AM,694.982,26.018,3.149,81.272,60.097,0,0,NA,NA,NA,NA,60.696,NA,1.187,34.271,25.027
04/12/2024 02:00:00 AM,694.737,25.489,2.937,84.807,60.322,0,0,NA,NA,NA,NA,60.188,NA,1.062,31.04,24.831
04/12/2024 03:00:00 AM,694.414,25.366,3.088,94.689,59.361,0,0,NA,NA,NA,NA,61.408,NA,1.069,31.233,24.42
04/12/2024 04:00:00 AM,694.319,25.037,3.615,97.053,58.685,0,0,NA,NA,NA,NA,62.365,NA,1.252,28.642,22.95
04/12/2024 05:00:00 AM,694.617,24.635,2.755,88.358,56.902,0,0,NA,NA,NA,NA,60.614,NA,1.246,25.06,20.225
04/12/2024 06:00:00 AM,694.981,23.872,3.505,94.79,56.464,0.064,0,NA,NA,NA,NA,55.702,NA,1.358,25.244,18.448
04/12/2024 07:00:00 AM,695.271,23.945,3.615,86.395,55.714,78.058,0,NA,NA,NA,NA,49.903,NA,1.279,28.066,18.204
04/12/2024 08:00:00 AM,695.759,25.409,1.565,87.005,52.238,233.637,0,NA,NA,NA,NA,43.329,NA,1.431,36.57,19.809
04/12/2024 09:00:00 AM,695.847,26.861,1.481,354.593,55.072,369.653,0,NA,NA,NA,NA,46.754,NA,2.669,42.426,25.351
04/12/2024 10:00:00 AM,695.62,28.371,1.722,287.674,56.992,523.627,0,NA,NA,NA,NA,85.812,NA,2.242,55.295,35.255
04/12/2024 11:00:00 AM,695.122,30.451,1.864,297.907,50.044,596.707,0,NA,NA,NA,NA,108.104,NA,1.184,44.034,28.632
04/12/2024 12:00:00 PM,694.59,30.646,3.958,4.242,55.694,582.303,0,NA,NA,NA,NA,110.356,NA,1.001,44.44,29.754
04/12/2024 01:00:00 PM,693.918,31.139,3.678,278.976,58.313,549.292,0,NA,NA,NA,NA,94.078,NA,1.137,42.431,30.882
04/12/2024 02:00:00 PM,693.183,31.754,3.899,287.592,55.037,527.509,0,NA,NA,NA,NA,86.309,NA,0.778,37.114,27.609
04/12/2024 03:00:00 PM,692.617,31.845,4.378,313.908,54.968,438.174,0,NA,NA,NA,NA,82.619,NA,1.137,35.881,26.749
04/12/2024 04:00:00 PM,692.378,31.456,4.857,330.399,58.12,318.645,0,NA,NA,NA,NA,83.515,NA,1.737,36.16,26.915
04/12/2024 05:00:00 PM,692.25,31.08,4.768,323.471,59.653,212.554,0,NA,NA,NA,NA,87.575,NA,1.504,38.86,28.766
04/12/2024 06:00:00 PM,692.491,29.99,2.617,313.964,65.107,69.567,0,NA,NA,NA,NA,84.509,NA,2.079,43.215,30.939
04/12/2024 07:00:00 PM,692.946,28.845,1.597,279.834,69.366,0.725,0,NA,NA,NA,NA,74.087,NA,2.782,47.471,32.507
04/12/2024 08:00:00 PM,693.459,28.342,0.989,241.643,71.989,0,0,NA,NA,NA,NA,56.909,NA,3.947,50.404,34.02
04/12/2024 09:00:00 PM,694.008,27.49,1.5,97.957,72.493,0,0,NA,NA,NA,NA,54.635,NA,3.849,49.34,34.157
04/12/2024 10:00:00 PM,694.455,26.961,1.73,67.347,70.296,0,0,NA,NA,NA,NA,56.891,NA,3.519,44.191,31.803
04/12/2024 11:00:00 PM,694.87,26.844,2.229,78.03,67.558,0,0,NA,NA,NA,NA,57.418,NA,3.387,42.14,32.183
04/13/2024 12:00:00 AM,694.845,26.584,2.678,64.892,65.106,0,0,NA,NA,NA,NA,59.638,NA,3.032,41.408,32.436
04/13/2024 01:00:00 AM,694.631,26.513,3.506,92.973,60.785,0,0,NA,NA,NA,NA,62.909,NA,1.811,44.981,33.414
04/13/2024 02:00:00 AM,694.223,26.269,3.411,92.36,57.575,0,0,NA,NA,NA,NA,63.854,NA,0.516,38.289,31.067
04/13/2024 03:00:00 AM,693.817,25.948,3.771,95.736,56.679,0,0,NA,NA,NA,NA,66.973,NA,-999,36.812,29.606
04/13/2024 04:00:00 AM,693.673,25.407,3.363,81.304,57.645,0,0,NA,NA,NA,NA,65.548,NA,-999,36.28,29.411
04/13/2024 05:00:00 AM,694.054,25.101,2.875,82.458,57.843,0,0,NA,NA,NA,NA,62.782,NA,0.451,34.313,28.888
04/13/2024 06:00:00 AM,694.369,24.943,3.022,83.684,56.538,0.032,0,NA,NA,NA,NA,60.254,NA,0.422,33.54,27.694
04/13/2024 07:00:00 AM,694.485,24.801,3.354,87.956,56.348,70.663,0,NA,NA,NA,NA,56.502,NA,0.459,33.74,26.897
04/13/2024 08:00:00 AM,694.812,26.044,1.757,76.285,53.204,205.883,0,NA,NA,NA,NA,45.825,NA,0.65,40.552,27.366
04/13/2024 09:00:00 AM,695.084,27.521,1.397,32.782,55.443,374.341,0,NA,NA,NA,NA,46.218,NA,1.984,51.739,33.026
04/13/2024 10:00:00 AM,694.939,28.865,1.69,273.045,57.607,518.294,0,NA,NA,NA,NA,84.659,NA,2.082,48.897,35.47
04/13/2024 11:00:00 AM,694.463,30.475,1.978,322.645,53.689,574.586,0,NA,NA,NA,NA,101.934,NA,0.582,44.836,32.468
04/13/2024 12:00:00 PM,693.907,31.054,4.468,324.325,55.346,584.172,0,NA,NA,NA,NA,109.563,NA,0.326,50.765,34.102
04/13/2024 01:00:00 PM,693.541,30.896,4.553,305.333,59.24,523.869,0,NA,NA,NA,NA,100.035,NA,0.291,47.512,33.81
04/13/2024 02:00:00 PM,692.939,31.941,3.968,317.109,53.683,527.816,0,NA,NA,NA,NA,99.617,NA,0.327,42.529,32.15
04/13/2024 03:00:00 PM,692.359,31.978,5.109,304.835,54.823,421.611,0,NA,NA,NA,NA,101.106,NA,-999,43.651,33.001
04/13/2024 04:00:00 PM,691.971,31.515,5.511,327.576,59.684,323.398,0,NA,NA,NA,NA,97.697,NA,0.324,46.133,34.763
04/13/2024 05:00:00 PM,691.912,30.954,4.443,326.242,61.887,192.946,0,NA,NA,NA,NA,97.75,NA,0.721,48.905,37.194
04/13/2024 06:00:00 PM,692.101,29.627,2.913,282.903,66.716,45.787,0,NA,NA,NA,NA,95.919,NA,0.919,49.042,36.985
04/13/2024 07:00:00 PM,692.556,28.813,1.456,299.621,70.046,0.612,0,NA,NA,NA,NA,87.053,NA,1.48,56.546,39.297
04/13/2024 08:00:00 PM,693.04,28.456,0.803,294.821,71.543,0,0,NA,NA,NA,NA,73.447,NA,2.082,62.757,42.085
04/13/2024 09:00:00 PM,693.5,27.91,0.964,54.894,74.702,0,0,NA,NA,NA,NA,47.869,NA,3.82,68.861,48.729
04/13/2024 10:00:00 PM,693.706,27.006,1.421,19.77,78.378,0,0,NA,NA,NA,NA,55.917,NA,3.508,66.315,47.944
04/13/2024 11:00:00 PM,693.751,26.113,0.952,323.062,80.305,0,0,NA,NA,NA,NA,56.148,NA,3.539,59.181,45.196
04/14/2024 12:00:00 AM,693.723,26.251,1.298,105.402,78.21,0,0,NA,NA,NA,NA,48.251,NA,3.225,57.52,44.222
04/14/2024 01:00:00 AM,693.533,25.936,1.557,84.681,75.874,0,0,NA,NA,NA,NA,48.107,NA,3.817,49.538,40.729
04/14/2024 02:00:00 AM,693.084,25.77,2.013,59.303,72.602,0,0,NA,NA,NA,NA,47.708,NA,4.497,48.191,39.178
04/14/2024 03:00:00 AM,692.702,26.027,2.394,81.657,65.099,0,0,NA,NA,NA,NA,56.905,NA,2.84,43.024,35.146
04/14/2024 04:00:00 AM,692.509,25.855,2.626,74.473,61.777,0,0,NA,NA,NA,NA,62.337,NA,2.18,39.726,33.366
04/14/2024 05:00:00 AM,692.688,25.421,2.9,96.717,58.936,0,0,NA,NA,NA,NA,64.935,NA,2.049,36.496,30.229
04/14/2024 06:00:00 AM,693.083,24.684,2.233,76.439,58.22,0.112,0,NA,NA,NA,NA,59.913,NA,1.99,33.554,27.322
04/14/2024 07:00:00 AM,693.515,24.725,2.006,66.433,55.806,40.673,0,NA,NA,NA,NA,55.215,NA,1.616,30.849,24.969
04/14/2024 08:00:00 AM,694.021,25.359,1.859,80.893,52.424,122.38,0,NA,NA,NA,NA,54.615,NA,1.483,30.937,23.357
04/14/2024 09:00:00 AM,694.335,27.755,1.231,47.432,50.951,342.812,0,NA,NA,NA,NA,58.844,NA,1.1,32.421,24.963
04/14/2024 10:00:00 AM,694.298,28.401,1.663,271.765,62.723,427.782,0,NA,NA,NA,NA,76.968,NA,2.009,54.688,43.68
04/14/2024 11:00:00 AM,694.055,29.704,1.675,287.433,58.873,519.234,0,NA,NA,NA,NA,90.366,NA,2.146,52.472,42.867
04/14/2024 12:00:00 PM,693.502,30.537,3.105,332.587,60.179,481.367,0,NA,NA,NA,NA,95.276,NA,1.665,56.355,45.224
04/14/2024 01:00:00 PM,692.866,30.662,4.455,324.186,62.163,540.104,0,NA,NA,NA,NA,89.689,NA,1.905,55.607,43.641
04/14/2024 02:00:00 PM,692.075,31.21,5.156,301.014,61.186,529.524,0,NA,NA,NA,NA,87.436,NA,1.996,53.486,40.797
04/14/2024 03:00:00 PM,691.586,30.834,5.121,319.748,62.851,466.513,0,NA,NA,NA,NA,81.032,NA,2.347,44.178,34.108
04/14/2024 04:00:00 PM,691.313,30.592,4.659,309.003,64.731,319.112,0,NA,NA,NA,NA,81.003,NA,2.419,43.969,33.533
04/14/2024 05:00:00 PM,691.461,29.251,3.907,309.007,70.235,129.662,0,NA,NA,NA,NA,79.725,NA,2.602,46.549,36.338
04/14/2024 06:00:00 PM,691.927,28.335,2.882,298.33,74.097,30.949,0,NA,NA,NA,NA,77.775,NA,2.751,49.85,37.974
04/14/2024 07:00:00 PM,692.685,26.339,3.79,338.165,72.129,0.145,0,NA,NA,NA,NA,80.344,NA,3.054,34.684,25.313
04/14/2024 08:00:00 PM,693.216,24.949,1.853,3.044,75.481,0,0,NA,NA,NA,NA,61.715,NA,3.7,32.396,22.896
04/14/2024 09:00:00 PM,693.299,25.027,2.234,58.958,76.12,0,0,NA,NA,NA,NA,50.969,NA,3.4,28.45,19.356
04/14/2024 10:00:00 PM,693.711,24.712,1.383,37.814,77.381,0,0,NA,NA,NA,NA,43.181,NA,3.977,29.892,20.329
04/14/2024 11:00:00 PM,694.002,24.959,1.478,96.729,76.373,0,0,NA,NA,NA,NA,37.092,NA,4.107,27.576,20.024
04/15/2024 12:00:00 AM,693.795,24.74,1.568,101.139,76.529,0,0,NA,NA,NA,NA,33.49,NA,3.595,27.508,20.479
04/15/2024 01:00:00 AM,693.292,24.479,1.527,50.703,77.213,0,0,NA,NA,NA,NA,29.843,NA,2.605,26.713,20.454
04/15/2024 02:00:00 AM,692.817,24.293,1.902,67.77,77.42,0,0,NA,NA,NA,NA,28.345,NA,1.957,28.594,21.183
04/15/2024 03:00:00 AM,692.578,23.636,1.463,17.21,81.597,0,0,NA,NA,NA,NA,23.379,NA,2.867,31.28,23.612
04/15/2024 04:00:00 AM,692.555,23.595,1.496,77.805,79.736,0,0,NA,NA,NA,NA,19.286,NA,3.273,29.991,23.2
04/15/2024 05:00:00 AM,692.633,23.788,1.808,94.995,73.034,0,0,NA,NA,NA,NA,26.238,NA,1.777,28.628,21.543
04/15/2024 06:00:00 AM,693.006,23.725,1.838,85.579,70.427,0.596,0,NA,NA,NA,NA,23.937,NA,1.166,29.164,21.632
04/15/2024 07:00:00 AM,693.25,23.821,1.58,99.514,70.144,73.144,0,NA,NA,NA,NA,19.017,NA,1.669,33.525,22.721
04/15/2024 08:00:00 AM,693.889,24.095,1.429,25.598,70.462,71.742,0,NA,NA,NA,NA,14.498,NA,1.693,51.928,25.416
04/15/2024 09:00:00 AM,694.224,25.235,1.222,89.753,66.341,125.022,0,NA,NA,NA,NA,22.378,NA,1.281,55.702,25.437
04/15/2024 10:00:00 AM,694.05,27.318,1.274,70.879,64.033,341.281,0,NA,NA,NA,NA,31.931,NA,1.428,53.009,30.027
04/15/2024 11:00:00 AM,693.743,28.644,2.415,15.985,64.266,455.255,0,NA,NA,NA,NA,88.823,NA,1.344,78.538,50.01
04/15/2024 12:00:00 PM,693.23,29.068,3.972,314.976,67.269,592.647,0,NA,NA,NA,NA,88.433,NA,1.15,63.442,47.176
04/15/2024 01:00:00 PM,692.752,28.857,5.203,328.253,70.053,452.142,0,NA,NA,NA,NA,80.87,NA,0.878,62.069,46.672
04/15/2024 02:00:00 PM,692.261,28.922,4.223,283.622,69.727,308.689,0,NA,NA,NA,NA,82.49,NA,1.066,57.161,42.981
04/15/2024 03:00:00 PM,691.736,29.282,3.648,350.239,68.777,262.256,0,NA,NA,NA,NA,81.261,NA,1.449,54.773,40.953
04/15/2024 04:00:00 PM,691.262,29.794,3.93,339.445,68.302,208.88,0,NA,NA,NA,NA,80.206,NA,1.412,53.717,39.567
04/15/2024 05:00:00 PM,691.261,29.609,3.997,318.1,69.044,200.293,0,NA,NA,NA,NA,82.08,NA,1.31,49.74,38.195
04/15/2024 06:00:00 PM,691.504,29.211,2.641,305.528,70.996,101.532,0,NA,NA,NA,NA,79.782,NA,1.564,51.316,39.389
04/15/2024 07:00:00 PM,692.112,27.62,2.858,317.519,76.715,0.676,0,NA,NA,NA,NA,71.313,NA,1.478,51.002,36.584
04/15/2024 08:00:00 PM,692.838,27.051,1.377,314.832,78.455,0,0,NA,NA,NA,NA,61.397,NA,2.424,50.394,35.78
04/15/2024 09:00:00 PM,693.53,26.987,1.47,73.209,77.036,0,0,NA,NA,NA,NA,53.557,NA,2.762,52.845,37.756
04/15/2024 10:00:00 PM,694.009,26.548,2.38,93.532,72.792,0,0,NA,NA,NA,NA,66.122,NA,2.267,38.859,29.701
04/15/2024 11:00:00 PM,694.181,25.661,2.427,95.358,76.277,0,0,NA,NA,NA,NA,55.243,NA,1.9,35.126,26.34
04/16/2024 12:00:00 AM,694.183,25.322,1.727,90.946,75.037,0,0,NA,NA,NA,NA,46.823,NA,1.803,30.005,23.473
04/16/2024 01:00:00 AM,694.065,25.051,1.587,91.558,74.758,0,0,NA,NA,NA,NA,42.187,NA,2.497,28.931,22.61
04/16/2024 02:00:00 AM,693.383,24.687,2.12,93.888,74.399,0,0,NA,NA,NA,NA,37.476,NA,2.212,29.169,21.58
04/16/2024 03:00:00 AM,693.267,24.651,1.666,90.219,73.714,0,0,NA,NA,NA,NA,34.28,NA,2.293,27.904,21.369
04/16/2024 04:00:00 AM,693.256,24.651,1.944,89.844,72.491,0,0,NA,NA,NA,NA,29.998,NA,2.387,27.832,21.865
04/16/2024 05:00:00 AM,693.302,24.637,1.806,92.003,71.307,0,0,NA,NA,NA,NA,24.935,NA,2.515,28.745,21.797
04/16/2024 06:00:00 AM,693.474,24.138,1.511,81.981,73.415,0.161,0,NA,NA,NA,NA,13.893,NA,3.22,31.763,23.465
04/16/2024 07:00:00 AM,693.865,23.97,1.417,18.309,73.581,37.812,0,NA,NA,NA,NA,9.17,NA,3.65,37.351,24.655
04/16/2024 08:00:00 AM,694.474,24.596,0.974,93.117,74.825,85.389,0,NA,NA,NA,NA,8.3,NA,4.452,56.066,29.207
04/16/2024 09:00:00 AM,694.689,25.87,1.476,94.942,76.299,210.121,0,NA,NA,NA,NA,38.45,NA,2.746,60.534,36.139
04/16/2024 10:00:00 AM,694.344,27.403,2.393,10.204,74.03,452.367,0,NA,NA,NA,NA,56.772,NA,2.809,56.481,39.264
04/16/2024 11:00:00 AM,694.082,28.292,4.251,328.476,71.306,549.823,0,NA,NA,NA,NA,69.008,NA,2.371,50.59,37.921
04/16/2024 12:00:00 PM,693.712,28.824,4.522,328.843,69.587,411.767,0,NA,NA,NA,NA,73.767,NA,2.403,48.85,35.318
04/16/2024 01:00:00 PM,693.142,29.975,4.331,310.816,65.444,484.042,0,NA,NA,NA,NA,75.182,NA,2.301,46.655,34.21
04/16/2024 02:00:00 PM,692.522,29.869,5.515,332.924,66.325,538.594,0,NA,NA,NA,NA,77.07,NA,2.217,42.972,31.742
04/16/2024 03:00:00 PM,691.996,30.01,4.902,320.454,66.696,423.174,0,NA,NA,NA,NA,77.031,NA,2.253,41.866,30.117
04/16/2024 04:00:00 PM,691.663,30.422,4.234,282.546,65.353,330.696,0,NA,NA,NA,NA,81.277,NA,2.442,42.493,29.179
04/16/2024 05:00:00 PM,691.487,30.196,3.527,309.01,66.017,243.342,0,NA,NA,NA,NA,83.736,NA,2.272,44.378,31.424
04/16/2024 06:00:00 PM,691.705,29.155,2.66,318.894,71.931,95.587,0,NA,NA,NA,NA,81.093,NA,2.246,48.872,35.967
04/16/2024 07:00:00 PM,692.116,27.783,2.691,322.307,78.544,1.552,0,NA,NA,NA,NA,72.334,NA,3.089,57.787,42.01
04/16/2024 08:00:00 PM,692.817,27.435,1.429,69.212,69.096,0,0,NA,NA,NA,NA,56.558,NA,3.079,38.886,24.727
04/16/2024 09:00:00 PM,693.295,27.259,1.204,86.369,67.512,0,0,NA,NA,NA,NA,35.969,NA,3.058,34.123,21.505
04/16/2024 10:00:00 PM,693.973,26.868,1.061,103.697,72.085,0,0,NA,NA,NA,NA,32.002,NA,3.847,37.726,25.91
04/16/2024 11:00:00 PM,694.404,26.238,1.403,110.956,72.22,0,0,NA,NA,NA,NA,30.931,NA,3.15,33.726,23.622
04/17/2024 12:00:00 AM,694.333,25.896,1.385,104.097,73.852,0,0,NA,NA,NA,NA,33.332,NA,2.874,30.627,23.036
04/17/2024 01:00:00 AM,694.233,24.581,3.248,98.707,83.311,0,0,NA,NA,NA,NA,48.295,NA,2.641,26.568,19.488
04/17/2024 02:00:00 AM,693.919,22.593,1.76,320.846,92.28,0,0,NA,NA,NA,NA,60.179,NA,3.024,14.482,10.199
04/17/2024 03:00:00 AM,693.449,22.65,1.003,29.334,93.401,0,0,NA,NA,NA,NA,43.55,NA,3.44,17.863,12.613
04/17/2024 04:00:00 AM,693.582,22.396,1.333,330.419,93.734,0,0,NA,NA,NA,NA,39.958,NA,3.988,18.498,12.154
04/17/2024 05:00:00 AM,693.543,22.879,1.475,93.138,92.213,0,0,NA,NA,NA,NA,30.488,NA,4.554,22.373,15.028
04/17/2024 06:00:00 AM,693.603,22.553,1.042,353.295,94.542,0.306,0.2,NA,NA,NA,NA,17.769,NA,4.271,23.542,16.011
04/17/2024 07:00:00 AM,693.977,22.674,1.263,16.85,95.323,15.998,0,NA,NA,NA,NA,3.926,NA,6.014,28.222,18.905
04/17/2024 08:00:00 AM,694.645,23.514,1.085,332.506,93.279,89.481,0,NA,NA,NA,NA,3.926,NA,7.297,39.255,25.275
04/17/2024 09:00:00 AM,695.301,24.377,1.207,281.677,89.74,81.586,0,NA,NA,NA,NA,9.794,NA,7.098,45.194,25.376
04/17/2024 10:00:00 AM,695.242,25.583,1.092,301.694,85.253,147.046,0,NA,NA,NA,NA,15.733,NA,7.455,60.386,32.172
04/17/2024 11:00:00 AM,695.287,26.475,1.231,244.458,81.25,145.112,0,NA,NA,NA,NA,41.42,NA,7.494,61.859,37.952
04/17/2024 12:00:00 PM,695.006,26.301,1.555,258.626,83.114,155.568,0,NA,NA,NA,NA,55.246,NA,4.69,57.501,42.394
04/17/2024 01:00:00 PM,694.449,26.191,3.299,248.94,83.14,188.306,0,NA,NA,NA,NA,52.37,NA,3.595,48.501,36.263
04/17/2024 02:00:00 PM,693.871,26.049,3.434,323.252,82.679,203.354,0,NA,NA,NA,NA,53.877,NA,2.943,41.201,31.256
04/17/2024 03:00:00 PM,693.158,26.595,2.667,315.701,80.595,204.611,0,NA,NA,NA,NA,58.022,NA,2.869,42.535,32.395
04/17/2024 04:00:00 PM,692.591,27.557,2.731,312.98,76.267,252.525,0,NA,NA,NA,NA,61.048,NA,2.615,41.349,32.569
04/17/2024 05:00:00 PM,692.3,28.238,2.927,335.097,72.211,157.083,0,NA,NA,NA,NA,63.059,NA,2.24,39.217,29.682
04/17/2024 06:00:00 PM,692.702,27.633,3.939,316.326,74.97,85.904,0,NA,NA,NA,NA,61.487,NA,2.146,40.818,30.142
04/17/2024 07:00:00 PM,693.464,26.503,2.432,329.678,80.932,1.079,0,NA,NA,NA,NA,51.655,NA,2.982,40.563,30.23
04/17/2024 08:00:00 PM,694.027,25.85,1.38,348.729,85.415,0,0,NA,NA,NA,NA,32.817,NA,4.263,43.46,31.78
04/17/2024 09:00:00 PM,694.508,25.422,1.089,31.357,88.325,0,0,NA,NA,NA,NA,32.247,NA,3.967,43.829,32.129
04/17/2024 10:00:00 PM,694.878,25.291,1.009,356.605,88.667,0,0,NA,NA,NA,NA,20.739,NA,4.399,46.254,34.513
04/17/2024 11:00:00 PM,695.065,24.683,0.531,330.273,90.446,0,0,NA,NA,NA,NA,12.155,NA,4.35,48.653,34.218
04/18/2024 12:00:00 AM,694.948,24.603,0.973,7.545,90.438,0,0,NA,NA,NA,NA,9.199,NA,5.581,46.39,33.904
04/18/2024 01:00:00 AM,694.471,24.176,0.852,256.446,92.937,0,0,NA,NA,NA,NA,3.926,NA,7.363,48.673,35.554
04/18/2024 02:00:00 AM,693.986,23.976,0.925,349.196,92.418,0,0,NA,NA,NA,NA,5.082,NA,5.345,44.355,32.816
04/18/2024 03:00:00 AM,693.589,23.504,0.792,322.369,94.055,0,0,NA,NA,NA,NA,4.677,NA,6.883,44.806,33.123
04/18/2024 04:00:00 AM,693.604,23.224,0.814,6.993,95.14,0,0,NA,NA,NA,NA,3.926,NA,5.379,45.942,33.736
04/18/2024 05:00:00 AM,693.749,23.026,0.838,245.951,95.732,0,0,NA,NA,NA,NA,3.926,NA,5.411,44.432,33.188
04/18/2024 06:00:00 AM,694.189,22.686,1.041,24.615,95.834,0,0,NA,NA,NA,NA,3.926,NA,4.478,44.726,32.214
04/18/2024 07:00:00 AM,694.801,22.935,1.163,27.773,92.479,22.362,0,NA,NA,NA,NA,3.926,NA,3.862,44.079,30.773
04/18/2024 08:00:00 AM,695.318,23.868,1.029,61.007,88.088,92.252,0,NA,NA,NA,NA,9.283,NA,2.966,54.758,32.592
04/18/2024 09:00:00 AM,695.27,26.185,1.556,79.978,80.528,360.308,0,NA,NA,NA,NA,31.052,NA,2.416,67.244,37.084
04/18/2024 10:00:00 AM,695.545,27.254,1.764,285.205,75.724,231.689,0,NA,NA,NA,NA,58.586,NA,3.417,51.274,36.823
04/18/2024 11:00:00 AM,695.539,27.073,4.024,310.544,77.652,313.634,0,NA,NA,NA,NA,62.699,NA,1.363,43.443,32.089
04/18/2024 12:00:00 PM,695.071,27.621,3.884,333.274,74.413,324.816,0,NA,NA,NA,NA,65.278,NA,1.142,35.086,27.592
04/18/2024 01:00:00 PM,694.277,28.389,4.181,316.756,72.141,375.872,0,NA,NA,NA,NA,65.981,NA,1.114,33.925,26.041
04/18/2024 02:00:00 PM,693.57,28.712,3.899,316.911,69.471,385.506,0.2,NA,NA,NA,NA,66.595,NA,0.574,29.237,22.909
04/18/2024 03:00:00 PM,692.925,28.598,4.811,317.955,69.343,293.85,0,NA,NA,NA,NA,69.685,NA,0.731,28.868,23.279
04/18/2024 04:00:00 PM,692.665,26.946,2.414,15.255,79.748,129.629,0,NA,NA,NA,NA,54.596,NA,1.174,35.75,20.901
04/18/2024 05:00:00 PM,692.623,27.021,1.423,108.928,80.242,80.797,0,NA,NA,NA,NA,43.161,NA,1.585,45.963,25.446
04/18/2024 06:00:00 PM,693.023,26.655,1.471,14.93,81.961,24.36,0,NA,NA,NA,NA,42.058,NA,1.847,34.334,23.478
04/18/2024 07:00:00 PM,693.698,26.212,1.315,74.606,84.284,0.032,0,NA,NA,NA,NA,24.593,NA,2.293,33.785,23.912
04/18/2024 08:00:00 PM,694.522,25.551,1.215,85.252,87.009,0,0,NA,NA,NA,NA,17.492,NA,2.285,34.075,23.391
04/18/2024 09:00:00 PM,694.876,25.306,1.525,57.809,84.08,0,0,NA,NA,NA,NA,21.368,NA,2.303,31.862,21.429
04/18/2024 10:00:00 PM,695.011,24.905,1.676,98.104,77.34,0,0,NA,NA,NA,NA,32.094,NA,1.706,23.574,13.709
04/18/2024 11:00:00 PM,694.993,24.778,1.042,207.429,79.965,0,0,NA,NA,NA,NA,17.741,NA,4.31,32.519,20.36
04/19/2024 12:00:00 AM,695.104,24.248,1.528,352.352,79.273,0,0,NA,NA,NA,NA,21.53,NA,2.285,26.154,16.029
04/19/2024 01:00:00 AM,694.948,23.947,1.135,311.527,81.264,0,0,NA,NA,NA,NA,21.72,NA,2.243,27.341,17.898
04/19/2024 02:00:00 AM,694.494,23.89,1.173,107.285,79.486,0,0,NA,NA,NA,NA,23.551,NA,1.344,22.427,14.244
04/19/2024 03:00:00 AM,694.432,23.527,1.15,98.806,82.87,0,0,NA,NA,NA,NA,16.164,NA,1.572,25.492,15.839
04/19/2024 04:00:00 AM,694.076,23.522,1.358,79.441,82.057,0,0,NA,NA,NA,NA,16.843,NA,1.483,24.852,14.901
04/19/2024 05:00:00 AM,694.068,23.295,0.867,341.962,84.539,0,0,NA,NA,NA,NA,6.682,NA,2.992,27.147,16.32
04/19/2024 06:00:00 AM,694.434,23.019,1.296,230.149,88.066,0.08,0,NA,NA,NA,NA,3.926,NA,6.04,36.954,22.204
04/19/2024 07:00:00 AM,694.794,23.195,1.047,143.686,87.236,61.85,0,NA,NA,NA,NA,3.926,NA,5.754,39.701,22.01
04/19/2024 08:00:00 AM,695.533,24.69,1.21,113.773,81.241,172.614,0,NA,NA,NA,NA,7.486,NA,3.642,37.842,22.217
04/19/2024 09:00:00 AM,695.972,26.468,1.219,333.651,76.317,267.734,0,NA,NA,NA,NA,21.907,NA,3.949,40.486,25.234
04/19/2024 10:00:00 AM,696.233,27.504,1.903,330.132,72.658,272.567,0,NA,NA,NA,NA,44.349,NA,-999,36.188,22.657
04/19/2024 11:00:00 AM,696.118,25.769,3.674,301.98,76.607,217.145,0,NA,NA,NA,NA,46.389,NA,-999,19.417,10.196
04/19/2024 12:00:00 PM,695.963,25.776,4.929,349.085,74.441,309.489,0,NA,NA,NA,NA,50.139,NA,-999,14.676,7.838
04/19/2024 01:00:00 PM,695.569,26.013,4.816,357.457,75.519,357.064,0,NA,NA,NA,NA,64.894,NA,4.111,10.96,7.582
04/19/2024 02:00:00 PM,694.841,26.668,4.491,326.533,74.091,327.538,0,NA,NA,NA,NA,63.97,NA,3.503,12.595,8.885
04/19/2024 03:00:00 PM,694.353,26,4.455,332.768,78.116,246.306,0,NA,NA,NA,NA,63.273,NA,3.794,13.702,8.776
04/19/2024 04:00:00 PM,693.757,25.539,4.526,314.691,80.541,217.467,0,NA,NA,NA,NA,59.771,NA,3.928,12.892,8.064
04/19/2024 05:00:00 PM,693.535,25.516,2.908,327.872,80.758,141.487,0,NA,NA,NA,NA,58.836,NA,4.261,18.495,12.309
04/19/2024 06:00:00 PM,693.966,25.545,2.433,339.777,79.241,36.701,0,NA,NA,NA,NA,55.203,NA,4.491,28.689,21.637
04/19/2024 07:00:00 PM,694.561,25.082,1.632,18.658,81.755,0.112,0,NA,NA,NA,NA,38.008,NA,5.521,41.785,33.21
04/19/2024 08:00:00 PM,695.717,24.494,2.359,349.201,84.05,0,0,NA,NA,NA,NA,32.444,NA,5.953,32.323,22.073
04/19/2024 09:00:00 PM,696.473,23.781,2.075,344.536,88.105,0,0,NA,NA,NA,NA,38.469,NA,6.732,19.549,13.962
04/19/2024 10:00:00 PM,696.854,23.74,1.143,339.147,88.869,0,0,NA,NA,NA,NA,34.815,NA,5.579,16.115,10.824
04/19/2024 11:00:00 PM,696.705,23.741,0.629,303.933,89.274,0,0,NA,NA,NA,NA,19.521,NA,5.503,20.076,13.353
04/20/2024 12:00:00 AM,696.38,23.842,1.372,228.382,87.349,0,0,NA,NA,NA,NA,29.693,NA,6.899,21.069,14.433
04/20/2024 01:00:00 AM,695.817,23.843,0.911,117.099,84.591,0,0,NA,NA,NA,NA,33.791,NA,8.322,15.274,9.269
04/20/2024 02:00:00 AM,695.309,23.325,0.883,16.104,84.968,0,0,NA,NA,NA,NA,12.343,NA,1.255,16.832,9.913
04/20/2024 03:00:00 AM,695.107,22.957,1.045,26.671,86.792,0,0,NA,NA,NA,NA,8.678,NA,-999,20.548,10.884
04/20/2024 04:00:00 AM,695.153,22.937,0.927,35.015,87.308,0,0,NA,NA,NA,NA,8.373,NA,0.427,21.705,10.958
04/20/2024 05:00:00 AM,695.296,23.181,0.774,62.152,86.198,0,0,NA,NA,NA,NA,10.586,NA,1.242,19.024,10.067
04/20/2024 06:00:00 AM,695.768,22.786,1.109,339.93,87.832,0,0,NA,NA,NA,NA,8.675,NA,1.496,17.139,9.094
04/20/2024 07:00:00 AM,696.08,22.456,1.148,145.947,89.919,8.071,0,NA,NA,NA,NA,4.143,NA,1.098,17.559,9.765
04/20/2024 08:00:00 AM,696.593,23.024,1.257,5.154,87.99,152.894,0,NA,NA,NA,NA,9.108,NA,2.445,22.772,10.99
04/20/2024 09:00:00 AM,696.862,24.703,2.269,259.725,83.352,313.731,0,NA,NA,NA,NA,24.498,NA,2.568,23.858,12.871
04/20/2024 10:00:00 AM,696.718,25.579,2.095,243.186,78.814,412.412,0,NA,NA,NA,NA,47.765,NA,3.564,25.246,13.151
04/20/2024 11:00:00 AM,696.103,28.869,1.805,297.032,63.199,611.094,0,NA,NA,NA,NA,97.748,NA,2.185,19.276,10.94
04/20/2024 12:00:00 PM,695.203,29.785,4.202,339.296,60.139,488.504,0,NA,NA,NA,NA,93.531,NA,-999,15.984,9.485
04/20/2024 01:00:00 PM,694.571,29.162,6.176,325.708,65.664,516.779,0,NA,NA,NA,NA,74.565,NA,-999,15.094,8.685
04/20/2024 02:00:00 PM,693.815,29.266,6.315,327.45,66.875,571.956,0,NA,NA,NA,NA,73.018,NA,-999,13.806,8.395
04/20/2024 03:00:00 PM,693.092,29.416,5.652,322.802,66.832,536.854,0,NA,NA,NA,NA,83.336,NA,-999,12.008,7.664
04/20/2024 04:00:00 PM,692.603,28.729,5.367,321.295,68.183,152.862,0,NA,NA,NA,NA,82.832,NA,-999,12.77,8.314
04/20/2024 05:00:00 PM,692.489,28.02,4.453,319.649,69.473,107.3,0,NA,NA,NA,NA,74.266,NA,-999,13.487,8.381
04/20/2024 06:00:00 PM,692.995,27.391,3.139,342.449,71.556,39.246,0,NA,NA,NA,NA,64.104,NA,-999,15.704,9.318
04/20/2024 07:00:00 PM,693.398,26.629,1.613,310.364,75.295,0.66,0,NA,NA,NA,NA,47.635,NA,0.616,23.962,11.057
04/20/2024 08:00:00 PM,694.316,26.262,1.663,18.388,77.007,0,0,NA,NA,NA,NA,40.215,NA,0.293,24.623,11.961
04/20/2024 09:00:00 PM,694.779,26.056,1.524,65.189,76.054,0,0,NA,NA,NA,NA,24.93,NA,1.334,21.265,10.472
04/20/2024 10:00:00 PM,695.294,25.932,1.68,76.449,74.232,0,0,NA,NA,NA,NA,19.565,NA,0.778,19.703,8.714
04/20/2024 11:00:00 PM,695.509,25.97,1.344,89.094,72.084,0,0,NA,NA,NA,NA,20.375,NA,0.666,14.191,7.01
04/21/2024 12:00:00 AM,695.337,25.479,1.106,73.489,75.466,0,0,NA,NA,NA,NA,17.36,NA,0.312,19.255,9.4
04/21/2024 01:00:00 AM,694.949,24.986,1.144,319.718,78.591,0,0,NA,NA,NA,NA,28.702,NA,4.012,19.586,9.762
04/21/2024 02:00:00 AM,694.371,24.28,1.575,201.742,79.567,0,0,NA,NA,NA,NA,40.963,NA,4.489,10.892,5.411
04/21/2024 03:00:00 AM,694.136,23.851,1.397,358.562,81.125,0,0,NA,NA,NA,NA,32.609,NA,4.038,12.042,5.483
04/21/2024 04:00:00 AM,694.354,23.62,0.899,92.498,82.476,0,0,NA,NA,NA,NA,25.911,NA,4.164,12.996,6.303
04/21/2024 05:00:00 AM,694.646,23.388,0.922,51.81,83.425,0,0,NA,NA,NA,NA,18.317,NA,4.046,11.631,6.031
04/21/2024 06:00:00 AM,695.253,22.956,0.879,10.143,85.496,0.853,0,NA,NA,NA,NA,9.414,NA,3.915,14.315,7.331
04/21/2024 07:00:00 AM,695.471,23.468,0.93,171.365,82.691,51.072,0,NA,NA,NA,NA,6.979,NA,3.98,18.695,7.905
04/21/2024 08:00:00 AM,695.786,24.801,1.255,292.614,78.779,184.343,0,NA,NA,NA,NA,28.656,NA,3.519,15.052,7.582
04/21/2024 09:00:00 AM,695.901,25.288,2.41,263.428,77.504,250.125,0,NA,NA,NA,NA,39.765,NA,4.337,15.968,6.733
04/21/2024 10:00:00 AM,695.884,26.556,2.119,266.635,71.117,372.682,0,NA,NA,NA,NA,56.781,NA,4.452,12.01,6.026
04/21/2024 11:00:00 AM,695.792,28.368,2.727,278.76,65.31,497.946,0,NA,NA,NA,NA,67.113,NA,2.817,11.549,6.194
04/21/2024 12:00:00 PM,695.476,28.006,4.256,296.463,71.416,431.149,0,NA,NA,NA,NA,59.944,NA,1.75,17.235,10.01
04/21/2024 01:00:00 PM,694.866,27.357,6.178,329.214,72.703,227.488,0,NA,NA,NA,NA,63.498,NA,1.682,17.249,12.228
04/21/2024 02:00:00 PM,694.491,25.726,4.027,342.246,78.923,99.083,0.2,NA,NA,NA,NA,55.826,NA,1.758,16.902,11.888
04/21/2024 03:00:00 PM,694.004,23.568,2.63,313.566,89.475,112.004,0.2,NA,NA,NA,NA,46.269,NA,1.866,14.158,9.671
04/21/2024 04:00:00 PM,693.553,23.562,1.63,350.992,91.093,86.162,0.6,NA,NA,NA,NA,34.14,NA,2.662,16.393,9.951
04/21/2024 05:00:00 PM,693.339,23.678,1.043,52.156,91.305,38.489,0,NA,NA,NA,NA,26.046,NA,3.467,17.74,10.372
04/21/2024 06:00:00 PM,693.505,23.35,1.202,98.423,92.738,9.57,0,NA,NA,NA,NA,12.983,NA,3.548,18.705,10.991
04/21/2024 07:00:00 PM,693.957,23.282,1.261,78.617,92.601,0.128,0,NA,NA,NA,NA,10.427,NA,4.059,19.85,9.962
04/21/2024 08:00:00 PM,694.495,23.001,1.225,16.542,92.342,0,0,NA,NA,NA,NA,4.299,NA,3.836,21.87,10.207
04/21/2024 09:00:00 PM,695.196,23.062,1.359,59.129,89.997,0,0,NA,NA,NA,NA,8.72,NA,3.86,17.693,7.177
04/21/2024 10:00:00 PM,695.72,22.842,1.189,109.348,91.048,0,0,NA,NA,NA,NA,5.611,NA,3.139,18.098,7.051
04/21/2024 11:00:00 PM,695.782,22.652,1.213,97.292,90.965,0,0,NA,NA,NA,NA,6.248,NA,3.404,18.489,6.255
04/22/2024 12:00:00 AM,695.624,22.567,1.144,77.085,90.353,0,0,NA,NA,NA,NA,5.353,NA,-999,18.591,5.752
04/22/2024 01:00:00 AM,695.501,22.483,1.278,32.933,89.872,0,0,NA,NA,NA,NA,7.35,NA,2.663,17.846,5.841
04/22/2024 02:00:00 AM,694.871,22.402,1.298,79.755,88.815,0,0,NA,NA,NA,NA,6.84,NA,1.224,17.832,5.446
04/22/2024 03:00:00 AM,694.541,22.235,1.198,69.121,89.427,0,0,NA,NA,NA,NA,5.231,NA,0.939,19.782,5.641
04/22/2024 04:00:00 AM,694.303,22.404,1.144,105.151,88.299,0,0,NA,NA,NA,NA,6.85,NA,-999,18.905,5.679
04/22/2024 05:00:00 AM,694.348,22.191,1.087,47.944,89.403,0,0,NA,NA,NA,NA,3.97,NA,1.069,20.644,6.046
04/22/2024 06:00:00 AM,694.795,22.02,1.127,27.989,90.614,0.016,0,NA,NA,NA,NA,3.926,NA,0.747,23.127,6.995
04/22/2024 07:00:00 AM,695.158,22.32,1.036,78.528,88.433,34.903,0,NA,NA,NA,NA,3.926,NA,-999,22.209,7.536
04/22/2024 08:00:00 AM,695.714,22.748,1.083,49.75,88.67,48.429,0,NA,NA,NA,NA,11.058,NA,-999,25.031,8.381
04/22/2024 09:00:00 AM,696.061,23.341,1.096,7.271,90.121,103.739,0.2,NA,NA,NA,NA,18.817,NA,1.476,18.182,9.679
04/22/2024 10:00:00 AM,696.388,23.82,1.74,308.161,88.332,162.48,0,NA,NA,NA,NA,30.676,NA,1.343,13.815,7.624
04/22/2024 11:00:00 AM,696.311,24.924,2.505,341.473,83.282,233.385,0,NA,NA,NA,NA,47.438,NA,1.403,10.357,5.456
04/22/2024 12:00:00 PM,696.182,24.859,2.876,321.493,84.497,129.017,0.4,NA,NA,NA,NA,47.859,NA,0.837,12.904,4.794
04/22/2024 01:00:00 PM,695.766,23.463,2.982,348.954,91.725,143.098,1.6,NA,NA,NA,NA,36.536,NA,1.529,9.062,4.673
04/22/2024 02:00:00 PM,695.156,24.11,2.643,344.635,88.507,210.443,0,NA,NA,NA,NA,44.662,NA,1.717,8.072,3.036
04/22/2024 03:00:00 PM,694.847,23.943,2.668,320.361,88.082,78.815,0,NA,NA,NA,NA,42.479,NA,1.511,8.979,3.438
04/22/2024 04:00:00 PM,694.578,23.381,2.855,351.805,90.6,74.288,0,NA,NA,NA,NA,40.474,NA,2.504,7.05,3.551
04/22/2024 05:00:00 PM,694.467,23.133,1.45,2.06,90.752,36.169,0,NA,NA,NA,NA,37.865,NA,1.604,10.972,5.591
04/22/2024 06:00:00 PM,694.465,23.307,0.999,119.768,90.36,22.152,0,NA,NA,NA,NA,27.359,NA,2.181,12.589,6.66
04/22/2024 07:00:00 PM,694.619,22.9,0.851,202.559,93.406,0.273,0,NA,NA,NA,NA,5.124,NA,4.456,21.136,10.813
04/22/2024 08:00:00 PM,694.901,22.372,0.871,48.821,96.195,0,0,NA,NA,NA,NA,3.926,NA,12.826,34.95,17.56
04/22/2024 09:00:00 PM,695.753,22.294,0.889,71.679,96.558,0,0,NA,NA,NA,NA,3.926,NA,4.746,35.636,18.006
04/22/2024 10:00:00 PM,696.546,22.278,1.023,62.31,93.035,0,0,NA,NA,NA,NA,4.107,NA,2.391,23.622,9.969
04/22/2024 11:00:00 PM,696.787,22.363,0.853,48.609,91.346,0,0,NA,NA,NA,NA,5.542,NA,1.472,20.615,7.872
04/23/2024 12:00:00 AM,696.723,22.065,0.984,113.371,92.749,0,0.2,NA,NA,NA,NA,4.837,NA,1.164,19.604,7.399
04/23/2024 01:00:00 AM,696.109,21.882,0.744,167.106,95.058,0,0,NA,NA,NA,NA,3.926,NA,3.498,19.913,10.1
04/23/2024 02:00:00 AM,695.71,21.571,0.726,271.609,96.164,0,0,NA,NA,NA,NA,3.926,NA,3.787,23.691,10.135
04/23/2024 03:00:00 AM,695.489,21.606,0.737,346.739,95.247,0,0,NA,NA,NA,NA,3.926,NA,3.119,22.755,8.505
04/23/2024 04:00:00 AM,695.338,21.649,0.663,77.493,94.445,0,0,NA,NA,NA,NA,3.926,NA,2.727,23.221,8.628
04/23/2024 05:00:00 AM,695.378,21.673,0.852,116.426,93.526,0,0,NA,NA,NA,NA,3.926,NA,3.047,22.644,7.407
04/23/2024 06:00:00 AM,695.75,21.507,0.842,318.398,94.931,0.354,0,NA,NA,NA,NA,3.926,NA,3.721,25.486,8.383
04/23/2024 07:00:00 AM,696.172,21.734,0.694,81.616,93.923,18.044,0,NA,NA,NA,NA,3.926,NA,3.168,26.217,9.262
04/23/2024 08:00:00 AM,696.665,22.545,0.997,303.752,93.343,115.159,0,NA,NA,NA,NA,3.926,NA,4.676,33.995,13.248
04/23/2024 09:00:00 AM,696.921,24.237,1.036,271.242,85.555,217.467,0,NA,NA,NA,NA,10.232,NA,5.712,30.334,16.334
04/23/2024 10:00:00 AM,696.731,25.103,2.009,251.143,81.66,446.712,0,NA,NA,NA,NA,47.352,NA,3.342,26.482,16.434
04/23/2024 11:00:00 AM,696.317,27.652,1.656,261.451,68.21,428.217,0,NA,NA,NA,NA,86.58,NA,2.629,21.604,11.695
04/23/2024 12:00:00 PM,695.502,29.132,1.842,307.546,57.604,572.057,0,NA,NA,NA,NA,79.785,NA,1.523,7.195,3.366
04/23/2024 01:00:00 PM,694.53,29.795,4.371,351.171,60.006,526.43,0,NA,NA,NA,NA,96.49,NA,1.626,11.958,5.498
04/23/2024 02:00:00 PM,693.74,29.502,5.429,320.816,65.674,480.675,0,NA,NA,NA,NA,76.873,NA,1.19,8.785,4.84
04/23/2024 03:00:00 PM,692.96,29.359,5.52,319.213,69.142,489.133,0,NA,NA,NA,NA,64.713,NA,1.373,9.458,4.545
04/23/2024 04:00:00 PM,692.574,28.38,6.362,321.852,73.139,322.367,0,NA,NA,NA,NA,64.761,NA,1.478,9.283,4.465
04/23/2024 05:00:00 PM,692.463,27.47,4.454,324.279,76.727,173.178,0,NA,NA,NA,NA,62.329,NA,1.702,11.055,5.082
04/23/2024 06:00:00 PM,692.669,26.74,3.349,318.136,79.046,40.954,0,NA,NA,NA,NA,57.116,NA,2.238,9.52,5.282
04/23/2024 07:00:00 PM,693.394,26.034,2.29,327.864,82.792,1.385,0,NA,NA,NA,NA,47.913,NA,2.586,11.705,6.651
04/23/2024 08:00:00 PM,694.035,25.692,2.146,315.537,84.702,0,0,NA,NA,NA,NA,43.632,NA,2.801,14.5,8.384
04/23/2024 09:00:00 PM,694.979,24.666,2.372,343.842,90.987,0,0.4,NA,NA,NA,NA,41.536,NA,4.077,15.615,10.209
04/23/2024 10:00:00 PM,695.448,23.608,1.8,297.196,92.495,0,0,NA,NA,NA,NA,33.558,NA,3.055,14.075,6.626
04/23/2024 11:00:00 PM,695.883,23.61,1.145,85.239,90.381,0,0,NA,NA,NA,NA,25.59,NA,3.707,12.486,5.532
04/24/2024 12:00:00 AM,695.996,23.508,0.668,100.386,91.358,0,0,NA,NA,NA,NA,17.692,NA,4.169,15.5,7.742
04/24/2024 01:00:00 AM,695.556,22.978,0.802,43.575,94.045,0,0,NA,NA,NA,NA,9.962,NA,4.341,17.284,8.216
04/24/2024 02:00:00 AM,695.276,22.968,1.094,254.384,93.439,0,0,NA,NA,NA,NA,7.74,NA,6.809,15.982,7.754
04/24/2024 03:00:00 AM,694.537,22.605,0.886,31.003,92.954,0,0,NA,NA,NA,NA,6.013,NA,5.468,16.668,6.904
04/24/2024 04:00:00 AM,694.736,22.313,1.136,32.655,95.184,0,0,NA,NA,NA,NA,3.926,NA,7.204,18.571,7.721
04/24/2024 05:00:00 AM,694.382,22.616,1.181,234.507,91.934,0,0,NA,NA,NA,NA,4.419,NA,5.039,18.395,7.701
04/24/2024 06:00:00 AM,694.687,21.942,0.749,117.075,96.093,1.192,0,NA,NA,NA,NA,3.926,NA,7.413,23.752,10.254
04/24/2024 07:00:00 AM,695.047,22.637,1.04,195.983,91.578,104.319,0,NA,NA,NA,NA,3.926,NA,4.568,24.288,10.988
04/24/2024 08:00:00 AM,695.225,24.539,1.663,43.911,84.591,238.299,0,NA,NA,NA,NA,12.301,NA,4.545,22.213,11.266
04/24/2024 09:00:00 AM,695.271,25.992,2.068,250.416,80.279,385.635,0,NA,NA,NA,NA,34.523,NA,4.509,24.193,12.423
04/24/2024 10:00:00 AM,695.25,27.672,2.206,267.644,70.185,528.589,0,NA,NA,NA,NA,60.289,NA,2.587,14.178,6.957
04/24/2024 11:00:00 AM,695.06,28.599,4.997,320.835,69.208,519.003,0,NA,NA,NA,NA,66.584,NA,1.784,13.426,6.335
04/24/2024 12:00:00 PM,694.723,28.7,5.72,329.345,70.81,581.917,0,NA,NA,NA,NA,62.331,NA,1.761,13.021,7.125
04/24/2024 01:00:00 PM,693.916,28.973,6.157,326.058,70.04,541.768,0,NA,NA,NA,NA,60.155,NA,1.586,12.123,6.901
04/24/2024 02:00:00 PM,693.304,29.1,5.871,327.701,68.41,500.781,0,NA,NA,NA,NA,60.35,NA,1.624,11.221,6.234
04/24/2024 03:00:00 PM,692.792,29.414,5.733,323.648,66.482,379.61,0,NA,NA,NA,NA,60.486,NA,2.078,8.954,5.237
04/24/2024 04:00:00 PM,692.586,28.075,5.787,334.467,71.172,99.743,0,NA,NA,NA,NA,60.955,NA,1.855,9.124,5.06
04/24/2024 05:00:00 PM,692.372,27.676,4.201,320.531,72.376,68.488,0,NA,NA,NA,NA,58.846,NA,2.178,12.379,6.046
04/24/2024 06:00:00 PM,692.577,27.337,2.523,311.606,74.202,27.372,0,NA,NA,NA,NA,57.394,NA,2.391,12.745,7.427
04/24/2024 07:00:00 PM,693.166,26.984,1.155,324.483,76.391,0.386,0,NA,NA,NA,NA,44.468,NA,2.923,16.945,9.714
04/24/2024 08:00:00 PM,693.781,26.454,1.462,34.384,78.463,0,0,NA,NA,NA,NA,30.233,NA,3.824,23.098,11.671
04/24/2024 09:00:00 PM,694.698,25.821,1.405,67.867,79.077,0,0,NA,NA,NA,NA,28.435,NA,3.149,18.834,9.02
04/24/2024 10:00:00 PM,694.912,25.528,1.502,85.161,78.384,0,0,NA,NA,NA,NA,23.032,NA,2.91,14.888,7.973
04/24/2024 11:00:00 PM,695.273,25.426,1.04,57.799,77.744,0,0,NA,NA,NA,NA,15.554,NA,3.47,17.698,9.106
04/25/2024 12:00:00 AM,695.2,24.521,0.965,317.21,82.232,0,0,NA,NA,NA,NA,9.375,NA,6.975,23.409,11.36
04/25/2024 01:00:00 AM,694.674,24.296,1.293,63.333,78.757,0,0,NA,NA,NA,NA,18.282,NA,3.584,15.741,7.713
04/25/2024 02:00:00 AM,693.925,23.758,1.156,97.003,81.52,0,0,NA,NA,NA,NA,12.096,NA,4.405,16.701,8.355
04/25/2024 03:00:00 AM,693.606,22.97,1.025,6.144,88.949,0,0,NA,NA,NA,NA,3.926,NA,9.456,24.696,13.862
04/25/2024 04:00:00 AM,693.761,23.066,0.708,129.173,86.116,0,0,NA,NA,NA,NA,3.926,NA,6.21,19.761,11.124
04/25/2024 05:00:00 AM,694.012,23.2,0.695,103.064,81.098,0,0,NA,NA,NA,NA,7.65,NA,3.252,15.096,7.351
04/25/2024 06:00:00 AM,694.217,23.15,0.754,237.32,82.425,1.063,0,NA,NA,NA,NA,3.926,NA,4.034,19.113,9.243
04/25/2024 07:00:00 AM,694.545,23.128,0.945,64.031,83.145,44.434,0,NA,NA,NA,NA,3.926,NA,4.86,24.919,11.465
04/25/2024 08:00:00 AM,695.02,24.496,1.042,241.001,78.412,164.349,0,NA,NA,NA,NA,7.117,NA,4.301,27.339,11.644
04/25/2024 09:00:00 AM,695.232,26.531,1.306,285.596,71.882,295.219,0,NA,NA,NA,NA,22.694,NA,3.884,22.452,9.794
04/25/2024 10:00:00 AM,695.142,28.112,1.974,42.687,64.305,524.722,0,NA,NA,NA,NA,40.357,NA,2.354,23.856,9.564
04/25/2024 11:00:00 AM,694.671,29.697,2.662,278.634,60.053,570.22,0,NA,NA,NA,NA,65.691,NA,3.662,18.463,8.784
04/25/2024 12:00:00 PM,694.134,30.336,4.651,309.881,62.246,598.463,0,NA,NA,NA,NA,76.716,NA,1.112,17.826,8.529
04/25/2024 01:00:00 PM,693.42,30.085,5.983,299.983,65.502,465.111,0,NA,NA,NA,NA,72.165,NA,1.149,15.342,8.095
04/25/2024 02:00:00 PM,692.67,29.53,6.861,322.675,69.171,562.438,0,NA,NA,NA,NA,61.553,NA,1.164,14.697,7.801
04/25/2024 03:00:00 PM,692.067,29.186,5.317,342.826,70.38,228.6,0,NA,NA,NA,NA,57.744,NA,1.792,13.293,7.755
04/25/2024 04:00:00 PM,691.802,27.391,2.393,332.92,80.979,82.666,0.8,NA,NA,NA,NA,40.719,NA,2.385,27.918,10.827
04/25/2024 05:00:00 PM,692.286,24.314,2.062,353.584,89.043,9.827,3.599,NA,NA,NA,NA,35.111,NA,3.448,20.662,10.756
04/25/2024 06:00:00 PM,692.68,23.473,2.029,0.617,86.993,2.271,0,NA,NA,NA,NA,41.953,NA,3.275,24.227,15.484
04/25/2024 07:00:00 PM,693.924,22.002,3.414,327.945,88.521,0,2.2,NA,NA,NA,NA,41.358,NA,3.007,15.559,9.222
04/25/2024 08:00:00 PM,693.795,21.436,1.626,204.921,91.302,0,0,NA,NA,NA,NA,18.331,NA,3.104,14.637,6.342
04/25/2024 09:00:00 PM,693.957,21.571,2.764,203.152,88.596,0,0,NA,NA,NA,NA,29.238,NA,3.357,14.079,6.791
04/25/2024 10:00:00 PM,694.773,21.527,1.301,169.992,90.628,0,0,NA,NA,NA,NA,17.264,NA,4.144,15.176,7.127
04/25/2024 11:00:00 PM,694.954,21.322,1.02,338.596,93.351,0,0,NA,NA,NA,NA,8.705,NA,5.261,20.447,9.037
04/26/2024 12:00:00 AM,695.029,21.233,1.382,238.453,94.953,0,0,NA,NA,NA,NA,3.926,NA,6.487,22.365,10.022
04/26/2024 01:00:00 AM,694.905,21.42,0.906,63.841,94.082,0,0,NA,NA,NA,NA,6.158,NA,3.345,21.022,9.541
04/26/2024 02:00:00 AM,694.289,21.362,0.938,66.89,94.775,0,0,NA,NA,NA,NA,3.926,NA,2.534,22.496,9.139
04/26/2024 03:00:00 AM,693.608,21.431,1.182,178.828,94.624,0,0,NA,NA,NA,NA,3.926,NA,3.302,21.584,9.303
04/26/2024 04:00:00 AM,693.618,21.123,1.038,280.196,95.684,0,0,NA,NA,NA,NA,3.926,NA,3.923,25.934,11.041
04/26/2024 05:00:00 AM,693.881,20.963,0.703,132.949,96.754,0,0,NA,NA,NA,NA,3.926,NA,4.356,30.603,14.024
04/26/2024 06:00:00 AM,694.042,20.756,0.739,274.338,97.115,0.161,0,NA,NA,NA,NA,3.926,NA,3.016,32.105,14.231
04/26/2024 07:00:00 AM,694.448,20.922,0.828,11.266,97.002,60.191,0,NA,NA,NA,NA,3.926,NA,3.484,36.85,16.504
04/26/2024 08:00:00 AM,694.803,22.707,1.135,286.821,89.95,149.801,0,NA,NA,NA,NA,3.926,NA,2.904,30.385,14.555
04/26/2024 09:00:00 AM,695.021,24.269,1.42,242.218,85.325,302.405,0,NA,NA,NA,NA,9.303,NA,4.263,36.052,18.512
04/26/2024 10:00:00 AM,695.019,26.113,1.64,311.014,78.067,382.671,0,NA,NA,NA,NA,31.342,NA,3.433,37.083,17.917
04/26/2024 11:00:00 AM,694.79,27.571,2.403,280.591,69.751,477.291,0,NA,NA,NA,NA,59.202,NA,1.202,23.451,10.992
04/26/2024 12:00:00 PM,694.431,28.44,3.88,334.532,66.488,534.792,0,NA,NA,NA,NA,82.353,NA,0.819,22.437,10.751
04/26/2024 01:00:00 PM,693.98,28.256,5.84,325.278,71.74,428.813,0,NA,NA,NA,NA,65.802,NA,0.388,15.51,8.307
04/26/2024 02:00:00 PM,693.293,27.495,4.612,322.614,73.987,195.524,0,NA,NA,NA,NA,59.932,NA,0.443,14.32,7.706
04/26/2024 03:00:00 PM,692.878,27.368,4.431,325.351,74.478,290.59,0,NA,NA,NA,NA,58.227,NA,0.445,12.933,7.415
04/26/2024 04:00:00 PM,692.724,27.267,4.563,319.39,74.183,182.232,0,NA,NA,NA,NA,61.075,NA,0.557,13.068,7.447
04/26/2024 05:00:00 PM,692.757,24.793,3.056,65.429,80.448,25.6,0,NA,NA,NA,NA,39.96,NA,0.707,30.734,9.457
04/26/2024 06:00:00 PM,693.377,22.753,2.269,37.548,91.177,0.096,7,NA,NA,NA,NA,28.435,NA,1.618,16.953,7.102
04/26/2024 07:00:00 PM,693.981,22.149,1.054,41.916,96.199,0,2,NA,NA,NA,NA,9.071,NA,2.08,18.702,8.864
04/26/2024 08:00:00 PM,694.611,22.059,0.837,249.986,96.973,0,2.4,NA,NA,NA,NA,11.186,NA,2.808,16.168,9.181
04/26/2024 09:00:00 PM,694.992,22.15,1.225,169.742,96.687,0,1,NA,NA,NA,NA,4.381,NA,2.935,18.944,12.482
04/26/2024 10:00:00 PM,695.362,22.155,0.941,29.172,96.588,0,1,NA,NA,NA,NA,3.926,NA,3.514,20.301,12.93
04/26/2024 11:00:00 PM,695.663,21.949,0.88,327.878,97.141,0,0.8,NA,NA,NA,NA,3.926,NA,2.326,17.641,11.127
04/27/2024 12:00:00 AM,695.71,22.027,0.799,171.72,96.612,0,0.4,NA,NA,NA,NA,5.378,NA,2.276,17.152,11.18
04/27/2024 01:00:00 AM,695.588,22.092,0.992,53.831,95.645,0,0,NA,NA,NA,NA,5.626,NA,2.091,17.667,10.721
04/27/2024 02:00:00 AM,695.244,22.157,1.245,197.348,94.387,0,0,NA,NA,NA,NA,9.409,NA,1.577,16.025,9.16
04/27/2024 03:00:00 AM,694.695,21.909,0.92,268.726,94.49,0,0,NA,NA,NA,NA,6.202,NA,1.764,18.116,7.403
04/27/2024 04:00:00 AM,694.337,21.681,0.927,350.906,94.747,0,0,NA,NA,NA,NA,3.926,NA,1.696,19.553,7.919
04/27/2024 05:00:00 AM,694.298,21.436,0.626,296.082,94.852,0,0,NA,NA,NA,NA,4.934,NA,1.777,15.136,6.314
04/27/2024 06:00:00 AM,694.316,21.317,0.709,166.046,96.047,0.724,0,NA,NA,NA,NA,3.926,NA,2.641,18.06,7.937
04/27/2024 07:00:00 AM,694.332,21.589,0.879,339.822,95.451,36.83,0,NA,NA,NA,NA,3.926,NA,2.653,24.861,12.206
04/27/2024 08:00:00 AM,695.113,22.07,0.981,336.117,90.042,130.049,0,NA,NA,NA,NA,3.926,NA,1.729,28.369,8.734
04/27/2024 09:00:00 AM,695.451,24.793,0.881,38.206,82.555,294.527,0,NA,NA,NA,NA,9.042,NA,2.976,38.135,13.635
04/27/2024 10:00:00 AM,695.444,25.481,1.291,279.812,79.002,242.391,0,NA,NA,NA,NA,21.492,NA,3.24,33.843,12.921
04/27/2024 11:00:00 AM,695.42,25.794,2.175,316.726,77.865,299.98,0,NA,NA,NA,NA,36.704,NA,1.111,16.717,7.859
04/27/2024 12:00:00 PM,694.805,27.573,3.43,288.011,71.63,695.218,0.2,NA,NA,NA,NA,46.038,NA,0.785,13.981,6.545
04/27/2024 01:00:00 PM,694.115,27.202,5.816,329.928,73.345,448.726,0,NA,NA,NA,NA,45.004,NA,0.416,10.539,5.468
04/27/2024 02:00:00 PM,693.367,27.294,4.636,329.039,72.036,460.745,0,NA,NA,NA,NA,42.149,NA,0.51,10.474,5.838
04/27/2024 03:00:00 PM,692.625,28.077,4.475,326.114,67.887,481.963,0,NA,NA,NA,NA,44.42,NA,0.461,8.644,4.837
04/27/2024 04:00:00 PM,692.043,28.234,4.092,348.726,67.066,312.088,0,NA,NA,NA,NA,46.011,NA,0.551,8.713,4.742
04/27/2024 05:00:00 PM,691.765,28.263,4.522,320.937,65.906,216.935,0,NA,NA,NA,NA,46.946,NA,0.301,8.145,4.195
04/27/2024 06:00:00 PM,692.164,26.862,2.792,317.863,71.99,38.392,0,NA,NA,NA,NA,44.931,NA,0.494,8.738,4.503
04/27/2024 07:00:00 PM,693.171,25.535,1.689,341.191,76.737,0.273,0,NA,NA,NA,NA,32.444,NA,0.875,11.566,6.006
04/27/2024 08:00:00 PM,693.726,24.791,1.5,1.371,80.791,0,0,NA,NA,NA,NA,24.222,NA,1.213,14.514,7.576
04/27/2024 09:00:00 PM,694.146,24.349,1.298,73.93,82.477,0,0,NA,NA,NA,NA,14.74,NA,1.233,18.154,9.144
04/27/2024 10:00:00 PM,694.434,23.694,1.254,70.858,82.174,0,0,NA,NA,NA,NA,13.738,NA,1.218,18.17,7.892
04/27/2024 11:00:00 PM,694.913,23.187,1.113,103.221,83.214,0,0,NA,NA,NA,NA,8.61,NA,1.707,19.889,9.083
04/28/2024 12:00:00 AM,694.703,22.393,0.864,334.261,87.28,0,0,NA,NA,NA,NA,3.926,NA,2.554,23.09,10.128
04/28/2024 01:00:00 AM,694.536,21.894,1.036,75.715,89.921,0,0,NA,NA,NA,NA,3.926,NA,3.303,22.099,9.755
04/28/2024 02:00:00 AM,694.626,21.479,1.173,27.852,91.564,0,0,NA,NA,NA,NA,3.926,NA,3.992,21.951,10.029
04/28/2024 03:00:00 AM,694.239,21.802,0.918,108.752,88.885,0,0,NA,NA,NA,NA,3.926,NA,2.455,20.076,9.531
04/28/2024 04:00:00 AM,693.932,21.433,0.965,25.473,91.207,0,0,NA,NA,NA,NA,3.926,NA,3.978,20.999,9.021
04/28/2024 05:00:00 AM,694.133,21.038,0.738,58.874,94.822,0,0,NA,NA,NA,NA,3.926,NA,4.911,26.501,11.081
04/28/2024 06:00:00 AM,694.335,21.101,0.782,45.652,93.532,0.241,0,NA,NA,NA,NA,3.926,NA,3.372,22.731,9.58
04/28/2024 07:00:00 AM,694.461,21.425,0.75,254.063,93.218,25.697,0,NA,NA,NA,NA,3.926,NA,6.037,24.189,10.504
04/28/2024 08:00:00 AM,694.917,22.579,1.312,325.704,90.159,143.195,0,NA,NA,NA,NA,3.926,NA,8.798,34.869,17.659
04/28/2024 09:00:00 AM,695.295,24.448,0.941,11.747,79.976,218.901,0,NA,NA,NA,NA,6.645,NA,4.475,23.77,11.68
04/28/2024 10:00:00 AM,695.237,26.629,1.374,348.791,71.698,444.876,0,NA,NA,NA,NA,24.33,NA,2.036,21.001,10.481
04/28/2024 11:00:00 AM,694.937,28.115,2.848,339.016,66.402,555.688,0,NA,NA,NA,NA,55.57,NA,0.569,13.662,7.095
04/28/2024 12:00:00 PM,694.524,28.195,5.011,325.631,67.932,539.077,0,NA,NA,NA,NA,51.352,NA,-999,11.378,5.616
04/28/2024 01:00:00 PM,693.952,28.099,4.679,319.959,69.12,466.03,0,NA,NA,NA,NA,49.086,NA,0.486,11.073,6.114
04/28/2024 02:00:00 PM,693.292,28.777,5.401,325.841,65.974,564.05,0,NA,NA,NA,NA,47.867,NA,0.305,10.442,6.781
04/28/2024 03:00:00 PM,692.819,27.824,5.184,325.717,70.763,345.937,0,NA,NA,NA,NA,48.276,NA,-999,11.288,6.288
04/28/2024 04:00:00 PM,692.49,27.767,4.426,321.51,70.509,222.172,0,NA,NA,NA,NA,48.242,NA,0.461,9.067,5.76
04/28/2024 05:00:00 PM,692.521,25.989,4.366,321.86,76.927,69.825,0,NA,NA,NA,NA,53.048,NA,0.723,8.857,5.414
04/28/2024 06:00:00 PM,692.779,24.763,2.734,338.579,83.584,19.285,0,NA,NA,NA,NA,51.824,NA,0.967,9.947,6.637
04/28/2024 07:00:00 PM,693.513,24.277,2.83,354.246,86.943,0,0,NA,NA,NA,NA,45.172,NA,2.064,12.805,8.025
04/28/2024 08:00:00 PM,694.055,23.978,2.408,323.216,88.986,0,0.8,NA,NA,NA,NA,44.898,NA,1.658,13.24,7.647
04/28/2024 09:00:00 PM,694.565,23.688,1.623,316.477,89.834,0,0,NA,NA,NA,NA,37.599,NA,1.523,11.574,7.657
04/28/2024 10:00:00 PM,695.202,23.597,0.813,255.363,91.221,0,0,NA,NA,NA,NA,25.162,NA,2.546,15.233,9.897
04/28/2024 11:00:00 PM,695.427,23.389,0.754,53.773,93.216,0,0.8,NA,NA,NA,NA,18.54,NA,2.667,15.966,10.006
04/29/2024 12:00:00 AM,695.451,23.012,0.886,108.146,95.256,0,0.8,NA,NA,NA,NA,18.843,NA,2.332,14.528,9.176
04/29/2024 01:00:00 AM,695.166,22.456,0.823,285.341,95.841,0,3,NA,NA,NA,NA,22.524,NA,1.726,11.367,6.591
04/29/2024 02:00:00 AM,694.922,22.175,0.937,2.357,97.439,0,4.2,NA,NA,NA,NA,18.835,NA,2.425,10.738,7.228
04/29/2024 03:00:00 AM,694.623,21.638,1.336,283.747,98.221,0,8.799,NA,NA,NA,NA,15.497,NA,8.169,12.545,8.232
04/29/2024 04:00:00 AM,694.646,20.885,2.196,183.472,99.059,0,24.599,NA,NA,NA,NA,26.755,NA,3.212,4.465,2.918
04/29/2024 05:00:00 AM,694.752,20.859,0.865,118.254,99.487,0,1,NA,NA,NA,NA,21.117,NA,3.215,5.134,2.37
04/29/2024 06:00:00 AM,694.987,20.989,0.859,94.371,99.59,0,0,NA,NA,NA,NA,8.12,NA,4.04,11.265,7.746
04/29/2024 07:00:00 AM,695.442,20.915,0.844,355.778,99.654,16.352,0,NA,NA,NA,NA,3.926,NA,2.666,11.041,6.628
04/29/2024 08:00:00 AM,696.098,21.371,1.015,219.516,99.513,71.42,0,NA,NA,NA,NA,3.926,NA,3.21,18.748,9.149
04/29/2024 09:00:00 AM,696.874,22.085,1.229,351.822,98.944,170.97,0,NA,NA,NA,NA,6.881,NA,5.512,29.483,15.024
04/29/2024 10:00:00 AM,696.896,23.762,1.311,46.661,92.516,340.717,0,NA,NA,NA,NA,30.139,NA,2.763,26.39,14.504
04/29/2024 11:00:00 AM,696.469,26.348,1.527,280.522,78.992,371.651,0,NA,NA,NA,NA,42.106,NA,1.165,16.099,7.547
04/29/2024 12:00:00 PM,695.696,27.82,2.544,263.908,70.132,470.363,0,NA,NA,NA,NA,68.842,NA,0.419,13.924,5.55
04/29/2024 01:00:00 PM,695.039,26.53,5.505,326.213,78.98,288.952,0,NA,NA,NA,NA,44.144,NA,-999,11.842,5.276
04/29/2024 02:00:00 PM,694.498,25.38,4.835,343.915,82.739,345.841,0,NA,NA,NA,NA,36.411,NA,-999,10.636,5.364
04/29/2024 03:00:00 PM,693.639,26.377,4.932,342.927,77.407,457.104,0,NA,NA,NA,NA,40.503,NA,-999,9.096,4.63
04/29/2024 04:00:00 PM,692.886,27.756,4.426,323.532,72.135,339.751,0,NA,NA,NA,NA,42.444,NA,-999,7.926,4.266
04/29/2024 05:00:00 PM,692.678,27.106,4.848,324.329,73.113,177.06,0,NA,NA,NA,NA,39.957,NA,-999,8.268,3.941
04/29/2024 06:00:00 PM,693.121,25.982,3.91,338.903,75.567,71.452,0,NA,NA,NA,NA,29.885,NA,0.705,10.511,4.852
04/29/2024 07:00:00 PM,693.382,24.714,1.856,320.768,80.495,0.306,0,NA,NA,NA,NA,28.582,NA,-999,11.67,5.591
04/29/2024 08:00:00 PM,693.785,24.174,1.104,347.906,83.3,0,0,NA,NA,NA,NA,17.715,NA,0.797,15.717,7.648
04/29/2024 09:00:00 PM,694.383,23.739,0.962,86.135,87.016,0,0,NA,NA,NA,NA,9.237,NA,1.141,23.122,11.048
04/29/2024 10:00:00 PM,694.99,23.045,0.724,259.805,91.266,0,0,NA,NA,NA,NA,3.926,NA,2.574,30.438,11.543
04/29/2024 11:00:00 PM,695.048,22.55,0.609,134.833,93.52,0,0,NA,NA,NA,NA,3.926,NA,4.954,29.938,12.599
04/30/2024 12:00:00 AM,694.943,22.131,0.672,306.407,94.977,0,0,NA,NA,NA,NA,3.926,NA,5.016,30.862,12.438
04/30/2024 01:00:00 AM,694.727,22.053,0.796,5.255,95.859,0,0,NA,NA,NA,NA,3.926,NA,6.394,31.949,12.769
04/30/2024 02:00:00 AM,694.355,21.887,0.778,26.164,96.531,0,0,NA,NA,NA,NA,3.926,NA,6.904,32.017,12.318
04/30/2024 03:00:00 AM,694.06,21.874,0.661,339.553,96.965,0,0,NA,NA,NA,NA,3.926,NA,8.007,29.315,12.269
04/30/2024 04:00:00 AM,693.867,21.635,0.811,259.296,97.341,0,0,NA,NA,NA,NA,3.926,NA,8.19,34.9,14.183
04/30/2024 05:00:00 AM,694.022,21.586,0.874,272.838,97.659,0,0,NA,NA,NA,NA,3.926,NA,8.751,32.773,13.822
04/30/2024 06:00:00 AM,694.177,21.624,0.781,246.307,97.694,0.289,0,NA,NA,NA,NA,3.926,NA,8.45,34.174,14.008
04/30/2024 07:00:00 AM,694.564,21.604,0.844,14.913,97.638,23.828,0,NA,NA,NA,NA,3.926,NA,6.66,36.245,14.042
04/30/2024 08:00:00 AM,695.33,22.517,0.953,18.896,93.055,58.096,0,NA,NA,NA,NA,3.926,NA,3.993,42.615,14.365
04/30/2024 09:00:00 AM,695.369,25.678,1.244,28.349,79.608,388.664,0,NA,NA,NA,NA,8.487,NA,3.4,43.609,18.039
04/30/2024 10:00:00 AM,695.219,27.683,1.889,280.363,67.854,518.681,0,NA,NA,NA,NA,42.371,NA,1.435,20.311,8.948
04/30/2024 11:00:00 AM,694.936,28.515,2.347,326.132,67.197,540.398,0,NA,NA,NA,NA,64.543,NA,0.971,17.066,8.907
04/30/2024 12:00:00 PM,694.452,29.079,3.652,314.011,64.757,521.516,0,NA,NA,NA,NA,52.65,NA,0.608,9.684,5.435
04/30/2024 01:00:00 PM,693.812,29.783,4.483,311.058,63.686,543.943,0,NA,NA,NA,NA,50.84,NA,0.277,9.708,5.575
04/30/2024 02:00:00 PM,693.109,29.911,5.762,337.622,64.287,583.544,0,NA,NA,NA,NA,46.824,NA,0.475,10.871,6.115
04/30/2024 03:00:00 PM,692.597,28.827,6.549,322.842,67.332,446.1,0,NA,NA,NA,NA,44.007,NA,-999,12.856,5.755
04/30/2024 04:00:00 PM,692.38,26.857,2.346,31.031,73.239,238.074,0,NA,NA,NA,NA,40.242,NA,0.53,33.986,6.669
04/30/2024 05:00:00 PM,692.192,26.788,1.818,104.95,75.672,71.646,0,NA,NA,NA,NA,32.907,NA,0.457,37.622,8.139
04/30/2024 06:00:00 PM,692.501,26.322,1.667,55.592,78.898,26.76,0,NA,NA,NA,NA,26.256,NA,0.802,14.724,5.798
04/30/2024 07:00:00 PM,692.964,25.402,1.496,32.5,83.479,0.161,0,NA,NA,NA,NA,16.846,NA,0.881,15.739,5.741
04/30/2024 08:00:00 PM,693.57,25.135,1.378,58.982,82.804,0,0,NA,NA,NA,NA,11.587,NA,1.016,18.485,7.131
04/30/2024 09:00:00 PM,694.109,24.695,1.744,85.543,83.365,0,0,NA,NA,NA,NA,11.652,NA,1.011,16.214,6.818
04/30/2024 10:00:00 PM,694.458,24.647,1.304,85.689,82.072,0,0,NA,NA,NA,NA,13.427,NA,1.416,17.433,6.746
04/30/2024 11:00:00 PM,694.544,24.503,0.805,349.325,82.087,0,0,NA,NA,NA,NA,9.667,NA,1.401,19.799,7.515
05/01/2024 12:00:00 AM,694.389,24.058,0.809,102.447,83.852,0,0,NA,NA,NA,NA,8.091,NA,1.343,21.022,7.541
05/01/2024 01:00:00 AM,693.821,23.645,0.745,3.939,85.624,0,0,NA,NA,NA,NA,6.069,NA,1.55,21.727,7.689
05/01/2024 02:00:00 AM,693.499,23.386,0.752,231.257,85.896,0,0,NA,NA,NA,NA,5.979,NA,2.185,21.226,7.452
05/01/2024 03:00:00 AM,693.339,23.02,1.092,271.381,89.215,0,0,NA,NA,NA,NA,3.926,NA,2.965,24.704,8.943
05/01/2024 04:00:00 AM,693.203,22.771,0.954,297.76,89.802,0,0,NA,NA,NA,NA,3.926,NA,3.538,23.679,8.407
05/01/2024 05:00:00 AM,693.064,22.981,0.844,231.07,88.081,0,0,NA,NA,NA,NA,3.926,NA,3.667,22.697,8.144
05/01/2024 06:00:00 AM,693.138,22.766,0.753,34.266,89.378,0.434,0,NA,NA,NA,NA,3.926,NA,4.042,25.758,9.335
05/01/2024 07:00:00 AM,693.46,23.249,0.982,354.404,87.064,68.439,0,NA,NA,NA,NA,3.926,NA,5.403,27.363,9.104
05/01/2024 08:00:00 AM,693.995,24.177,1.121,25.039,83.709,161.433,0,NA,NA,NA,NA,3.926,NA,2.711,29.13,8.749
05/01/2024 09:00:00 AM,694.512,26.326,2.321,19.432,76.021,370.039,0,NA,NA,NA,NA,16.817,NA,3.508,26.134,9.612
05/01/2024 10:00:00 AM,694.389,27.305,3.407,352.466,72.191,460.584,0,NA,NA,NA,NA,41.697,NA,1.637,17.385,7.94
05/01/2024 11:00:00 AM,694.145,27.89,4.007,352.391,72.824,432.454,0,NA,NA,NA,NA,53.951,NA,1.618,13.983,7.561
05/01/2024 12:00:00 PM,693.591,28.488,3.632,334.782,71.768,394.48,0,NA,NA,NA,NA,55.804,NA,1.793,14.923,8.113
05/01/2024 01:00:00 PM,692.827,28.347,4.011,320.921,72.247,297.25,0,NA,NA,NA,NA,57.185,NA,1.321,14.204,7.917
05/01/2024 02:00:00 PM,692.109,28.82,4.003,341.838,71.274,271.488,0,NA,NA,NA,NA,56.386,NA,1.487,14.369,8.059
05/01/2024 03:00:00 PM,691.335,29.326,3.21,315.906,70.098,269.458,0,NA,NA,NA,NA,57.043,NA,1.825,13.815,7.736
05/01/2024 04:00:00 PM,690.877,30.158,3.653,337.307,67.462,281.686,0,NA,NA,NA,NA,56.322,NA,1.684,13.462,7.884
05/01/2024 05:00:00 PM,690.728,30.077,3.616,328.028,67.093,240.861,0,NA,NA,NA,NA,56.185,NA,1.495,13.152,7.622
05/01/2024 06:00:00 PM,690.797,28.597,4.405,320.928,73.079,94.878,0,NA,NA,NA,NA,54.402,NA,1.638,13.568,8.154
05/01/2024 07:00:00 PM,691.133,27.459,3.213,327.186,76.335,0.789,0,NA,NA,NA,NA,52.452,NA,2.027,15.28,9.795
05/01/2024 08:00:00 PM,691.957,26.98,1.101,266.841,78.266,0,0,NA,NA,NA,NA,45.765,NA,2.499,19.539,10.961
05/01/2024 09:00:00 PM,692.806,26.565,1.306,70.549,81.506,0,0,NA,NA,NA,NA,40.934,NA,2.499,19.538,11.621
05/01/2024 10:00:00 PM,693.21,25.914,1.32,359.321,84.576,0,0,NA,NA,NA,NA,31.25,NA,3.539,20.702,12.075
05/01/2024 11:00:00 PM,693.544,25.631,1.063,2.903,85.592,0,0,NA,NA,NA,NA,22.264,NA,3.252,23.306,13.327
05/02/2024 12:00:00 AM,692.982,24.99,1.203,14.648,87.581,0,0,NA,NA,NA,NA,19.013,NA,3.082,24.442,12.07
05/02/2024 01:00:00 AM,692.498,24.721,1.063,114,88.137,0,0,NA,NA,NA,NA,19.317,NA,2.051,22.374,11.031
05/02/2024 02:00:00 AM,692.083,24.546,1.033,74.097,87.601,0,0,NA,NA,NA,NA,14.998,NA,2.556,21.562,10.285
05/02/2024 03:00:00 AM,691.754,23.486,1.896,43.855,91.324,0,22,NA,NA,NA,NA,25.981,NA,2.68,18.776,10.114
05/02/2024 04:00:00 AM,691.488,21.726,0.783,275.832,98.326,0,20.999,NA,NA,NA,NA,36.406,NA,2.308,6.296,5.054
05/02/2024 05:00:00 AM,692.466,21.766,1.001,255.216,98.911,0,0,NA,NA,NA,NA,24.015,NA,4.578,8.842,5.906
05/02/2024 06:00:00 AM,693.205,21.875,1.257,176.184,99.123,0,0.6,NA,NA,NA,NA,8.994,NA,5.784,11.194,7.318
05/02/2024 07:00:00 AM,694.038,21.16,2.661,324.217,98.456,0.145,1.8,NA,NA,NA,NA,19.724,NA,2.848,6.637,3.526
05/02/2024 08:00:00 AM,694.39,20.839,0.808,303.677,98.492,3.383,0.4,NA,NA,NA,NA,12.842,NA,3.142,6.512,2.655
05/02/2024 09:00:00 AM,695.103,21.172,0.935,8.696,98.826,15.418,0.2,NA,NA,NA,NA,13.552,NA,5.253,14.154,6.325
05/02/2024 10:00:00 AM,695.035,21.464,1.073,350.191,98.759,65.878,0,NA,NA,NA,NA,11.198,NA,-999,25.104,8.989
05/02/2024 11:00:00 AM,694.563,22.295,1.108,278.139,97.227,175.836,0,NA,NA,NA,NA,20.673,NA,-999,22.243,9.674
05/02/2024 12:00:00 PM,694.012,24.732,1.461,258.704,86.666,427.943,0,NA,NA,NA,NA,-999,NA,3.778,30.087,17.041
05/02/2024 01:00:00 PM,693.285,27.503,2.134,278.368,71.058,602.233,0,NA,NA,NA,NA,-999,NA,3.144,16.678,8.717
05/02/2024 02:00:00 PM,692.28,27.747,3.899,12.49,66.454,350.497,0,NA,NA,NA,NA,68.024,NA,2.653,7.49,3.653
05/02/2024 03:00:00 PM,691.689,26.913,6.111,321.42,73.463,319.902,0,NA,NA,NA,NA,56.135,NA,2.482,6.147,2.672
05/02/2024 04:00:00 PM,691.478,25.668,4.91,317.588,81.039,168.184,0,NA,NA,NA,NA,48.801,NA,2.823,5.79,2.925
05/02/2024 05:00:00 PM,691.344,25.311,2.835,323.454,83.138,96.779,0,NA,NA,NA,NA,43.51,NA,3.328,8.581,3.785
05/02/2024 06:00:00 PM,691.668,24.804,1.886,322.067,85.526,29.966,0,NA,NA,NA,NA,37.654,NA,3.818,7.634,3.812
05/02/2024 07:00:00 PM,692.306,24.336,1.255,350.861,87.619,0.499,0,NA,NA,NA,NA,26.633,NA,4.599,10.898,5.375
05/02/2024 08:00:00 PM,692.956,23.987,1.195,82.511,89.985,0,0,NA,NA,NA,NA,19.395,NA,4.284,15.634,6.692
05/02/2024 09:00:00 PM,693.539,23.836,0.9,35.776,90.805,0,0,NA,NA,NA,NA,17.166,NA,4.124,15.975,7.02
05/02/2024 10:00:00 PM,693.742,23.268,0.9,251.966,93.593,0,0,NA,NA,NA,NA,6.855,NA,5.901,22.917,9.223
05/02/2024 11:00:00 PM,694.096,23.119,0.74,353.157,94.997,0,0,NA,NA,NA,NA,3.926,NA,8.27,29.065,11.542
05/03/2024 12:00:00 AM,694.064,22.791,0.987,322.963,95.641,0,1,NA,NA,NA,NA,3.926,NA,7.68,26.199,10.118
05/03/2024 01:00:00 AM,693.526,22.303,1.293,63.47,94.002,0,0,NA,NA,NA,NA,10.586,NA,2.398,17.943,5.728
05/03/2024 02:00:00 AM,693.155,22.085,0.952,263.805,95.313,0,0.2,NA,NA,NA,NA,6.473,NA,2.94,20.467,6.799
05/03/2024 03:00:00 AM,693.023,21.748,1.126,28.641,95.346,0,0.2,NA,NA,NA,NA,8.691,NA,1.783,18.921,5.864
05/03/2024 04:00:00 AM,692.971,21.745,1.084,50.848,94.885,0,0,NA,NA,NA,NA,6.112,NA,1.727,18.285,5.472
05/03/2024 05:00:00 AM,693.394,21.68,0.568,311.772,95.786,0,0,NA,NA,NA,NA,3.926,NA,2.512,19.854,6.705
05/03/2024 06:00:00 AM,693.651,21.674,0.621,331.248,97.078,0.096,0,NA,NA,NA,NA,3.926,NA,3.455,31.598,11.241
05/03/2024 07:00:00 AM,694.065,21.787,0.843,358.427,97.254,47.396,0,NA,NA,NA,NA,3.926,NA,4.096,37.832,12.689
05/03/2024 08:00:00 AM,694.654,22.556,1.162,257.833,95.939,108.234,0,NA,NA,NA,NA,3.926,NA,7.284,39.414,18.117
05/03/2024 09:00:00 AM,694.949,24.99,0.938,297.542,85.737,206.141,0,NA,NA,NA,NA,9.133,NA,8.475,37.18,19.547
05/03/2024 10:00:00 AM,694.715,26.283,0.992,296.7,79.252,290.177,0,NA,NA,NA,NA,23.41,NA,5.756,34.257,16.44
05/03/2024 11:00:00 AM,694.232,28.22,1.617,244.453,66.866,612.029,0,NA,NA,NA,NA,56.755,NA,1.978,19.194,7.577
05/03/2024 12:00:00 PM,693.696,29.087,2.816,300.334,64.574,506.275,0,NA,NA,NA,NA,63.593,NA,0.642,17.346,6.322
05/03/2024 01:00:00 PM,692.958,28.969,4.969,319.821,67.377,574.925,0,NA,NA,NA,NA,57.382,NA,0.581,10.194,5.167
05/03/2024 02:00:00 PM,692.033,29.32,4.718,315.273,66.379,524.867,0,NA,NA,NA,NA,52.575,NA,0.801,9.568,4.657
05/03/2024 03:00:00 PM,691.32,29.276,5.361,327.281,66.928,455.992,0,NA,NA,NA,NA,48.59,NA,0.583,10.129,4.637
05/03/2024 04:00:00 PM,691.038,29.18,4.437,313.964,67.885,313.361,0,NA,NA,NA,NA,48.74,NA,1.092,10.183,5.105
05/03/2024 05:00:00 PM,691.03,29.045,4.306,315.031,67.541,224.685,0,NA,NA,NA,NA,54.323,NA,0.91,8.359,5.002
05/03/2024 06:00:00 PM,691.556,28.176,3.941,318.04,71.139,106.172,0,NA,NA,NA,NA,52.744,NA,1.028,10.084,5.612
05/03/2024 07:00:00 PM,692.274,26.849,1.854,310.768,77.536,0.483,0,NA,NA,NA,NA,46.344,NA,1.392,12.588,6.929
05/03/2024 08:00:00 PM,692.854,26.091,1.673,279.579,81.897,0,0,NA,NA,NA,NA,43.471,NA,1.636,15.567,8.582
05/03/2024 09:00:00 PM,693.431,25.729,1.355,352.153,83.336,0,0,NA,NA,NA,NA,27.333,NA,2.334,17.664,9.425
05/03/2024 10:00:00 PM,693.7,25.567,0.994,67.688,81.312,0,0,NA,NA,NA,NA,22.052,NA,2.169,18.709,7.464
05/03/2024 11:00:00 PM,693.975,25.11,0.921,354.364,85.1,0,0,NA,NA,NA,NA,14.791,NA,2.34,21.907,9.576
05/04/2024 12:00:00 AM,693.755,24.675,1.495,66.655,85.689,0,0,NA,NA,NA,NA,19.132,NA,1.731,18.612,7.176
05/04/2024 01:00:00 AM,693.383,23.955,1.345,345.427,88.374,0,0,NA,NA,NA,NA,31.25,NA,3.363,11.116,5.041
05/04/2024 02:00:00 AM,693.172,23.9,1.165,34.153,87.312,0,0,NA,NA,NA,NA,33.688,NA,2.408,10.251,4.361
05/04/2024 03:00:00 AM,692.968,23.744,1.203,34.909,88.822,0,0,NA,NA,NA,NA,24.884,NA,2.898,13.014,5.456
05/04/2024 04:00:00 AM,692.843,23.22,1.249,31.501,92.754,0,1.2,NA,NA,NA,NA,21.681,NA,2.783,12.928,5.814
05/04/2024 05:00:00 AM,693.464,22.775,0.83,81.925,96.195,0,1.6,NA,NA,NA,NA,10.345,NA,3.547,15.383,7.572
05/04/2024 06:00:00 AM,693.926,22.538,2.058,187.945,96.998,0,4.4,NA,NA,NA,NA,8.737,NA,3.657,12.862,6.823
05/04/2024 07:00:00 AM,694.72,20.864,1.697,171.41,95.259,0,5.8,NA,NA,NA,NA,18.084,NA,4.227,13.151,4.394
05/04/2024 08:00:00 AM,695.294,20.714,1.117,100.261,97.835,1.24,2.4,NA,NA,NA,NA,4.437,NA,4.545,12.285,5.332
05/04/2024 09:00:00 AM,695.661,20.8,0.86,279.105,98.065,6.186,1.6,NA,NA,NA,NA,3.926,NA,3.98,19.207,7.149
05/04/2024 10:00:00 AM,695.94,20.974,1.01,200.35,97.957,25.101,1.8,NA,NA,NA,NA,3.926,NA,3.926,15.533,7.149
05/04/2024 11:00:00 AM,695.853,21.41,0.854,22.016,97.212,83.23,0.6,NA,NA,NA,NA,6.544,NA,5.041,17.287,10.067
05/04/2024 12:00:00 PM,695.301,23.021,1.01,73.956,90.714,220.722,0,NA,NA,NA,NA,14.536,NA,4.164,34.095,12.352
05/04/2024 01:00:00 PM,694.714,24.516,1.502,319.134,83.979,288.227,0,NA,NA,NA,NA,34.362,NA,3.033,12.748,7.11
05/04/2024 02:00:00 PM,693.908,25.584,3.565,13.883,76.772,344.068,0,NA,NA,NA,NA,47.121,NA,3.066,7.343,3.31
05/04/2024 03:00:00 PM,692.983,26.475,3.98,318.748,74.979,441.524,0,NA,NA,NA,NA,46.344,NA,1.628,4.86,2.686
05/04/2024 04:00:00 PM,692.612,27.234,3.962,298.075,72.313,359.559,0,NA,NA,NA,NA,45.377,NA,1.683,4.579,2.495
05/04/2024 05:00:00 PM,692.52,27.452,3.025,315.192,72.624,225.066,0,NA,NA,NA,NA,40.841,NA,1.778,5.595,2.881
05/04/2024 06:00:00 PM,693.245,25.856,3.447,325.247,78.669,102.756,0,NA,NA,NA,NA,38.284,NA,2.084,6.471,3.391
05/04/2024 07:00:00 PM,694.111,24.127,2.309,340.338,85.908,1.176,0,NA,NA,NA,NA,37.487,NA,2.399,6.849,3.882
05/04/2024 08:00:00 PM,694.835,23.57,1.972,315.411,88.831,0,0,NA,NA,NA,NA,33.141,NA,2.9,7.46,4.481
05/04/2024 09:00:00 PM,695.284,23.405,1.782,355.842,89.353,0,0.2,NA,NA,NA,NA,29.948,NA,6.154,9.138,4.9
05/04/2024 10:00:00 PM,695.64,22.758,1.2,328.178,93.86,0,3,NA,NA,NA,NA,21.217,NA,3.327,10.431,6.465
05/04/2024 11:00:00 PM,695.681,22.368,0.784,157.63,96.538,0,1.8,NA,NA,NA,NA,11.396,NA,3.844,11.727,7.285
05/05/2024 12:00:00 AM,695.589,22.228,1.041,259.015,97.663,0,1.6,NA,NA,NA,NA,7.959,NA,4.698,15.489,10.381
05/05/2024 01:00:00 AM,695.282,22.211,1.109,242.712,98.201,0,0.4,NA,NA,NA,NA,5.627,NA,6.524,17.812,11.986
05/05/2024 02:00:00 AM,694.693,22.107,0.635,278.445,98.329,0,0,NA,NA,NA,NA,5.824,NA,3.892,18.585,11.403
05/05/2024 03:00:00 AM,694.373,22.037,1.021,8.453,97.547,0,0.2,NA,NA,NA,NA,10,NA,2.089,14.746,7.937
05/05/2024 04:00:00 AM,694.239,21.887,1.071,329.399,96.524,0,0,NA,NA,NA,NA,3.926,NA,2.019,22.219,7.841
05/05/2024 05:00:00 AM,694.384,21.787,0.705,114.385,96.508,0,0,NA,NA,NA,NA,3.926,NA,2.088,22.651,8.124
05/05/2024 06:00:00 AM,694.809,21.799,0.884,62.043,96.03,0,0,NA,NA,NA,NA,3.926,NA,1.642,23.256,7.255
05/05/2024 07:00:00 AM,695.157,21.928,1.11,2.385,94.518,33.446,0,NA,NA,NA,NA,3.926,NA,1.326,18.329,5.831
05/05/2024 08:00:00 AM,695.483,23.582,1.352,206.509,88.576,226.361,0,NA,NA,NA,NA,14.131,NA,1.968,12.705,5.475
05/05/2024 09:00:00 AM,695.789,23.757,1.826,30.842,87.655,237.203,0.2,NA,NA,NA,NA,14.645,NA,2.17,21,8.881
05/05/2024 10:00:00 AM,695.642,25.635,2.289,351.326,80.433,475.535,0,NA,NA,NA,NA,32.477,NA,0.818,15.28,7.697
05/05/2024 11:00:00 AM,695.355,26.264,2.811,330.47,77.529,416.681,0,NA,NA,NA,NA,40.537,NA,0.606,10.079,5.364
05/05/2024 12:00:00 PM,694.837,27.884,3.533,309.009,72.244,592.276,0.2,NA,NA,NA,NA,42.787,NA,0.662,7.356,3.934
05/05/2024 01:00:00 PM,694.344,28.347,3.636,318.928,71.049,448.05,0,NA,NA,NA,NA,41.578,NA,0.529,7.592,4.635
05/05/2024 02:00:00 PM,693.738,28.27,3.958,309.545,70.896,290.741,0,NA,NA,NA,NA,39.789,NA,0.622,9.244,5.808
05/05/2024 03:00:00 PM,693.131,27.652,4.568,349.634,75.873,291.313,0,NA,NA,NA,NA,35.998,NA,0.625,9.82,6.223
05/05/2024 04:00:00 PM,692.957,28.344,4.055,342.678,72.612,330.906,0,NA,NA,NA,NA,36.224,NA,0.588,6.473,4.24
05/05/2024 05:00:00 PM,693.204,27.355,3.548,347.647,76.463,58.612,0,NA,NA,NA,NA,32.579,NA,0.914,6.727,3.567
05/05/2024 06:00:00 PM,693.469,26.281,1.78,351.098,82.58,4.639,0.4,NA,NA,NA,NA,20.375,NA,1.3,8.619,4.298
05/05/2024 07:00:00 PM,693.333,24.889,0.878,59.902,90.901,0.112,0.2,NA,NA,NA,NA,9.479,NA,1.602,13.552,6.365
05/05/2024 08:00:00 PM,693.697,24.382,0.873,99.847,93.441,0,0,NA,NA,NA,NA,3.926,NA,2.486,18.252,8.052
05/05/2024 09:00:00 PM,694.662,23.973,1.308,19.667,93.532,0,0,NA,NA,NA,NA,3.926,NA,2.081,22.405,9.441
05/05/2024 10:00:00 PM,695.142,23.863,1.562,36.823,91.297,0,0,NA,NA,NA,NA,5.933,NA,1.537,20.661,6.503
05/05/2024 11:00:00 PM,695.164,23.859,1.085,94.569,88.657,0,0,NA,NA,NA,NA,5.589,NA,1.071,19.256,6.061
05/06/2024 12:00:00 AM,695.275,23.471,1.666,85.096,87.782,0,0,NA,NA,NA,NA,7.161,NA,1.052,20.281,5.488
05/06/2024 01:00:00 AM,695.082,23.31,1.779,92.707,86.286,0,0,NA,NA,NA,NA,7.027,NA,1.336,21.069,5.27
05/06/2024 02:00:00 AM,694.437,23.092,0.924,66.866,86.676,0,0,NA,NA,NA,NA,4.991,NA,1.545,21.571,5.368
05/06/2024 03:00:00 AM,693.995,22.771,0.92,224.585,90.73,0,0,NA,NA,NA,NA,3.926,NA,3.395,23.428,6.475
05/06/2024 04:00:00 AM,693.863,22.627,0.688,282.371,91.37,0,0,NA,NA,NA,NA,3.926,NA,-999,22.14,6.99
05/06/2024 05:00:00 AM,694.177,22.549,0.78,103.675,88.359,0,0,NA,NA,NA,NA,3.926,NA,1.876,23.47,6.074
05/06/2024 06:00:00 AM,694.346,22.538,0.598,180.949,87.132,0.531,0,NA,NA,NA,NA,3.926,NA,-999,23.492,6.683
05/06/2024 07:00:00 AM,694.854,22.93,0.782,4.875,87.535,27.743,0,NA,NA,NA,NA,3.926,NA,2.536,30.132,10.192
05/06/2024 08:00:00 AM,695.449,23.231,0.91,21.38,87.048,72.185,0,NA,NA,NA,NA,3.926,NA,2.949,34.595,11.083
05/06/2024 09:00:00 AM,695.711,24.534,1.152,90.529,81.899,182.297,0,NA,NA,NA,NA,4.71,NA,2.389,31.074,8.74
05/06/2024 10:00:00 AM,695.566,26.375,1.411,353.088,77.851,285.005,0,NA,NA,NA,NA,13.788,NA,-999,32.074,10.441
05/06/2024 11:00:00 AM,695.165,27.683,1.921,279.74,76.037,402.391,0,NA,NA,NA,NA,34.943,NA,1.477,36.117,11.806
05/06/2024 12:00:00 PM,694.585,28.549,2.172,312.744,70.315,373.246,0,NA,NA,NA,NA,50.519,NA,1.078,17.861,7.045
05/06/2024 01:00:00 PM,693.679,28.619,2.478,359.165,69.219,251.123,0,NA,NA,NA,NA,45.633,NA,0.62,12.598,5.684
05/06/2024 02:00:00 PM,692.733,29.698,3.177,11.304,64.927,487.989,0,NA,NA,NA,NA,48.773,NA,0.739,10.24,4.912
05/06/2024 03:00:00 PM,691.918,30.264,4.205,309.191,65.911,412.025,0.2,NA,NA,NA,NA,47.073,NA,0.58,9.075,5.172
05/06/2024 04:00:00 PM,691.485,29.475,3.933,318.238,72.403,207.639,0,NA,NA,NA,NA,43.503,NA,-999,11.496,6.468
05/06/2024 05:00:00 PM,691.284,29.054,4.221,312.43,73.794,211.361,0,NA,NA,NA,NA,41.438,NA,-999,10.78,5.722
05/06/2024 06:00:00 PM,691.621,28.277,2.902,301.364,77.101,109.104,0,NA,NA,NA,NA,43.437,NA,1.044,11.037,6.172
05/06/2024 07:00:00 PM,692.278,27.144,2.603,321.507,81.941,1.498,0,NA,NA,NA,NA,39.777,NA,1.349,14.354,8.186
05/06/2024 08:00:00 PM,692.951,25.961,2.811,336.519,87.501,0,4.6,NA,NA,NA,NA,28.898,NA,-999,15.079,8.783
05/06/2024 09:00:00 PM,693.887,22.165,2.077,20.283,96.031,0,10.599,NA,NA,NA,NA,23.338,NA,1.947,9.04,4.175
05/06/2024 10:00:00 PM,693.981,22.814,0.979,97.477,94.369,0,0.2,NA,NA,NA,NA,14.166,NA,-999,11.938,4.799
05/06/2024 11:00:00 PM,694.311,22.587,0.662,48.326,95.8,0,0,NA,NA,NA,NA,3.926,NA,4.994,20.44,7.995
05/07/2024 12:00:00 AM,694.032,22.275,0.47,230.475,97.008,0,0,NA,NA,NA,NA,3.926,NA,3.981,22.327,8.929
05/07/2024 01:00:00 AM,693.435,22.065,0.753,346.346,97.639,0,0,NA,NA,NA,NA,3.926,NA,4.207,43.15,28.472
05/07/2024 02:00:00 AM,693.145,21.993,0.735,65.181,98.153,0,0,NA,NA,NA,NA,3.926,NA,3.613,27.89,13.859
05/07/2024 03:00:00 AM,692.824,21.642,0.908,358.894,98.042,0,0,NA,NA,NA,NA,3.926,NA,-999,28.592,12.754
05/07/2024 04:00:00 AM,692.639,21.693,0.827,282.127,96.885,0,0,NA,NA,NA,NA,3.926,NA,-999,27.483,9.967
05/07/2024 05:00:00 AM,692.722,21.421,0.604,266.833,97.232,0,0,NA,NA,NA,NA,3.926,NA,3.978,29.136,10.04
05/07/2024 06:00:00 AM,692.939,21.397,0.922,322.98,97.81,1.015,0,NA,NA,NA,NA,3.926,NA,4.764,35.258,14.238
05/07/2024 07:00:00 AM,693.279,21.514,0.783,265.792,98.383,72.693,0,NA,NA,NA,NA,3.926,NA,6.426,43.859,23.196
05/07/2024 08:00:00 AM,693.947,23.707,1.21,243.559,92.328,236.269,0,NA,NA,NA,NA,3.926,NA,-999,37.386,21.605
05/07/2024 09:00:00 AM,694.124,25.55,1.85,12.637,86.597,367.945,0,NA,NA,NA,NA,7.946,NA,4.851,50.916,26.474
05/07/2024 10:00:00 AM,693.828,27.262,2.002,71.268,78.811,445.504,0,NA,NA,NA,NA,37.667,NA,-999,49.97,19.701
05/07/2024 11:00:00 AM,693.403,29.34,2.878,339.902,67.177,571.783,0,NA,NA,NA,NA,72.195,NA,0.999,24.749,10.513
05/07/2024 12:00:00 PM,693.116,29.773,4.538,356.954,65.229,459.134,0,NA,NA,NA,NA,57.508,NA,0.366,15.604,7.258
05/07/2024 01:00:00 PM,692.786,29.312,3.947,318.119,68.788,302.631,0,NA,NA,NA,NA,46.449,NA,-999,11.287,5.276
05/07/2024 02:00:00 PM,692.211,28.86,3.274,318.993,72.379,181.314,0,NA,NA,NA,NA,40.883,NA,-999,11.446,5.596
05/07/2024 03:00:00 PM,691.647,27.883,2.608,318.731,78.604,104.545,0.4,NA,NA,NA,NA,43.45,NA,0.649,14.34,6.606
05/07/2024 04:00:00 PM,691.348,26.032,1.882,311.01,89.373,66.941,1.6,NA,NA,NA,NA,34.637,NA,1.262,16.962,7.752
05/07/2024 05:00:00 PM,691.427,24.29,1.847,88.973,94.206,23.119,10.8,NA,NA,NA,NA,24.443,NA,1.352,16.51,8.403
05/07/2024 06:00:00 PM,691.357,24.307,1.644,107.695,91.516,17.641,0.4,NA,NA,NA,NA,18.04,NA,-999,14.835,6.792
05/07/2024 07:00:00 PM,691.708,24.29,1.436,104.166,91.572,0.37,0,NA,NA,NA,NA,10.034,NA,1.424,18.608,7.442
05/07/2024 08:00:00 PM,692.594,24.201,1.732,89.335,89.294,0,0,NA,NA,NA,NA,6.295,NA,-999,19.155,7.315
05/07/2024 09:00:00 PM,693.083,24.118,1.201,79.589,88.789,0,0,NA,NA,NA,NA,3.926,NA,1.571,21.97,7.684
05/07/2024 10:00:00 PM,693.321,23.716,1.296,87.042,89.686,0,0,NA,NA,NA,NA,3.926,NA,1.062,20.923,7.792
05/07/2024 11:00:00 PM,693.705,23.427,1.426,168.912,90.177,0,0,NA,NA,NA,NA,3.926,NA,-999,24.087,8.478
05/08/2024 12:00:00 AM,694.042,23.474,1.471,103.917,88.146,0,0,NA,NA,NA,NA,3.926,NA,1.149,23.882,7.807
05/08/2024 01:00:00 AM,694.084,23.334,1.359,113.986,89.164,0,0,NA,NA,NA,NA,3.926,NA,1.958,25.805,8.205
05/08/2024 02:00:00 AM,693.476,23.089,1.19,202.977,93.352,0,0.2,NA,NA,NA,NA,3.926,NA,-999,28.295,10.053
05/08/2024 03:00:00 AM,693.32,22.697,1.087,15.213,93.648,0,0,NA,NA,NA,NA,3.926,NA,-999,31.013,9.481
05/08/2024 04:00:00 AM,693.237,22.501,1.214,282.755,94.263,0,0,NA,NA,NA,NA,3.926,NA,3.479,28.763,8.933
05/08/2024 05:00:00 AM,693.647,22.402,1.01,87.933,94.666,0,0,NA,NA,NA,NA,3.926,NA,4.142,31.226,9.427
05/08/2024 06:00:00 AM,693.756,22.453,0.945,131.966,94.667,0.257,0,NA,NA,NA,NA,3.926,NA,-999,31.834,10.145
05/08/2024 07:00:00 AM,694.137,22.385,0.853,217.673,95.641,23.087,0,NA,NA,NA,NA,3.926,NA,4.09,42.835,12.952
05/08/2024 08:00:00 AM,694.231,23.388,1.072,71.975,92.959,106.526,0,NA,NA,NA,NA,3.926,NA,3.812,45.97,21.639
05/08/2024 09:00:00 AM,694.446,24.186,1.374,261.123,90.141,172.098,0,NA,NA,NA,NA,3.947,NA,7.256,54.664,31.967
05/08/2024 10:00:00 AM,694.513,26.031,1.469,295.481,81.513,336.287,0,NA,NA,NA,NA,23.883,NA,4.189,28.909,11.693
05/08/2024 11:00:00 AM,694.377,26.993,3.584,314.851,76.768,386.086,0,NA,NA,NA,NA,46.502,NA,-999,18.369,8.285
05/08/2024 12:00:00 PM,694.194,27.104,4.795,322.54,77.351,476.308,0,NA,NA,NA,NA,41.475,NA,1.521,11.677,5.518
05/08/2024 01:00:00 PM,693.825,27.715,4.775,331.494,74.041,436.24,0,NA,NA,NA,NA,39.572,NA,1.422,8.625,4.159
05/08/2024 02:00:00 PM,693.009,27.525,4.873,339.036,74.105,306.336,0,NA,NA,NA,NA,39.403,NA,-999,6.69,3.405
05/08/2024 03:00:00 PM,692.267,27.631,5.023,336.291,73.078,396.317,0,NA,NA,NA,NA,36.673,NA,1.55,6.709,2.95
05/08/2024 04:00:00 PM,692.067,28.114,4.52,350.627,70.158,262.32,0,NA,NA,NA,NA,38.614,NA,1.238,5.677,2.712
05/08/2024 05:00:00 PM,692.079,27.768,3.436,335.963,71.663,183.296,0,NA,NA,NA,NA,36.861,NA,1.406,6.298,2.365
05/08/2024 06:00:00 PM,692.367,27.399,2.224,308.476,73.75,41.389,0,NA,NA,NA,NA,29.171,NA,1.529,7.796,3.059
05/08/2024 07:00:00 PM,692.865,26.246,2.12,321.843,80.424,0.145,0,NA,NA,NA,NA,15.109,NA,-999,11.47,4.822
05/08/2024 08:00:00 PM,693.567,25.59,2.08,351.265,82.877,0,0,NA,NA,NA,NA,15.993,NA,2.792,14.396,6.288
05/08/2024 09:00:00 PM,694.246,24.968,1.236,19.883,86.581,0,0.4,NA,NA,NA,NA,14.394,NA,2.415,13.967,7.215
05/08/2024 10:00:00 PM,694.755,24.11,1.056,105.893,91.547,0,0,NA,NA,NA,NA,3.926,NA,2.704,20.872,9.039
05/08/2024 11:00:00 PM,695.054,23.865,1.133,61.093,89.259,0,0,NA,NA,NA,NA,8.428,NA,2.423,17.488,7.076
05/09/2024 12:00:00 AM,694.739,23.415,1.33,98.895,88.27,0,0,NA,NA,NA,NA,10.164,NA,1.925,16.179,5.331
05/09/2024 01:00:00 AM,694.475,22.939,1.484,66.781,87.486,0,0,NA,NA,NA,NA,8.359,NA,2.682,17.224,5.128
05/09/2024 02:00:00 AM,694.317,22.831,1.381,58.125,87.189,0,0,NA,NA,NA,NA,8.776,NA,3.538,18.087,5.219
05/09/2024 03:00:00 AM,693.951,22.509,1.784,45.531,87.744,0,0,NA,NA,NA,NA,7.462,NA,-999,21.476,5.651
05/09/2024 04:00:00 AM,693.724,22.643,1.059,88.127,86.827,0,0,NA,NA,NA,NA,5.713,NA,3.383,20.466,5.58
05/09/2024 05:00:00 AM,693.654,22.191,0.878,353.851,88.745,0,0,NA,NA,NA,NA,3.926,NA,-999,22.332,6.033
05/09/2024 06:00:00 AM,694.166,21.914,1.192,108.877,91.328,0.547,0,NA,NA,NA,NA,3.926,NA,4.342,24.853,7.74
05/09/2024 07:00:00 AM,694.747,22.211,1.194,66.71,88.09,35.766,0,NA,NA,NA,NA,3.926,NA,-999,24.206,8.156
05/09/2024 08:00:00 AM,695.177,24.472,0.999,105.317,84.385,205.545,0,NA,NA,NA,NA,5.462,NA,-999,27.213,10.245
05/09/2024 09:00:00 AM,695.662,24.935,1.277,8.898,84.354,166.073,0,NA,NA,NA,NA,10.288,NA,4.14,25.581,10.954
05/09/2024 10:00:00 AM,696.064,24.345,3.117,278.308,84.657,169.521,0,NA,NA,NA,NA,26.012,NA,-999,12.391,4.464
05/09/2024 11:00:00 AM,695.948,23.828,3.206,348.692,83.514,240.474,0,NA,NA,NA,NA,36.007,NA,3.723,5.764,1.734
05/09/2024 12:00:00 PM,695.671,25.457,2.717,318.445,76.354,339.219,0,NA,NA,NA,NA,42.216,NA,3.553,7.174,1.741
05/09/2024 01:00:00 PM,695.226,26.117,2.696,349.864,73.999,178.704,0,NA,NA,NA,NA,42.641,NA,-999,5.627,1.921
05/09/2024 02:00:00 PM,694.846,24.429,1.654,42.464,84.729,67.215,0.8,NA,NA,NA,NA,25.036,NA,-999,12.498,3.818
05/09/2024 03:00:00 PM,694.483,23.952,1.174,41.935,87.624,75.039,0.2,NA,NA,NA,NA,20.001,NA,3.784,44.638,9.523
05/09/2024 04:00:00 PM,693.959,24.33,1.325,15.173,87.595,74.546,0,NA,NA,NA,NA,18.779,NA,4.072,26.314,6.298
05/09/2024 05:00:00 PM,694.009,24.451,1.495,71.385,88.642,56.243,0,NA,NA,NA,NA,16.999,NA,-999,13.904,4.159
05/09/2024 06:00:00 PM,694.434,24.207,1.268,357.795,89.624,14.097,0,NA,NA,NA,NA,13.161,NA,3.992,10.268,3.595
05/09/2024 07:00:00 PM,694.917,23.835,1.18,357.191,92.35,0.112,0,NA,NA,NA,NA,3.926,NA,6.057,15.458,7.203
05/09/2024 08:00:00 PM,695.315,23.392,1.151,28.196,94.429,0,0,NA,NA,NA,NA,3.926,NA,5.078,24.961,12.183
05/09/2024 09:00:00 PM,695.602,23.168,0.719,67.547,94.07,0,0,NA,NA,NA,NA,3.926,NA,-999,25.959,12.297
05/09/2024 10:00:00 PM,696.144,22.919,0.783,305.253,94.006,0,0,NA,NA,NA,NA,3.926,NA,3.798,25.431,9.825
05/09/2024 11:00:00 PM,696.47,22.848,1.12,30.042,93.371,0,0,NA,NA,NA,NA,3.926,NA,-999,23.392,8.583
05/10/2024 12:00:00 AM,696.255,22.584,0.86,63.285,93.375,0,0,NA,NA,NA,NA,3.926,NA,4.043,24.425,8.393
05/10/2024 01:00:00 AM,696.013,22.357,0.854,69.01,93.195,0,0,NA,NA,NA,NA,3.926,NA,-999,26.747,7.823
05/10/2024 02:00:00 AM,695.603,22.113,0.975,337.048,94.606,0,0,NA,NA,NA,NA,3.926,NA,1.815,31.39,8.233
05/10/2024 03:00:00 AM,695.128,22.087,0.984,342.035,93.634,0,0,NA,NA,NA,NA,3.926,NA,-999,27.742,7.122
05/10/2024 04:00:00 AM,694.766,22.053,0.824,106.15,94.657,0,0,NA,NA,NA,NA,3.926,NA,2.635,26.539,7.361
05/10/2024 05:00:00 AM,694.628,21.906,0.689,273.13,95.936,0,0,NA,NA,NA,NA,3.926,NA,3.706,28.875,8.196
05/10/2024 06:00:00 AM,694.498,22.054,0.914,331.694,94.814,0.306,0,NA,NA,NA,NA,3.926,NA,3.26,25.979,8.996
05/10/2024 07:00:00 AM,694.708,22.411,1.048,279.166,91.394,47.398,0,NA,NA,NA,NA,3.926,NA,2.774,24.256,8.676
05/10/2024 08:00:00 AM,695.061,23.855,0.923,348.878,85.768,158.533,0,NA,NA,NA,NA,3.926,NA,-999,30.867,10.531
05/10/2024 09:00:00 AM,695.147,25.994,1.213,324.795,78.317,254.748,0,NA,NA,NA,NA,5.925,NA,-999,29.044,10.007
05/10/2024 10:00:00 AM,694.863,27.022,1.403,73.573,75.89,386.569,0,NA,NA,NA,NA,22.973,NA,2.703,32.814,10.862
05/10/2024 11:00:00 AM,694.298,27.975,1.922,343.582,73.294,378.53,0,NA,NA,NA,NA,54.412,NA,-999,24.974,10.371
05/10/2024 12:00:00 PM,693.621,30.085,2.227,344.55,65.325,481.818,0.2,NA,NA,NA,NA,82.908,NA,2.823,41.905,11.852
05/10/2024 01:00:00 PM,693.043,29.639,4.12,270.053,67.746,191.679,0,NA,NA,NA,NA,69.28,NA,-999,19.411,6.627
05/10/2024 02:00:00 PM,692.566,28.001,4.034,325.437,78.379,201.759,0,NA,NA,NA,NA,42.813,NA,1.221,12.065,4.81
05/10/2024 03:00:00 PM,692.063,27.938,3.728,328.852,79.228,174.08,0,NA,NA,NA,NA,36.832,NA,1.237,10.205,4.028
05/10/2024 04:00:00 PM,691.648,28.129,2.72,316.934,78.994,197.554,0,NA,NA,NA,NA,37.26,NA,-999,11.055,4.937
05/10/2024 05:00:00 PM,691.713,28.869,3.187,322.744,76.622,163.237,0,NA,NA,NA,NA,43.429,NA,-999,9.253,3.776
05/10/2024 06:00:00 PM,692.322,27.878,2.089,323.154,80.244,29.741,0,NA,NA,NA,NA,34.301,NA,1.621,10.47,3.91
05/10/2024 07:00:00 PM,692.817,26.833,2.025,332.789,84.449,0.241,0,NA,NA,NA,NA,22.787,NA,2.951,12.949,5.011
05/10/2024 08:00:00 PM,693.304,26.287,1.523,69.983,85.813,0,0,NA,NA,NA,NA,16.132,NA,2.826,15.003,6.208
05/10/2024 09:00:00 PM,694.046,25.983,0.879,39.033,81.682,0,0,NA,NA,NA,NA,6.321,NA,-999,22.399,6.995
05/10/2024 10:00:00 PM,695.198,24.772,2.426,214.516,85.917,0,3.999,NA,NA,NA,NA,15.603,NA,3.953,16.558,5.731
05/10/2024 11:00:00 PM,695.652,22.477,2.449,194.009,94.292,0,0.2,NA,NA,NA,NA,19.228,NA,-999,17.2,4.468
05/11/2024 12:00:00 AM,695.177,21.988,1.548,226.337,95.311,0,0,NA,NA,NA,NA,15.01,NA,2.876,17.319,4.379
05/11/2024 01:00:00 AM,694.705,22.402,1.847,57.764,93.723,0,0,NA,NA,NA,NA,10.682,NA,3.541,12.421,4.424
05/11/2024 02:00:00 AM,694.601,21.871,0.759,169.548,96.235,0,0,NA,NA,NA,NA,3.926,NA,5.388,18.366,6.382
05/11/2024 03:00:00 AM,694.09,21.659,0.678,44.107,97.015,0,0,NA,NA,NA,NA,4.301,NA,4.177,17.907,6.341
05/11/2024 04:00:00 AM,693.832,21.614,0.841,15.146,97.295,0,0,NA,NA,NA,NA,3.926,NA,3.819,19.711,7.106
05/11/2024 05:00:00 AM,694.418,21.585,0.516,10.064,97.316,0,0,NA,NA,NA,NA,3.926,NA,3.201,21.065,6.851
05/11/2024 06:00:00 AM,694.395,21.889,1.719,209.703,93.508,2.255,0,NA,NA,NA,NA,7.359,NA,2.92,11.653,3.807
05/11/2024 07:00:00 AM,695.1,21.913,1.05,19.93,94.878,76.543,0,NA,NA,NA,NA,3.926,NA,3.459,28.169,8.559
05/11/2024 08:00:00 AM,695.837,23.491,1.237,265.937,89.643,178.929,0,NA,NA,NA,NA,3.926,NA,4.594,27.174,9.13
05/11/2024 09:00:00 AM,696.409,24.985,1.204,314.079,83.621,265.446,0,NA,NA,NA,NA,11.713,NA,4.555,20.19,7.03
05/11/2024 10:00:00 AM,696.302,26.846,1.021,84.585,74.613,269.667,0,NA,NA,NA,NA,28.385,NA,2.809,16.78,5.08
05/11/2024 11:00:00 AM,695.886,27.46,1.724,144.772,72.988,281.444,0,NA,NA,NA,NA,40.391,NA,3.773,14.515,5.137
05/11/2024 12:00:00 PM,695.242,28.945,1.187,208.404,66.955,379.013,0,NA,NA,NA,NA,56.931,NA,2.945,18.142,5.958
05/11/2024 01:00:00 PM,694.158,29.603,3.046,303.441,66.328,440.654,0.2,NA,NA,NA,NA,56.55,NA,2.101,11.124,5.285
05/11/2024 02:00:00 PM,693.235,29.036,4.251,322.16,70.403,322.882,0,NA,NA,NA,NA,42.306,NA,1.951,7.723,3.303
05/11/2024 03:00:00 PM,692.788,28.618,4.103,326.368,66.396,166.943,0,NA,NA,NA,NA,37.436,NA,2.002,5.774,2.061
05/11/2024 04:00:00 PM,692.395,27.103,3.231,331.091,78.237,113.099,0,NA,NA,NA,NA,34.259,NA,1.958,5.804,2.347
05/11/2024 05:00:00 PM,692.383,26.831,1.962,300.576,82.187,68.762,0,NA,NA,NA,NA,33.847,NA,2.581,7.201,2.566
05/11/2024 06:00:00 PM,692.789,26.292,1.815,323.822,84.041,13.549,0,NA,NA,NA,NA,28.119,NA,2.89,6.917,2.989
05/11/2024 07:00:00 PM,693.231,25.876,1.146,34.253,86.199,0.628,0,NA,NA,NA,NA,23.724,NA,3.007,12.555,5.896
05/11/2024 08:00:00 PM,693.61,25.23,1.263,111.017,87.631,0,0,NA,NA,NA,NA,13.261,NA,3.223,14.201,6.258
05/11/2024 09:00:00 PM,694.211,24.753,1.113,101.739,83.849,0,0,NA,NA,NA,NA,4.805,NA,3.762,18.584,6.44
05/11/2024 10:00:00 PM,694.809,24.556,1.41,108.72,81.416,0,0,NA,NA,NA,NA,3.926,NA,2.79,17.333,6.196
05/11/2024 11:00:00 PM,695.102,24.56,1.373,104.901,80.548,0,0,NA,NA,NA,NA,4.122,NA,2.448,17.323,6.388
05/12/2024 12:00:00 AM,695.121,24.295,1.259,86.424,83.726,0,0,NA,NA,NA,NA,4.577,NA,2.714,14.681,5.368
05/12/2024 01:00:00 AM,694.799,23.703,1.051,103.679,84.757,0,0,NA,NA,NA,NA,3.926,NA,2.168,16.397,5.045
05/12/2024 02:00:00 AM,694.56,23.226,1.222,120.603,85.177,0,0,NA,NA,NA,NA,3.926,NA,2.418,16.785,4.91
05/12/2024 03:00:00 AM,694.372,22.827,1.284,107.862,86.941,0,0,NA,NA,NA,NA,3.926,NA,2.103,18.772,6
05/12/2024 04:00:00 AM,694.573,23.015,1.501,90.224,85.334,0,0,NA,NA,NA,NA,3.926,NA,2.041,16.537,4.826
05/12/2024 05:00:00 AM,694.594,22.838,1.172,103.741,86.74,0,0,NA,NA,NA,NA,3.926,NA,2.531,16.884,5.504
05/12/2024 06:00:00 AM,694.758,22.85,1.127,79.19,86.187,0.499,0,NA,NA,NA,NA,3.926,NA,2.217,15.417,4.708
05/12/2024 07:00:00 AM,695.222,23.118,0.828,302.463,86.799,53.166,0,NA,NA,NA,NA,3.926,NA,2.683,18.66,6.579
05/12/2024 08:00:00 AM,695.71,23.732,0.894,32.013,85.926,76.576,0,NA,NA,NA,NA,3.926,NA,5.082,27.838,9.483
05/12/2024 09:00:00 AM,695.953,25.616,1.775,259.377,82.232,394.496,0,NA,NA,NA,NA,14.515,NA,7.328,24.889,11.114
05/12/2024 10:00:00 AM,696.145,27.975,2.497,243.839,70.549,414.877,0,NA,NA,NA,NA,43.875,NA,2.899,11.364,5.392
05/12/2024 11:00:00 AM,696.349,25.341,4.372,327.243,82.65,111.166,1.6,NA,NA,NA,NA,31.893,NA,2.164,10.512,4.718
05/12/2024 12:00:00 PM,696.577,22.565,1.818,163.923,92.262,46.367,2.6,NA,NA,NA,NA,19.026,NA,3.425,9.982,4.262
05/12/2024 01:00:00 PM,696.199,22.896,1.238,128.929,91.408,66.619,1.4,NA,NA,NA,NA,15.759,NA,3.222,10.931,7.167
05/12/2024 02:00:00 PM,695.573,22.928,1.599,102.901,92.272,85.92,0.4,NA,NA,NA,NA,17.248,NA,3.398,17.605,12.938
05/12/2024 03:00:00 PM,695.061,22.868,1.512,67.159,93.21,132.449,0.8,NA,NA,NA,NA,20.55,NA,3.166,19.776,16.881
05/12/2024 04:00:00 PM,694.334,23.682,2.52,96.95,87.714,113.067,0.2,NA,NA,NA,NA,25.505,NA,2.715,6.683,3.926
05/12/2024 05:00:00 PM,693.787,24.468,0.974,93.343,86.505,86.661,0,NA,NA,NA,NA,15.816,NA,3.169,9.754,4.769
05/12/2024 06:00:00 PM,693.474,24.372,2.858,215.214,86.326,55.679,0,NA,NA,NA,NA,23.782,NA,3.396,12.413,7.678
05/12/2024 07:00:00 PM,693.777,24.032,1.874,184.559,88.55,1.015,0,NA,NA,NA,NA,12.255,NA,3.328,18.981,11.119
05/12/2024 08:00:00 PM,694.109,23.104,0.852,97.888,94.334,0,0,NA,NA,NA,NA,3.926,NA,4.123,28.064,12.989
05/12/2024 09:00:00 PM,694.319,23.076,1.172,150.257,90.926,0,0,NA,NA,NA,NA,3.926,NA,3.384,23.802,9.828
05/12/2024 10:00:00 PM,694.619,23.08,0.77,157.529,88.065,0,0,NA,NA,NA,NA,3.926,NA,3.134,21.493,8.401
05/12/2024 11:00:00 PM,694.728,22.885,1.096,46.362,86.71,0,0,NA,NA,NA,NA,3.926,NA,2.888,20.241,6.926
05/13/2024 12:00:00 AM,694.808,22.227,1.014,121.519,90.454,0,0,NA,NA,NA,NA,3.926,NA,4.125,25.589,8.016
05/13/2024 01:00:00 AM,694.402,21.662,0.785,309.319,93.454,0,0,NA,NA,NA,NA,3.926,NA,3.137,27.913,8.4
05/13/2024 02:00:00 AM,693.936,21.376,0.966,140.302,93.754,0,0,NA,NA,NA,NA,3.926,NA,1.383,30.068,7.856
05/13/2024 03:00:00 AM,693.565,21.024,0.848,310.632,95.203,0,0,NA,NA,NA,NA,3.926,NA,1.522,32.842,8.194
05/13/2024 04:00:00 AM,693.332,20.734,0.717,227.852,95.63,0,0,NA,NA,NA,NA,3.926,NA,1.552,31.385,7.86
05/13/2024 05:00:00 AM,693.481,20.342,0.657,244.953,97.085,0,0,NA,NA,NA,NA,3.926,NA,1.773,35.609,8.98
05/13/2024 06:00:00 AM,693.806,20.019,0.674,311.5,98.061,0.724,0,NA,NA,NA,NA,3.926,NA,2.416,32.604,9.04
05/13/2024 07:00:00 AM,694.044,20.256,0.833,254.88,98.289,88.852,0,NA,NA,NA,NA,3.926,NA,3.329,22.083,7.718
05/13/2024 08:00:00 AM,694.312,22,1.026,333.549,95.276,229.518,0,NA,NA,NA,NA,3.926,NA,3.223,22.242,8.928
05/13/2024 09:00:00 AM,694.44,24.605,1.3,357.236,84.442,367.22,0,NA,NA,NA,NA,5.009,NA,4.605,26.239,10.933
05/13/2024 10:00:00 AM,694.476,26.883,1.394,11.857,73.732,483.51,0,NA,NA,NA,NA,21.802,NA,1.791,20.059,7.457
05/13/2024 11:00:00 AM,694.024,28.899,2.326,4.764,62.226,528.299,0,NA,NA,NA,NA,43.13,NA,0.555,11.896,4.312
05/13/2024 12:00:00 PM,693.338,30.216,4.268,349.49,57.206,540.507,0,NA,NA,NA,NA,40.407,NA,0.367,6.657,2.553
05/13/2024 01:00:00 PM,692.857,30.531,4.901,316.131,54.616,512.607,0,NA,NA,NA,NA,38.675,NA,-999,5.957,2.568
05/13/2024 02:00:00 PM,692.497,30.833,4.588,322.263,58.3,467.173,0,NA,NA,NA,NA,40.9,NA,-999,9.714,5.462
05/13/2024 03:00:00 PM,692.195,30.474,4.52,313.144,60.142,419.646,0,NA,NA,NA,NA,50.373,NA,-999,7.98,3.665
05/13/2024 04:00:00 PM,691.97,30.087,5.703,317.276,62.116,332.275,0,NA,NA,NA,NA,52.081,NA,-999,7.228,3.079
05/13/2024 05:00:00 PM,691.815,29.916,3.257,313.041,62.234,178.027,0,NA,NA,NA,NA,43.883,NA,0.282,6.633,2.753
05/13/2024 06:00:00 PM,691.866,28.753,3.3,333.523,68.714,55.663,0,NA,NA,NA,NA,36.146,NA,1.125,7.257,3.096
05/13/2024 07:00:00 PM,692.158,28.039,1.133,317.177,68.54,1.562,0,NA,NA,NA,NA,31.024,NA,0.72,9.355,3.496
05/13/2024 08:00:00 PM,692.757,27.072,0.525,235.123,72.043,0,0,NA,NA,NA,NA,8.768,NA,1.156,13.685,5.438
05/13/2024 09:00:00 PM,693.259,26.101,1.506,87.319,76.568,0,0,NA,NA,NA,NA,12.025,NA,1.056,16.335,6.008
05/13/2024 10:00:00 PM,693.677,25.308,1.614,75.489,78.089,0,0,NA,NA,NA,NA,16.523,NA,1.07,14.262,4.512
05/13/2024 11:00:00 PM,694.225,24.837,1.639,78.679,79.721,0,0,NA,NA,NA,NA,13.174,NA,0.874,12.526,4.413
05/14/2024 12:00:00 AM,694.081,24.488,1.514,90.841,80.781,0,0,NA,NA,NA,NA,10.9,NA,0.974,12.336,4.16
05/14/2024 01:00:00 AM,693.582,24.223,1.536,10.312,80.828,0,0,NA,NA,NA,NA,13.296,NA,1.01,11.065,3.851
05/14/2024 02:00:00 AM,693.218,23.76,0.948,81.344,83.41,0,0,NA,NA,NA,NA,7.799,NA,2.231,13.617,4.255
05/14/2024 03:00:00 AM,692.81,22.95,0.776,176.414,88.647,0,0,NA,NA,NA,NA,3.926,NA,4.277,17.409,5.864
05/14/2024 04:00:00 AM,692.738,22.449,0.816,161.322,91.44,0,0,NA,NA,NA,NA,3.926,NA,4.756,21.191,6.934
05/14/2024 05:00:00 AM,692.941,21.975,1.111,41.923,93.596,0,0,NA,NA,NA,NA,3.926,NA,4.863,23.886,8.187
05/14/2024 06:00:00 AM,693.283,22.048,0.748,112.669,88.712,1.466,0,NA,NA,NA,NA,3.926,NA,3.845,21.66,7.32
05/14/2024 07:00:00 AM,693.639,22.572,1.07,335.579,87.326,98.873,0,NA,NA,NA,NA,3.926,NA,4.065,28.192,10.267
05/14/2024 08:00:00 AM,694.004,25.023,1.398,106.776,74.628,253.846,0,NA,NA,NA,NA,7.09,NA,2.636,20.855,6.448
05/14/2024 09:00:00 AM,693.929,26.19,1.826,244.216,74.567,356.442,0,NA,NA,NA,NA,25.754,NA,2.86,16.092,5.975
05/14/2024 10:00:00 AM,694.034,28.658,1.367,250.369,64.195,443.539,0,NA,NA,NA,NA,52.605,NA,1.921,15.62,5.915
05/14/2024 11:00:00 AM,693.476,30.288,1.857,5.898,59.847,515.233,0,NA,NA,NA,NA,63.676,NA,1.217,14.066,5.084
05/14/2024 12:00:00 PM,693.179,30.802,4.089,293.432,61.138,522.418,0,NA,NA,NA,NA,72.461,NA,1.162,15.362,5.593
05/14/2024 01:00:00 PM,692.915,29.955,5.627,323.183,68.402,475.938,0,NA,NA,NA,NA,53.938,NA,1.011,10.994,5.056
05/14/2024 02:00:00 PM,692.348,29.917,6.137,320.605,68.63,483.542,0,NA,NA,NA,NA,46.412,NA,1.387,10.418,5.362
05/14/2024 03:00:00 PM,691.647,30.083,5.707,321.941,68.315,419.017,0,NA,NA,NA,NA,50.613,NA,1.484,12.417,5.948
05/14/2024 04:00:00 PM,691.453,29.442,4.724,317.225,70.974,155.198,0,NA,NA,NA,NA,52.533,NA,1.583,11.915,6.034
05/14/2024 05:00:00 PM,691.703,27.074,2.636,331.1,83.757,23.941,1.2,NA,NA,NA,NA,38.248,NA,1.993,15.274,8.486
05/14/2024 06:00:00 PM,692.463,24.905,1.615,282.964,82.716,1.272,0,NA,NA,NA,NA,31.13,NA,2.509,14.947,6.598
05/14/2024 07:00:00 PM,693.386,24.283,1.487,110.361,86.103,0,0,NA,NA,NA,NA,25.456,NA,3.356,11.138,4.389
05/14/2024 08:00:00 PM,694.108,23.776,2.685,342.463,87.931,0,0,NA,NA,NA,NA,22.869,NA,3.363,9.684,4.045
05/14/2024 09:00:00 PM,694.657,23.747,1.231,15.815,86.492,0,0,NA,NA,NA,NA,25.515,NA,3.062,8.482,3.302
05/14/2024 10:00:00 PM,694.987,23.469,1.346,201.08,88.47,0,0,NA,NA,NA,NA,10.93,NA,3.607,11.905,4.395
05/14/2024 11:00:00 PM,695.099,23.097,1.175,186.848,91.524,0,0,NA,NA,NA,NA,3.926,NA,5.797,16.199,6.036
05/15/2024 12:00:00 AM,694.804,22.978,0.993,92.988,92.39,0,0,NA,NA,NA,NA,3.926,NA,5.54,17.415,6.718
05/15/2024 01:00:00 AM,694.863,22.772,0.96,202.225,93.351,0,0,NA,NA,NA,NA,3.926,NA,3.632,17.856,7.264
05/15/2024 02:00:00 AM,694.758,22.892,1.07,229.86,93.299,0,0,NA,NA,NA,NA,3.926,NA,3.626,19.718,7.484
05/15/2024 03:00:00 AM,694.389,22.671,0.789,322.257,94.342,0,0,NA,NA,NA,NA,3.926,NA,3.663,20.226,7.767
05/15/2024 04:00:00 AM,694.369,22.785,0.789,29.947,93.19,0,0,NA,NA,NA,NA,3.926,NA,1.952,19.098,7.509
05/15/2024 05:00:00 AM,694.72,22.54,1.076,0.909,94.47,0,0,NA,NA,NA,NA,3.926,NA,1.334,20.789,7.738
05/15/2024 06:00:00 AM,695.198,22.409,1.503,63.129,94.403,0,0,NA,NA,NA,NA,3.926,NA,1.13,17.787,7.701
05/15/2024 07:00:00 AM,695.481,22.623,1.056,76.396,92.142,9.795,0,NA,NA,NA,NA,3.926,NA,0.602,19.971,8.043
05/15/2024 08:00:00 AM,695.786,23.427,1.057,48.446,87.091,81.151,0,NA,NA,NA,NA,3.926,NA,0.455,24.13,8.656
05/15/2024 09:00:00 AM,696.064,25.003,1.28,335.373,81.602,261.499,0,NA,NA,NA,NA,8.616,NA,3.312,23.861,9.492
05/15/2024 10:00:00 AM,696.054,26.829,2.458,349.657,74.795,458.345,0,NA,NA,NA,NA,31.883,NA,-999,16.246,7.452
05/15/2024 11:00:00 AM,695.761,26.622,4.347,319.897,76.874,319.612,0,NA,NA,NA,NA,40.716,NA,-999,11.368,6.145
05/15/2024 12:00:00 PM,695.436,27.546,4.803,320.328,74.089,560.054,0.2,NA,NA,NA,NA,42.299,NA,-999,10.1,5.478
05/15/2024 01:00:00 PM,694.89,27.869,4.475,323.907,74.29,423.416,0,NA,NA,NA,NA,39.49,NA,-999,10.278,5.559
05/15/2024 02:00:00 PM,694.245,28.112,4.973,324.569,73.081,504.728,0,NA,NA,NA,NA,39.755,NA,-999,9.576,5.375
05/15/2024 03:00:00 PM,693.67,28.043,5.486,324.407,73.426,389.888,0,NA,NA,NA,NA,43.012,NA,-999,8.709,5.034
05/15/2024 04:00:00 PM,693.216,28.268,4.531,337.123,72.719,286.777,0,NA,NA,NA,NA,44.967,NA,-999,8.995,5.254
05/15/2024 05:00:00 PM,693.174,27.35,4.096,320.99,76.82,163.753,0,NA,NA,NA,NA,43.385,NA,-999,10.378,5.337
05/15/2024 06:00:00 PM,693.596,26.44,2.698,286.884,80.253,42.823,0,NA,NA,NA,NA,38.639,NA,-999,10.509,5.831
05/15/2024 07:00:00 PM,694.016,25.726,1.692,346.746,83.738,0.821,0,NA,NA,NA,NA,28.063,NA,0.519,12.478,6.207
05/15/2024 08:00:00 PM,694.672,25.478,1.61,2.518,85.075,0,0,NA,NA,NA,NA,22.693,NA,0.469,14.354,6.83
05/15/2024 09:00:00 PM,695.035,25.081,1.708,36.289,86.287,0,0,NA,NA,NA,NA,15.832,NA,0.41,16.292,8.511
05/15/2024 10:00:00 PM,695.281,24.811,0.98,15.538,85.556,0,0,NA,NA,NA,NA,18.183,NA,0.376,20.782,8.066
05/15/2024 11:00:00 PM,695.571,24.08,0.815,296.261,90.452,0,0,NA,NA,NA,NA,4.04,NA,1.101,23.473,10.521
05/16/2024 12:00:00 AM,695.483,23.617,0.904,233.216,87.431,0,0,NA,NA,NA,NA,8.032,NA,0.836,17.91,8.207
05/16/2024 01:00:00 AM,695.281,23.59,1.018,89.887,84.415,0,0,NA,NA,NA,NA,13.838,NA,1.109,15.28,7.086
05/16/2024 02:00:00 AM,695.024,23.52,1.242,81.337,83.418,0,0,NA,NA,NA,NA,14.895,NA,0.957,14.489,6.466
05/16/2024 03:00:00 AM,694.766,23.51,0.975,80.03,82.842,0,0,NA,NA,NA,NA,13.635,NA,1.328,13.777,6.3
05/16/2024 04:00:00 AM,694.478,22.906,1.103,12.588,85.504,0,0,NA,NA,NA,NA,10.18,NA,1.046,15.233,6.422
05/16/2024 05:00:00 AM,694.679,22.358,1.223,65.573,85.87,0,0,NA,NA,NA,NA,8.788,NA,0.747,13.762,6.307
05/16/2024 06:00:00 AM,695.109,22.063,1.092,76.184,85.568,0.837,0,NA,NA,NA,NA,3.926,NA,1.173,14.737,6.766
05/16/2024 07:00:00 AM,695.527,22.437,1.447,101.828,81.548,44.563,0,NA,NA,NA,NA,3.926,NA,0.975,18.912,7.445
05/16/2024 08:00:00 AM,695.679,24.377,1.477,46.573,74.114,224.54,0,NA,NA,NA,NA,7.23,NA,1.093,22.626,8.599
05/16/2024 09:00:00 AM,695.585,26.619,1.766,27.64,72.212,379.158,0,NA,NA,NA,NA,17.058,NA,-999,27.175,11.227
05/16/2024 10:00:00 AM,695.405,27.61,2.194,261.212,72.179,450.933,0,NA,NA,NA,NA,38.778,NA,-999,24.137,11.66
05/16/2024 11:00:00 AM,695.142,29.083,3.093,317.398,63.369,535.581,0,NA,NA,NA,NA,-999,NA,3.395,13.723,7.215
05/16/2024 12:00:00 PM,694.763,29.431,4.611,318.688,65.734,568.46,0,NA,NA,NA,NA,64.75,NA,3.856,14.961,7.696
05/16/2024 01:00:00 PM,694.2,29.435,5.14,312.889,68.643,580.902,0,NA,NA,NA,NA,55.451,NA,4.481,13.588,7.443
05/16/2024 02:00:00 PM,693.485,29.614,4.847,326.372,68.468,429.232,0,NA,NA,NA,NA,46.43,NA,4.619,13.213,7.316
05/16/2024 03:00:00 PM,692.89,29.273,5.533,320.894,69.403,342.216,0,NA,NA,NA,NA,45.584,NA,4.839,13.819,7.365
05/16/2024 04:00:00 PM,692.609,28.359,5.009,324.51,75.261,266.155,0,NA,NA,NA,NA,50.074,NA,5.059,14.822,9.132
05/16/2024 05:00:00 PM,692.72,27.95,4.517,320.205,76.397,97.23,0,NA,NA,NA,NA,50.198,NA,5.31,15.983,9.479
05/16/2024 06:00:00 PM,692.913,27.023,2.465,333.847,79.805,38.344,0,NA,NA,NA,NA,42.096,NA,5.833,15.531,9.392
05/16/2024 07:00:00 PM,693.611,26.621,1.224,322.596,81.708,2.416,0,NA,NA,NA,NA,35.945,NA,6.192,16.802,10.428
05/16/2024 08:00:00 PM,694.294,26.123,1.441,43.742,83.684,0,0,NA,NA,NA,NA,20.358,NA,7.094,28.376,14.554
05/16/2024 09:00:00 PM,694.877,25.826,1.284,97.067,84.118,0,0,NA,NA,NA,NA,19.47,NA,6.232,25.545,13.155
05/16/2024 10:00:00 PM,695.509,24.814,2.212,178.912,81.145,0,0,NA,NA,NA,NA,31.711,NA,6.898,15.051,7.64
05/16/2024 11:00:00 PM,695.822,23.709,1.763,234.242,84.536,0,0,NA,NA,NA,NA,27.638,NA,12.631,11.335,5.084
05/17/2024 12:00:00 AM,696.053,23.751,1.081,47.27,84.931,0,0,NA,NA,NA,NA,19.984,NA,8.239,13.113,5.736
05/17/2024 01:00:00 AM,695.71,23.371,0.937,283.298,86.336,0,0,NA,NA,NA,NA,19.203,NA,5.387,11.32,4.888
05/17/2024 02:00:00 AM,695.289,23.148,1.325,96.563,88.263,0,0,NA,NA,NA,NA,9.833,NA,6.813,13.988,6.17
05/17/2024 03:00:00 AM,694.751,23.196,1.144,209.921,86.705,0,0,NA,NA,NA,NA,14.535,NA,5.223,11.253,5.003
05/17/2024 04:00:00 AM,694.785,22.559,0.985,252.6,91.229,0,0,NA,NA,NA,NA,3.926,NA,9.78,15.78,7.042
05/17/2024 05:00:00 AM,695.135,22.356,1.544,107.106,92.096,0,0,NA,NA,NA,NA,3.926,NA,9.569,18.245,8.242
05/17/2024 06:00:00 AM,695.483,22.426,0.767,139.651,92.296,1.546,0,NA,NA,NA,NA,3.926,NA,9.382,18.326,7.865
05/17/2024 07:00:00 AM,695.562,22.884,0.942,197.055,90.288,57.371,0,NA,NA,NA,NA,3.926,NA,6.094,19.772,7.363
05/17/2024 08:00:00 AM,695.757,23.764,1.548,61.292,86.94,118.575,0,NA,NA,NA,NA,4.933,NA,6.157,20.75,7.768
05/17/2024 09:00:00 AM,695.7,24.545,2.83,238.311,84.032,276.353,0,NA,NA,NA,NA,14.622,NA,4.963,22.029,7.972
05/17/2024 10:00:00 AM,695.591,25.988,3.042,237.604,78.014,389.357,0,NA,NA,NA,NA,28.296,NA,4.129,24.761,7.836
05/17/2024 11:00:00 AM,695.159,27.674,2.587,252.839,68.625,502.827,0,NA,NA,NA,NA,48.241,NA,3.352,22.704,7.125
05/17/2024 12:00:00 PM,694.783,30.018,2.734,249.902,60.486,527.348,0,NA,NA,NA,NA,62.188,NA,2.797,16.663,6.414
05/17/2024 01:00:00 PM,694.413,29.398,5.642,323.721,67.559,470.637,0,NA,NA,NA,NA,49.5,NA,3.003,21.401,7.175
05/17/2024 02:00:00 PM,693.947,28.738,5.494,321.697,70.583,309.428,0,NA,NA,NA,NA,44.261,NA,2.247,10.183,5.291
05/17/2024 03:00:00 PM,693.614,28.358,4.648,316.183,72.58,276.176,0,NA,NA,NA,NA,46.855,NA,2.14,10.348,5.44
05/17/2024 04:00:00 PM,693.342,27.734,3.307,297.346,74.333,100.388,0,NA,NA,NA,NA,57.615,NA,2.473,14.606,8.004
05/17/2024 05:00:00 PM,693.438,27.035,2.723,322.098,77.941,51.394,0,NA,NA,NA,NA,51.572,NA,2.44,12.919,6.509
05/17/2024 06:00:00 PM,693.892,26.774,2.116,334.864,79.725,17.641,0,NA,NA,NA,NA,42.73,NA,3.327,16.478,9.899
05/17/2024 07:00:00 PM,694.129,26.347,1.74,325.032,82.1,0.451,0,NA,NA,NA,NA,34.503,NA,3.463,17.879,9.445
05/17/2024 08:00:00 PM,694.696,25.85,1.668,19.368,84.989,0,0,NA,NA,NA,NA,23.7,NA,3.806,24.123,12.021
05/17/2024 09:00:00 PM,695.219,25.516,1.273,51.408,83.68,0,0,NA,NA,NA,NA,20.902,NA,4.116,21.203,9.398
05/17/2024 10:00:00 PM,695.572,25.27,1.015,66.297,83.572,0,0,NA,NA,NA,NA,19.508,NA,3.616,18.809,8.937
05/17/2024 11:00:00 PM,695.754,24.684,1.231,55.425,80.757,0,0,NA,NA,NA,NA,20.058,NA,3.554,16.701,7.27
05/18/2024 12:00:00 AM,695.963,24.275,1.425,111.313,79.374,0,0,NA,NA,NA,NA,18.4,NA,3.222,11.741,5.646
05/18/2024 01:00:00 AM,695.675,23.999,1.666,101.956,77.519,0,0,NA,NA,NA,NA,18.375,NA,1.796,10.968,4.727
05/18/2024 02:00:00 AM,695.091,23.687,1.944,40.38,77.506,0,0,NA,NA,NA,NA,17.734,NA,1.362,9.326,4.248
05/18/2024 03:00:00 AM,694.856,23.366,1.25,86.204,77.307,0,0,NA,NA,NA,NA,12.675,NA,1.157,9.864,4.389
05/18/2024 04:00:00 AM,694.857,23.136,1.003,24.523,77.93,0,0,NA,NA,NA,NA,12.924,NA,1.429,10.383,4.444
05/18/2024 05:00:00 AM,695.103,22.595,0.855,236.341,84.296,0,0,NA,NA,NA,NA,3.926,NA,5.086,13.47,6.405
05/18/2024 06:00:00 AM,695.565,22.238,1.434,32.096,84.765,1.047,0,NA,NA,NA,NA,3.926,NA,3.221,14.852,7.144
05/18/2024 07:00:00 AM,695.303,23.116,1.567,80.311,78.685,112.987,0,NA,NA,NA,NA,7.121,NA,1.938,12.691,5.403
05/18/2024 08:00:00 AM,695.516,25.501,1.426,236.16,73.767,255.055,0,NA,NA,NA,NA,8.994,NA,4.518,19.467,7.851
05/18/2024 09:00:00 AM,695.662,26.049,1.522,352.609,76.585,232.692,0,NA,NA,NA,NA,15.317,NA,6.782,31.757,13.281
05/18/2024 10:00:00 AM,696.05,26.743,2.12,355.458,75.981,304.096,0,NA,NA,NA,NA,40.972,NA,3.328,33.122,13.973
05/18/2024 11:00:00 AM,695.972,27.449,5.052,325.674,75.578,462.84,0,NA,NA,NA,NA,55.992,NA,1.313,19.629,10.533
05/18/2024 12:00:00 PM,695.459,28.051,5.158,330.885,73.255,484.686,0,NA,NA,NA,NA,57.799,NA,1.224,16.397,9.367
05/18/2024 01:00:00 PM,695.171,28.873,4.532,301.807,69.403,431.519,0,NA,NA,NA,NA,52.517,NA,1.083,15.467,8.476
05/18/2024 02:00:00 PM,694.431,28.777,4.265,321.973,68.577,282.25,0,NA,NA,NA,NA,44.617,NA,1.199,12.462,7.178
05/18/2024 03:00:00 PM,693.931,28.473,4.441,334.664,70.618,237.784,0,NA,NA,NA,NA,41.544,NA,1.387,11.091,6.717
05/18/2024 04:00:00 PM,693.453,28.477,3.279,343.388,68.693,198.521,0,NA,NA,NA,NA,41.098,NA,1.482,10.446,6.079
05/18/2024 05:00:00 PM,693.561,28.755,1.69,313.062,66.316,108.733,0,NA,NA,NA,NA,40.211,NA,1.259,10.708,5.552
05/18/2024 06:00:00 PM,693.682,27.945,1.622,306.523,71.001,32.866,0,NA,NA,NA,NA,36.953,NA,1.425,15.036,6.752
05/18/2024 07:00:00 PM,694.345,27.171,1.154,21.163,75.278,0.773,0,NA,NA,NA,NA,14.55,NA,2.48,27.099,10.516
05/18/2024 08:00:00 PM,694.907,26.781,1.689,97.73,75.183,0,0,NA,NA,NA,NA,21.521,NA,2.329,22.568,9.532
05/18/2024 09:00:00 PM,695.203,26.47,1.699,41.679,73.267,0,0,NA,NA,NA,NA,20.552,NA,2.456,20.458,8.947
05/18/2024 10:00:00 PM,695.736,25.836,0.914,8.326,74.548,0,0,NA,NA,NA,NA,14.204,NA,2.501,20.352,9.337
05/18/2024 11:00:00 PM,695.817,25.3,0.702,258.569,75.471,0,0,NA,NA,NA,NA,9.215,NA,2.612,21.575,10.517
05/19/2024 12:00:00 AM,695.608,24.852,0.705,163.065,76.587,0,0,NA,NA,NA,NA,4.384,NA,2.894,27.394,13.421
05/19/2024 01:00:00 AM,695.292,23.904,1.089,41.269,79.557,0,0,NA,NA,NA,NA,11.662,NA,3.579,18.326,8.397
05/19/2024 02:00:00 AM,694.822,23.573,0.738,78.4,80.791,0,0,NA,NA,NA,NA,7.425,NA,4.199,16.455,7.683
05/19/2024 03:00:00 AM,694.087,22.932,0.623,61.814,83.592,0,0,NA,NA,NA,NA,4.247,NA,5.096,17.112,8.092
05/19/2024 04:00:00 AM,693.783,22.886,0.78,18.508,82.329,0,0,NA,NA,NA,NA,5.046,NA,4.667,16.115,7.24
05/19/2024 05:00:00 AM,693.833,22.629,0.556,14.98,82.733,0,0,NA,NA,NA,NA,3.926,NA,4.258,13.541,6.821
05/19/2024 06:00:00 AM,693.729,22.887,1.328,223.85,82.14,2.481,0,NA,NA,NA,NA,4.332,NA,4.845,15.529,7.649
05/19/2024 07:00:00 AM,693.766,23.477,1.338,183.574,80.246,121.606,0,NA,NA,NA,NA,6.646,NA,5.506,17.947,8.765
05/19/2024 08:00:00 AM,694.156,25.597,1.117,46.528,74.108,249.657,0,NA,NA,NA,NA,9.325,NA,5.374,21.749,10.6
05/19/2024 09:00:00 AM,694.702,27.08,1.297,22.732,69.544,403.309,0,NA,NA,NA,NA,21.944,NA,5.09,19.422,8.848
05/19/2024 10:00:00 AM,694.616,28.707,1.894,280.299,62.076,410.172,0,NA,NA,NA,NA,42.83,NA,3.755,17.585,7.213
05/19/2024 11:00:00 AM,694.125,29.273,3.072,353.989,61.028,435.193,0,NA,NA,NA,NA,60.832,NA,3.487,16.881,7.692
05/19/2024 12:00:00 PM,693.807,29.089,3.192,332.153,65.638,256.891,0,NA,NA,NA,NA,55.304,NA,2.907,15.339,6.768
05/19/2024 01:00:00 PM,693.578,28.677,4.378,320.707,71.279,246,0,NA,NA,NA,NA,50.119,NA,3.066,16.848,8.132
05/19/2024 02:00:00 PM,693.081,29.034,4.267,334.165,70.906,314.247,0,NA,NA,NA,NA,50.373,NA,2.892,17.636,10.608
05/19/2024 03:00:00 PM,692.629,29.045,4.504,320.296,69.707,309.268,0,NA,NA,NA,NA,50.997,NA,3.472,17.881,11.537
05/19/2024 04:00:00 PM,692.353,28.511,3.1,332.368,68.716,151.283,0,NA,NA,NA,NA,47.523,NA,3.254,12.867,7.847
05/19/2024 05:00:00 PM,692.14,28.877,1.885,302.364,68.268,100.774,0,NA,NA,NA,NA,47.448,NA,3.057,13.708,8.283
05/19/2024 06:00:00 PM,692.273,28.58,1.602,310.092,71.956,48.139,0,NA,NA,NA,NA,41.496,NA,3.778,14.614,8.787
05/19/2024 07:00:00 PM,692.716,27.65,1.646,351.585,75.846,0.676,0,NA,NA,NA,NA,23.731,NA,4.626,21.152,10.771
05/19/2024 08:00:00 PM,693.227,27.159,1.113,92.367,78.347,0,0,NA,NA,NA,NA,25.111,NA,5.005,23.208,10.844
05/19/2024 09:00:00 PM,693.632,26.741,1.23,91.575,79.401,0,0,NA,NA,NA,NA,21.058,NA,4.891,21.785,10.827
05/19/2024 10:00:00 PM,693.932,25.96,1.648,28.265,80.5,0,0,NA,NA,NA,NA,21.867,NA,4.215,18.206,9.973
05/19/2024 11:00:00 PM,694.199,26.017,1.345,62.007,76.961,0,0,NA,NA,NA,NA,19.863,NA,4.577,15.85,8.437
05/20/2024 12:00:00 AM,694.076,25.47,1.023,66.543,77.786,0,0,NA,NA,NA,NA,17.071,NA,4.345,14.623,8.078
05/20/2024 01:00:00 AM,693.755,24.871,1.398,64.376,78.102,0,0,NA,NA,NA,NA,17.903,NA,2.516,13.567,6.956
05/20/2024 02:00:00 AM,693.273,24.762,1.172,95.045,76.112,0,0,NA,NA,NA,NA,20.799,NA,1.156,10.623,5.769
05/20/2024 03:00:00 AM,693.007,24.577,1.232,82.42,76.397,0,0,NA,NA,NA,NA,16.108,NA,1.6,11.234,5.949
05/20/2024 04:00:00 AM,693.184,24.296,0.835,50.394,77.148,0,0,NA,NA,NA,NA,13.637,NA,1.261,10.977,5.777
05/20/2024 05:00:00 AM,692.94,23.896,0.669,243.804,80.494,0,0,NA,NA,NA,NA,5.43,NA,3.153,13.213,7.028
05/20/2024 06:00:00 AM,692.918,23.357,0.857,188.608,83.736,1.369,0,NA,NA,NA,NA,3.926,NA,3.99,20.629,9.461
05/20/2024 07:00:00 AM,693.199,24.063,1.233,55.309,76.936,81.731,0,NA,NA,NA,NA,5.384,NA,2.34,21.294,9.095
05/20/2024 08:00:00 AM,693.435,26.549,1.317,343.675,68.809,235.898,0,NA,NA,NA,NA,15.709,NA,1.382,16.759,7.265
05/20/2024 09:00:00 AM,693.506,27.579,1.405,251.001,71.634,347.198,0,NA,NA,NA,NA,35.252,NA,1.79,24.089,11.645
05/20/2024 10:00:00 AM,693.32,28.877,1.664,265.77,65.607,425.961,0,NA,NA,NA,NA,65.614,NA,0.634,27.257,11.538
05/20/2024 11:00:00 AM,693.008,30.655,2.783,351.601,58.592,501.377,0,NA,NA,NA,NA,72.174,NA,0.418,17.722,8.588
05/20/2024 12:00:00 PM,692.539,30.642,4.419,301.626,63.988,510.577,0,NA,NA,NA,NA,69.188,NA,0.644,18.306,8.867
05/20/2024 01:00:00 PM,691.996,31.175,4.787,321.601,61.066,536.177,0,NA,NA,NA,NA,61.07,NA,0.507,14.677,7.823
05/20/2024 02:00:00 PM,691.434,31.232,6.02,328.463,61.359,443.909,0,NA,NA,NA,NA,55.988,NA,-999,14.166,7.392
05/20/2024 03:00:00 PM,691.143,30.317,6.047,324.217,66.714,345.776,0,NA,NA,NA,NA,57.823,NA,0.425,16.321,9.729
05/20/2024 04:00:00 PM,691.136,29.536,5.329,320.321,68.421,164.542,0,NA,NA,NA,NA,63.141,NA,0.693,15.781,9.676
05/20/2024 05:00:00 PM,691.247,28.324,4.05,319.595,67.619,41.792,0,NA,NA,NA,NA,43.654,NA,1.027,19.776,8.703
05/20/2024 06:00:00 PM,691.326,27.593,1.951,359.096,68.509,6.734,0,NA,NA,NA,NA,25.922,NA,0.932,25.767,11.642
05/20/2024 07:00:00 PM,692.078,26.801,1.769,323.94,71.628,0.064,0,NA,NA,NA,NA,21.662,NA,1.056,25.844,9.74
05/20/2024 08:00:00 PM,693.151,26.628,2.551,97.386,67.903,0,0,NA,NA,NA,NA,17.012,NA,1.259,18.332,5.862
05/20/2024 09:00:00 PM,693.626,26.398,1.581,78.666,70.715,0,0,NA,NA,NA,NA,16.283,NA,1.347,17.156,7.049
05/20/2024 10:00:00 PM,693.784,26.217,1.764,59.111,70.754,0,0,NA,NA,NA,NA,14.341,NA,1.729,16.799,6.592
05/20/2024 11:00:00 PM,694.047,25.637,1.117,93.761,74.693,0,0,NA,NA,NA,NA,7.413,NA,3.506,17.998,8.025
05/21/2024 12:00:00 AM,693.94,25.399,1.012,63.465,74.014,0,0,NA,NA,NA,NA,10.286,NA,1.967,14.467,6.084
05/21/2024 01:00:00 AM,693.372,24.414,0.866,229.115,82.016,0,0,NA,NA,NA,NA,3.926,NA,8.219,21.105,10.237
05/21/2024 02:00:00 AM,693.235,23.836,0.988,347.575,84.371,0,0,NA,NA,NA,NA,3.926,NA,12.064,21.791,10.786
05/21/2024 03:00:00 AM,693.213,23.904,1.21,330.38,81.506,0,0,NA,NA,NA,NA,3.938,NA,6.836,17.119,8.215
05/21/2024 04:00:00 AM,693.676,23.363,0.75,351.046,85.403,0,0,NA,NA,NA,NA,3.926,NA,5.125,16.118,7.655
05/21/2024 05:00:00 AM,693.708,23.011,1.049,12.013,89.463,0,0.4,NA,NA,NA,NA,3.926,NA,3.993,15.801,7.867
05/21/2024 06:00:00 AM,694.274,22.29,1.319,82.949,94.243,0,2,NA,NA,NA,NA,3.926,NA,3.7,14.698,6.571
05/21/2024 07:00:00 AM,694.774,21.946,1.468,323.951,94.369,1.707,0.4,NA,NA,NA,NA,4.257,NA,3.89,15.247,6.011
05/21/2024 08:00:00 AM,695.398,21.865,1.016,19.897,94.053,18.044,0.4,NA,NA,NA,NA,3.926,NA,4.442,22.885,6.495
05/21/2024 09:00:00 AM,695.673,22.452,1.051,66.933,92.937,67.263,0,NA,NA,NA,NA,6.539,NA,4.67,23.765,6.947
05/21/2024 10:00:00 AM,695.807,23.306,1.445,269.407,90.145,117.546,0,NA,NA,NA,NA,12.141,NA,7.312,15.377,6.792
05/21/2024 11:00:00 AM,695.575,24.063,1.871,245.164,90.055,248.9,0,NA,NA,NA,NA,13.309,NA,7.439,28.198,12.88
05/21/2024 12:00:00 PM,695.031,26.673,1.337,21.236,80.162,319.515,0,NA,NA,NA,NA,40.897,NA,6.339,29.713,15.598
05/21/2024 01:00:00 PM,694.274,27.205,1.868,258.782,75.427,354.025,0,NA,NA,NA,NA,84.755,NA,5.5,24.281,15.517
05/21/2024 02:00:00 PM,693.09,28.1,3.435,354.657,71.982,282.282,0,NA,NA,NA,NA,85.74,NA,2.708,17.253,11.098
05/21/2024 03:00:00 PM,692.359,27.467,4.696,322.588,75.806,274.275,0,NA,NA,NA,NA,47.941,NA,2.408,8.773,4.056
05/21/2024 04:00:00 PM,691.974,26.812,3.548,326.536,78.199,210.829,0,NA,NA,NA,NA,36.238,NA,2.491,6.19,2.431
05/21/2024 05:00:00 PM,692.169,26.108,4,335.949,81.187,109.168,0,NA,NA,NA,NA,33.016,NA,2.47,5.916,2.184
05/21/2024 06:00:00 PM,693.06,25.015,4.15,313.342,83.535,15.66,0,NA,NA,NA,NA,31.478,NA,2.938,5.386,2.376
05/21/2024 07:00:00 PM,693.745,24.386,2.079,318.622,86.578,0.241,0,NA,NA,NA,NA,27.998,NA,3.173,6.167,2.621
05/21/2024 08:00:00 PM,694.355,24.295,1.462,31.192,87.916,0,0,NA,NA,NA,NA,15.788,NA,3.363,10.257,3.705
05/21/2024 09:00:00 PM,694.781,24.206,1.315,73.419,87.661,0,0,NA,NA,NA,NA,13.63,NA,3.139,11.377,4.308
05/21/2024 10:00:00 PM,695.252,24.095,1.726,86.528,87.219,0,0,NA,NA,NA,NA,12.698,NA,3.765,11.57,4.581
05/21/2024 11:00:00 PM,695.593,23.842,2.685,74.322,85.402,0,0,NA,NA,NA,NA,20.707,NA,3.121,8.315,3.508
05/22/2024 12:00:00 AM,695.29,23.53,2.061,73.276,85.506,0,0,NA,NA,NA,NA,24.131,NA,2.86,8.699,3.386
05/22/2024 01:00:00 AM,694.997,23.359,1.021,70.758,85.772,0,0,NA,NA,NA,NA,18.708,NA,2.468,12.075,4.23
05/22/2024 02:00:00 AM,694.392,22.89,1.116,54.048,88.321,0,0,NA,NA,NA,NA,9.254,NA,3.634,12.757,4.928
05/22/2024 03:00:00 AM,693.912,22.128,0.731,23.93,91.097,0,0,NA,NA,NA,NA,6.501,NA,2.882,15.428,4.581
05/22/2024 04:00:00 AM,693.622,21.93,0.923,181.854,92.976,0,0,NA,NA,NA,NA,3.926,NA,4.922,15.444,5.643
05/22/2024 05:00:00 AM,693.972,21.52,0.738,262.214,93.138,0,0,NA,NA,NA,NA,3.926,NA,4.46,16.603,5.549
05/22/2024 06:00:00 AM,694.622,21.368,0.713,248.996,94.982,0.644,0,NA,NA,NA,NA,3.926,NA,7.424,23.632,9.571
05/22/2024 07:00:00 AM,695.001,22.446,1.224,172.983,89.898,105.366,0,NA,NA,NA,NA,3.926,NA,6.698,21.149,8.286
05/22/2024 08:00:00 AM,695.272,24.539,1.472,348.855,81.18,235.045,0,NA,NA,NA,NA,3.926,NA,4.216,25.078,8.537
05/22/2024 09:00:00 AM,695.394,26.289,1.706,352.026,77.569,360.598,0,NA,NA,NA,NA,16.585,NA,3.972,25.612,9.761
05/22/2024 10:00:00 AM,695.549,27.839,2.395,328.739,71.07,462.759,0,NA,NA,NA,NA,44.451,NA,3.473,27.8,11.829
05/22/2024 11:00:00 AM,695.284,29.362,4.206,336.282,63.11,532.327,0,NA,NA,NA,NA,66.235,NA,1.553,14.218,6.5
05/22/2024 12:00:00 PM,694.91,29.059,5.633,327.191,69.459,549.485,0,NA,NA,NA,NA,61.212,NA,1.063,12.692,5.684
05/22/2024 01:00:00 PM,694.502,29.291,5.385,334.907,68.853,509.32,0,NA,NA,NA,NA,55.343,NA,1.21,10.144,5.114
05/22/2024 02:00:00 PM,693.922,29.469,5.449,333.458,68.302,462.92,0,NA,NA,NA,NA,47.458,NA,1.315,9.516,4.703
05/22/2024 03:00:00 PM,693.327,29.894,5.503,319.532,67,429.312,0,NA,NA,NA,NA,44.463,NA,1.62,8.326,4.141
05/22/2024 04:00:00 PM,692.989,30.366,4.559,331.035,65.048,320.305,0,NA,NA,NA,NA,47.607,NA,1.354,8.834,4.341
05/22/2024 05:00:00 PM,692.996,28.948,2.94,317.171,67.806,145.692,0,NA,NA,NA,NA,39.329,NA,1.591,24.545,7.441
05/22/2024 06:00:00 PM,693.369,27.437,2.772,96.571,76.345,14.177,0,NA,NA,NA,NA,30.761,NA,1.999,12.997,5.973
05/22/2024 07:00:00 PM,694.086,26.017,3.772,347.414,80.509,0,0,NA,NA,NA,NA,28.588,NA,2.466,9.659,4.392
05/22/2024 08:00:00 PM,694.74,24.679,2.182,321.708,83.386,0,0,NA,NA,NA,NA,24.657,NA,3.096,8.139,3.866
05/22/2024 09:00:00 PM,695.667,24.589,1.376,28.425,84.441,0,0,NA,NA,NA,NA,25.628,NA,2.788,10.214,4.446
05/22/2024 10:00:00 PM,696.228,24.439,1.184,58.014,87.385,0,0,NA,NA,NA,NA,13.892,NA,3.907,11.617,5.31
05/22/2024 11:00:00 PM,696.405,24.346,1.283,39.249,88.201,0,0,NA,NA,NA,NA,11.064,NA,3.007,12.122,5.029
05/23/2024 12:00:00 AM,696.212,23.957,1.206,28.39,89.245,0,0,NA,NA,NA,NA,5.26,NA,3.225,13.459,5.08
05/23/2024 01:00:00 AM,695.912,23.848,1.114,58.484,89.281,0,0,NA,NA,NA,NA,4.565,NA,3.019,13.284,5.086
05/23/2024 02:00:00 AM,695.488,23.559,1.302,78.771,90.599,0,0,NA,NA,NA,NA,3.926,NA,3.656,14.222,5.106
05/23/2024 03:00:00 AM,695.128,23.247,1.221,37.43,91.324,0,0,NA,NA,NA,NA,3.926,NA,3.101,15.911,5.295
05/23/2024 04:00:00 AM,694.986,23.292,1.048,28.838,91.358,0,0,NA,NA,NA,NA,5.068,NA,3.344,13.887,5.116
05/23/2024 05:00:00 AM,694.814,23.274,0.974,76.028,90.227,0,0,NA,NA,NA,NA,5.117,NA,3.035,15.217,5.202
05/23/2024 06:00:00 AM,695.065,22.934,0.985,23.694,91.091,1.45,0,NA,NA,NA,NA,3.926,NA,3.322,17.663,5.782
05/23/2024 07:00:00 AM,695.724,23.357,0.957,92.597,89.359,56.066,0,NA,NA,NA,NA,3.926,NA,4.259,20.214,6.844
05/23/2024 08:00:00 AM,696.213,24.35,1.173,243.923,88.5,124.925,0,NA,NA,NA,NA,3.926,NA,8.252,23.866,9.367
05/23/2024 09:00:00 AM,696.241,25.386,1.266,305.628,85.568,187.485,0,NA,NA,NA,NA,5.64,NA,10.123,33.692,13.417
05/23/2024 10:00:00 AM,695.941,27.67,1.626,264.175,78,380.947,0,NA,NA,NA,NA,34.082,NA,7.491,44.863,18.641
05/23/2024 11:00:00 AM,695.928,28.125,3.422,261.088,73.56,363.659,0,NA,NA,NA,NA,59.716,NA,3.653,25.97,10.347
05/23/2024 12:00:00 PM,695.944,28.038,6.14,326.082,76.541,485.637,0,NA,NA,NA,NA,47.743,NA,2.333,-999,-999
05/23/2024 01:00:00 PM,695.656,27.73,4.441,331.441,76.325,189.595,0,NA,NA,NA,NA,34.632,NA,2.477,-999,-999
05/23/2024 02:00:00 PM,695.108,27.968,4.228,331.628,75.726,419.871,0,NA,NA,NA,NA,33.087,NA,2.629,-999,-999
05/23/2024 03:00:00 PM,694.472,28.224,3.675,348.091,73.098,224.073,0,NA,NA,NA,NA,35.818,NA,2.304,-999,-999
05/23/2024 04:00:00 PM,694.133,27.83,3.508,359.26,75.242,113.792,0,NA,NA,NA,NA,31.435,NA,3.046,-999,-999
05/23/2024 05:00:00 PM,693.929,27.381,3.191,325.338,77.982,89.851,0,NA,NA,NA,NA,31.614,NA,3.106,-999,-999
05/23/2024 06:00:00 PM,694.532,26.833,2.977,341.558,81.679,50.073,0,NA,NA,NA,NA,28.112,NA,2.967,-999,-999
05/23/2024 07:00:00 PM,694.78,26.255,2.248,342.165,84.332,0.08,0,NA,NA,NA,NA,18.949,NA,3.64,-999,-999
05/23/2024 08:00:00 PM,695.208,25.527,1.345,24.241,86.946,0,0,NA,NA,NA,NA,14.424,NA,3.417,-999,-999
05/23/2024 09:00:00 PM,695.606,24.859,1.293,16.232,87.972,0,0,NA,NA,NA,NA,10.084,NA,3.281,-999,-999
05/23/2024 10:00:00 PM,696.401,24.418,1.424,17.145,87.887,0,0,NA,NA,NA,NA,7.113,NA,3.089,-999,-999
05/23/2024 11:00:00 PM,696.766,24.225,1.152,103.407,87.773,0,0,NA,NA,NA,NA,5.427,NA,3.007,-999,-999
05/24/2024 12:00:00 AM,696.7,23.756,1.605,29.893,89.096,0,0,NA,NA,NA,NA,5.81,NA,2.953,-999,-999
05/24/2024 01:00:00 AM,696.388,23.52,1.521,68.533,87.966,0,0,NA,NA,NA,NA,6.883,NA,2.222,-999,-999
05/24/2024 02:00:00 AM,696.017,23.458,1.523,78.725,86.979,0,0,NA,NA,NA,NA,6.503,NA,2.146,-999,-999
05/24/2024 03:00:00 AM,695.547,23.481,1.747,56.829,86.06,0,0,NA,NA,NA,NA,6.71,NA,2.148,-999,-999
05/24/2024 04:00:00 AM,695.327,23.063,1.304,76.292,89.283,0,0,NA,NA,NA,NA,3.926,NA,3.293,-999,-999
05/24/2024 05:00:00 AM,695.255,23.113,1.171,82.137,88.94,0,0,NA,NA,NA,NA,3.926,NA,2.526,-999,-999
05/24/2024 06:00:00 AM,695.601,23.234,1.266,47.035,87.392,0.499,0,NA,NA,NA,NA,3.926,NA,2.189,-999,-999
05/24/2024 07:00:00 AM,695.582,23.197,1.281,52.289,88.625,17.271,0,NA,NA,NA,NA,3.926,NA,2.81,-999,-999
05/24/2024 08:00:00 AM,695.728,23.742,1.099,34.478,87.157,105.382,0,NA,NA,NA,NA,7.386,NA,2.196,-999,-999
05/24/2024 09:00:00 AM,696.053,25.105,1.665,304.555,84.705,192.286,0,NA,NA,NA,NA,12.304,NA,3.711,-999,-999
05/24/2024 10:00:00 AM,696.167,26.944,1.473,267.35,78.412,288.34,0,NA,NA,NA,NA,26.313,NA,5.746,-999,-999
05/24/2024 11:00:00 AM,695.781,28.44,2.033,303.773,69.645,532.117,0,NA,NA,NA,NA,58.405,NA,3.084,-999,-999
05/24/2024 12:00:00 PM,695.262,28.756,4.728,320.006,70.449,579.548,0,NA,NA,NA,NA,52.212,NA,1.839,-999,-999
05/24/2024 01:00:00 PM,695.066,28.791,4.826,308.132,71.397,445.939,0,NA,NA,NA,NA,35.66,NA,1.537,-999,-999
05/24/2024 02:00:00 PM,694.638,27.602,5.417,337.032,76.233,255.522,0,NA,NA,NA,NA,32.874,NA,2.06,-999,-999
05/24/2024 03:00:00 PM,694.286,25.928,4.259,346.882,84.539,143.534,0,NA,NA,NA,NA,32.899,NA,2.534,-999,-999
05/24/2024 04:00:00 PM,693.939,25.477,4.169,345.148,84.862,103.256,0,NA,NA,NA,NA,34.38,NA,2.842,-999,-999
05/24/2024 05:00:00 PM,693.867,25.017,2.846,348.222,85.864,90.624,0,NA,NA,NA,NA,30.081,NA,2.634,-999,-999
05/24/2024 06:00:00 PM,694.282,25.076,2.009,315.402,85.146,35.621,0,NA,NA,NA,NA,17.182,NA,2.643,-999,-999
05/24/2024 07:00:00 PM,694.453,25.036,1.402,35.79,85.54,1.997,0,NA,NA,NA,NA,16.767,NA,2.978,-999,-999
05/24/2024 08:00:00 PM,694.887,24.819,1.282,60.02,86.981,0,0,NA,NA,NA,NA,14.66,NA,2.919,-999,-999
05/24/2024 09:00:00 PM,695.521,24.538,1.283,66.393,88.896,0,0,NA,NA,NA,NA,8.327,NA,2.7,-999,-999
05/24/2024 10:00:00 PM,695.966,24.336,1.077,73.807,89.488,0,0,NA,NA,NA,NA,7.125,NA,2.991,-999,-999
05/24/2024 11:00:00 PM,696.243,24.018,0.995,94.803,90.642,0,0,NA,NA,NA,NA,5.579,NA,3.084,-999,-999
05/25/2024 12:00:00 AM,695.858,23.413,1.505,27.653,91.596,0,0,NA,NA,NA,NA,5.422,NA,2.519,-999,-999
05/25/2024 01:00:00 AM,696.105,23.177,1.379,59.54,91.73,0,0,NA,NA,NA,NA,3.943,NA,1.868,-999,-999
05/25/2024 02:00:00 AM,695.671,23.038,1.092,93.646,91.289,0,0,NA,NA,NA,NA,3.926,NA,1.793,-999,-999
05/25/2024 03:00:00 AM,694.976,22.956,1.324,82.314,90.924,0,0,NA,NA,NA,NA,4.02,NA,1.664,-999,-999
05/25/2024 04:00:00 AM,694.86,22.765,1.321,57.31,91.142,0,0,NA,NA,NA,NA,3.926,NA,1.304,-999,-999
05/25/2024 05:00:00 AM,694.969,22.678,1.331,9.96,89.735,0,0,NA,NA,NA,NA,3.926,NA,1.271,-999,-999
05/25/2024 06:00:00 AM,695.067,22.475,1.29,107.457,89.054,0.612,0,NA,NA,NA,NA,3.926,NA,1.58,-999,-999
05/25/2024 07:00:00 AM,695.288,22.731,1.053,137.932,86.624,25.791,0,NA,NA,NA,NA,3.926,NA,2.647,-999,-999
05/25/2024 08:00:00 AM,695.32,23.769,0.937,122.997,81.047,53.811,0,NA,NA,NA,NA,3.926,NA,1.896,-999,-999
05/25/2024 09:00:00 AM,695.374,24.463,1.545,84.473,81.282,99.437,0,NA,NA,NA,NA,3.926,NA,3.876,-999,-999
05/25/2024 10:00:00 AM,695.73,25.056,1.987,350.648,83.477,233.643,0,NA,NA,NA,NA,10.837,NA,3.459,-999,-999
05/25/2024 11:00:00 AM,695.716,26.353,4.763,315.596,79.967,346.26,0,NA,NA,NA,NA,37.35,NA,1.267,-999,-999
05/25/2024 12:00:00 PM,695.237,27.03,5.559,323.563,76.997,453.994,0,NA,NA,NA,NA,37.073,NA,0.85,-999,-999
05/25/2024 01:00:00 PM,694.716,28.156,4.579,323.994,73.406,400.312,0,NA,NA,NA,NA,36.34,NA,0.768,-999,-999
05/25/2024 02:00:00 PM,694.302,28.082,5.408,326.299,73.557,391.04,0,NA,NA,NA,NA,36.438,NA,0.967,-999,-999
05/25/2024 03:00:00 PM,693.8,27.93,4.984,339.986,74.311,177.109,0,NA,NA,NA,NA,34.306,NA,1.617,-999,-999
05/25/2024 04:00:00 PM,693.56,27.104,4.338,343.94,77.687,114.904,0,NA,NA,NA,NA,31.166,NA,1.368,-999,-999
05/25/2024 05:00:00 PM,693.523,26.984,3.494,331.605,77.73,69.519,0,NA,NA,NA,NA,31.364,NA,1.502,-999,-999
05/25/2024 06:00:00 PM,693.833,26.588,2.718,326.515,79.898,18.801,0,NA,NA,NA,NA,28.96,NA,1.189,-999,-999
05/25/2024 07:00:00 PM,694.5,26.049,2.089,320.868,82.735,0.161,0,NA,NA,NA,NA,28.587,NA,1.654,-999,-999
05/25/2024 08:00:00 PM,694.927,25.738,1.398,5.295,84.882,0,0,NA,NA,NA,NA,19.094,NA,1.878,-999,-999
05/25/2024 09:00:00 PM,695.319,25.409,1.204,8.461,85.308,0,0,NA,NA,NA,NA,12.638,NA,2.308,-999,-999
05/25/2024 10:00:00 PM,695.684,25.048,1.035,58.784,85.313,0,0,NA,NA,NA,NA,10.134,NA,2.208,-999,-999
05/25/2024 11:00:00 PM,695.976,24.517,1.05,46.923,86.382,0,0,NA,NA,NA,NA,6.376,NA,2.215,-999,-999
05/26/2024 12:00:00 AM,696.148,23.93,1.204,33.361,86.095,0,0,NA,NA,NA,NA,7.36,NA,1.854,-999,-999
05/26/2024 01:00:00 AM,695.853,23.662,1.373,102.386,85.38,0,0,NA,NA,NA,NA,8.087,NA,2.11,-999,-999
05/26/2024 02:00:00 AM,695.473,23.559,1.817,97.007,84.236,0,0,NA,NA,NA,NA,8.265,NA,2.053,-999,-999
05/26/2024 03:00:00 AM,695.079,23.453,1.69,32.408,82.962,0,0,NA,NA,NA,NA,8.569,NA,2.499,-999,-999
05/26/2024 04:00:00 AM,694.8,22.865,1.147,86.851,84.731,0,0,NA,NA,NA,NA,5.704,NA,2.479,-999,-999
05/26/2024 05:00:00 AM,694.587,22.657,0.774,260.48,87.567,0,0,NA,NA,NA,NA,3.926,NA,5.482,-999,-999
05/26/2024 06:00:00 AM,694.44,22.954,1.414,18.454,84.974,0.531,0,NA,NA,NA,NA,3.926,NA,3.454,-999,-999
05/26/2024 07:00:00 AM,694.735,22.971,1.265,2.122,82.643,49.718,0,NA,NA,NA,NA,3.926,NA,3.37,-999,-999
05/26/2024 08:00:00 AM,694.922,23.835,1.629,42.953,79.339,150.091,0,NA,NA,NA,NA,7.985,NA,2.235,-999,-999
05/26/2024 09:00:00 AM,695.188,25.005,1.926,112.45,77.552,235.737,0,NA,NA,NA,NA,11.178,NA,2.496,-999,-999
05/26/2024 10:00:00 AM,695.411,25.964,3.695,359.384,79.647,319.676,0,NA,NA,NA,NA,32.218,NA,2.241,-999,-999
05/26/2024 11:00:00 AM,695.523,26.432,4.289,340.632,78.622,205.577,0,NA,NA,NA,NA,40.514,NA,1.893,-999,-999
05/26/2024 12:00:00 PM,695.578,26.001,4.47,323.884,80.135,187.694,0,NA,NA,NA,NA,40.484,NA,2.045,-999,-999
05/26/2024 01:00:00 PM,695.228,26.57,3.796,334.69,77.899,282.347,0,NA,NA,NA,NA,38.352,NA,1.858,-999,-999
05/26/2024 02:00:00 PM,694.532,28.087,3.848,355.338,72.159,446.503,0,NA,NA,NA,NA,43.516,NA,2.312,-999,-999
05/26/2024 03:00:00 PM,693.84,28.591,3.854,327.536,70.297,236.075,0,NA,NA,NA,NA,40.214,NA,1.922,-999,-999
05/26/2024 04:00:00 PM,693.235,28.392,3.735,351.399,72.729,244.856,0,NA,NA,NA,NA,39.736,NA,2.384,-999,-999
05/26/2024 05:00:00 PM,693.143,28.189,2.959,337.47,73.585,84.341,0,NA,NA,NA,NA,36.134,NA,2.012,-999,-999
05/26/2024 06:00:00 PM,693.449,27.385,2.797,310.924,77.485,21.959,0,NA,NA,NA,NA,34.151,NA,3.462,-999,-999
05/26/2024 07:00:00 PM,693.688,26.569,1.906,345.346,81.031,1.127,0,NA,NA,NA,NA,25.695,NA,3.166,-999,-999
05/26/2024 08:00:00 PM,693.923,25.912,1.138,42.808,83.516,0,0,NA,NA,NA,NA,16.936,NA,3.458,-999,-999
05/26/2024 09:00:00 PM,694.734,25.413,1.358,93.464,81.438,0,0,NA,NA,NA,NA,10.527,NA,3.577,-999,-999
05/26/2024 10:00:00 PM,695.366,25.512,1.124,73.018,76.673,0,0,NA,NA,NA,NA,11.092,NA,3.117,-999,-999
05/26/2024 11:00:00 PM,695.71,24.751,1.154,310.309,82.583,0,0,NA,NA,NA,NA,3.926,NA,5.452,-999,-999
05/27/2024 12:00:00 AM,695.875,24.755,1.45,96.75,80.662,0,0,NA,NA,NA,NA,11.278,NA,3.113,-999,-999
05/27/2024 01:00:00 AM,695.246,23.355,2.195,109.233,82.33,0,0.6,NA,NA,NA,NA,19.87,NA,1.808,-999,-999
05/27/2024 02:00:00 AM,694.493,23.529,2.933,86.846,78.145,0,0,NA,NA,NA,NA,25.382,NA,0.778,-999,-999
05/27/2024 03:00:00 AM,694.032,23.294,1.299,116.69,79.562,0,0,NA,NA,NA,NA,19.317,NA,1.11,-999,-999
05/27/2024 04:00:00 AM,694.101,22.608,0.975,299.877,82.925,0,0,NA,NA,NA,NA,11.419,NA,1.609,-999,-999
05/27/2024 05:00:00 AM,694.547,22.101,1.246,77.62,87.383,0,0,NA,NA,NA,NA,5.838,NA,4.941,-999,-999
05/27/2024 06:00:00 AM,694.883,22.247,1.629,104.514,83.215,0.547,0,NA,NA,NA,NA,6.156,NA,1.348,-999,-999
05/27/2024 07:00:00 AM,695.399,22.402,1.244,86.81,84.367,35.557,0,NA,NA,NA,NA,3.926,NA,2.823,-999,-999
05/27/2024 08:00:00 AM,695.669,23.715,1.24,310.149,84.172,235.979,0,NA,NA,NA,NA,3.926,NA,5.949,-999,-999
05/27/2024 09:00:00 AM,695.839,26.236,1.446,325.729,75.889,364.562,0,NA,NA,NA,NA,16.337,NA,3.443,-999,-999
05/27/2024 10:00:00 AM,695.725,27.584,1.865,333.854,70.529,294.285,0,NA,NA,NA,NA,44.477,NA,2.129,-999,-999
05/27/2024 11:00:00 AM,695.233,28.675,1.96,350.424,63.213,270.054,0,NA,NA,NA,NA,55.936,NA,0.839,-999,-999
05/27/2024 12:00:00 PM,694.757,28.553,3.161,319.513,63.868,332.372,0,NA,NA,NA,NA,50.599,NA,0.397,-999,-999
05/27/2024 01:00:00 PM,694.309,29.138,3.827,0.931,62.56,319.628,0.2,NA,NA,NA,NA,45.919,NA,0.393,-999,-999
05/27/2024 02:00:00 PM,693.722,29.953,4.016,349.325,59.189,344.278,0,NA,NA,NA,NA,45.99,NA,0.861,-999,-999
05/27/2024 03:00:00 PM,693.204,29.727,4.231,349.549,63.693,255.409,0,NA,NA,NA,NA,42.506,NA,-999,-999,-999
05/27/2024 04:00:00 PM,692.892,29.65,5.218,322.95,65.614,267.879,0,NA,NA,NA,NA,41.324,NA,0.31,-999,-999
05/27/2024 05:00:00 PM,692.699,29.87,2.981,316.268,68.065,214.97,0,NA,NA,NA,NA,39.011,NA,0.378,-999,-999
05/27/2024 06:00:00 PM,692.931,28.656,3.158,340.407,73.627,59.466,0,NA,NA,NA,NA,36.609,NA,0.695,-999,-999
05/27/2024 07:00:00 PM,693.851,26.589,2.114,344.144,85.136,0,0.4,NA,NA,NA,NA,21.639,NA,2.197,-999,-999
05/27/2024 08:00:00 PM,694.629,25.534,1.44,58.475,90.704,0,0.2,NA,NA,NA,NA,19.116,NA,2.165,-999,-999
05/27/2024 09:00:00 PM,695.426,25.144,1.718,307.296,91.472,0,0,NA,NA,NA,NA,19.006,NA,2.185,-999,-999
05/27/2024 10:00:00 PM,696.215,22.973,2.858,323.282,87.618,0,0,NA,NA,NA,NA,25.597,NA,1.681,-999,-999
05/27/2024 11:00:00 PM,696.242,22.528,1.103,324.13,88.986,0,0,NA,NA,NA,NA,29.131,NA,1.869,-999,-999
05/28/2024 12:00:00 AM,696.166,22.538,1.167,238.451,89.932,0,0,NA,NA,NA,NA,18.513,NA,4.968,-999,-999
05/28/2024 01:00:00 AM,696.104,22.096,1.026,89.227,93.309,0,0,NA,NA,NA,NA,4.8,NA,7.035,-999,-999
05/28/2024 02:00:00 AM,695.956,21.842,1.241,247.401,95.246,0,0,NA,NA,NA,NA,3.926,NA,7.226,-999,-999
05/28/2024 03:00:00 AM,695.909,21.86,1.625,40.041,95.073,0,0,NA,NA,NA,NA,4.319,NA,4.444,-999,-999
05/28/2024 04:00:00 AM,696.154,21.782,1.312,59.644,95.566,0,0,NA,NA,NA,NA,8.372,NA,1.888,-999,-999
05/28/2024 05:00:00 AM,696.4,22.066,1.867,60.717,92.924,0,0.2,NA,NA,NA,NA,12.524,NA,1.586,-999,-999
05/28/2024 06:00:00 AM,696.528,22.3,2.158,65.588,88.243,0.547,0,NA,NA,NA,NA,15.515,NA,1.48,-999,-999
05/28/2024 07:00:00 AM,696.66,22.266,1.858,82.493,87.873,25.536,0,NA,NA,NA,NA,7.347,NA,2.493,-999,-999
05/28/2024 08:00:00 AM,696.904,23.188,1.318,271.881,86.699,119.012,0,NA,NA,NA,NA,3.926,NA,3.851,-999,-999
05/28/2024 09:00:00 AM,697.114,24.619,1.767,352.114,83.212,264.963,0,NA,NA,NA,NA,10.257,NA,4.983,-999,-999
05/28/2024 10:00:00 AM,696.554,26.545,2.108,276.329,74.053,440.349,0,NA,NA,NA,NA,34.75,NA,2.589,-999,-999
05/28/2024 11:00:00 AM,695.818,28.004,2.827,249.011,65.148,502.843,4.8,NA,NA,NA,NA,57.4,NA,1.145,-999,-999
05/28/2024 12:00:00 PM,695.124,29.799,2.357,262.027,56.59,526.93,0.2,NA,NA,NA,NA,69.696,NA,0.771,-999,-999
05/28/2024 01:00:00 PM,694.367,30.828,1.859,235.787,51.553,201.92,0,NA,NA,NA,NA,56.483,NA,0.798,-999,-999
05/28/2024 02:00:00 PM,693.745,29.925,2.977,301.265,65.678,234.561,0,NA,NA,NA,NA,67.031,NA,-999,-999,-999
05/28/2024 03:00:00 PM,693.329,29.286,4.481,324.459,68.246,262.884,0,NA,NA,NA,NA,51.114,NA,0.449,-999,-999
05/28/2024 04:00:00 PM,693.117,28.677,4.439,328.639,72.511,235.834,0,NA,NA,NA,NA,42.242,NA,0.548,-999,-999
05/28/2024 05:00:00 PM,693.09,28.345,3.979,310.312,73.982,180.653,0,NA,NA,NA,NA,51.594,NA,0.569,-999,-999
05/28/2024 06:00:00 PM,693.352,27.568,4.323,318.769,76.084,87.064,0,NA,NA,NA,NA,49.871,NA,0.784,-999,-999
05/28/2024 07:00:00 PM,694.101,26.372,1.965,320.32,82.501,1.627,0,NA,NA,NA,NA,43.349,NA,1.18,-999,-999
05/28/2024 08:00:00 PM,694.821,26.005,1.203,262.037,85.002,0,0,NA,NA,NA,NA,38.509,NA,1.977,-999,-999
05/28/2024 09:00:00 PM,695.427,25.807,1.442,28.01,86.693,0,0,NA,NA,NA,NA,31.273,NA,2.338,-999,-999
05/28/2024 10:00:00 PM,695.531,25.134,1.354,18.649,87.904,0,0,NA,NA,NA,NA,16.955,NA,2.399,-999,-999
05/28/2024 11:00:00 PM,695.479,24.659,0.955,47.176,86.198,0,0,NA,NA,NA,NA,16.333,NA,2.21,-999,-999
05/29/2024 12:00:00 AM,695.679,24.291,0.949,353.751,86.627,0,0,NA,NA,NA,NA,13.267,NA,2.636,-999,-999
05/29/2024 01:00:00 AM,695.592,24.152,1.061,38.215,83.11,0,0,NA,NA,NA,NA,15.483,NA,2.627,-999,-999
05/29/2024 02:00:00 AM,695.531,23.546,1.425,89.003,84.7,0,0.6,NA,NA,NA,NA,12.431,NA,2.891,-999,-999
05/29/2024 03:00:00 AM,695.233,22.703,2.068,93.996,88.209,0,0,NA,NA,NA,NA,10.207,NA,2.648,-999,-999
05/29/2024 04:00:00 AM,694.777,22.754,1.331,106.581,87.092,0,0,NA,NA,NA,NA,9.689,NA,3.042,-999,-999
05/29/2024 05:00:00 AM,694.943,22.4,1.071,11.849,89.314,0,0,NA,NA,NA,NA,4.445,NA,3.029,-999,-999
05/29/2024 06:00:00 AM,695.342,22.262,1.143,21.382,88.296,1.063,0,NA,NA,NA,NA,3.926,NA,3.12,-999,-999
05/29/2024 07:00:00 AM,695.839,22.277,1.659,62.997,87.445,35.283,0,NA,NA,NA,NA,3.926,NA,3.454,-999,-999
05/29/2024 08:00:00 AM,696.383,23.87,1.349,120.293,80.301,168.312,0,NA,NA,NA,NA,5.093,NA,3.113,-999,-999
05/29/2024 09:00:00 AM,696.735,25.374,2.517,18.618,79.251,309.188,0,NA,NA,NA,NA,11.943,NA,3.214,-999,-999
05/29/2024 10:00:00 AM,697.03,25.258,3.118,342.727,84.233,175.455,0,NA,NA,NA,NA,24.641,NA,2.73,-999,-999
05/29/2024 11:00:00 AM,697.149,25.064,2.54,329.468,85.395,98.809,0.8,NA,NA,NA,NA,22.722,NA,3.022,-999,-999
05/29/2024 12:00:00 PM,697.037,23.695,3.924,326.221,91.358,179.477,0.2,NA,NA,NA,NA,23.815,NA,2.769,-999,-999
05/29/2024 01:00:00 PM,696.626,23.775,4.241,317.382,87.127,165.316,0,NA,NA,NA,NA,28.413,NA,3.014,-999,-999
05/29/2024 02:00:00 PM,695.793,24.857,3.138,332.045,83.188,249.174,0,NA,NA,NA,NA,30.712,NA,2.706,-999,-999
05/29/2024 03:00:00 PM,694.861,28.128,2.251,337.79,69.405,497.527,0,NA,NA,NA,NA,37.003,NA,2.359,-999,-999
05/29/2024 04:00:00 PM,694.23,28.271,2.845,336.16,67.468,231.629,0,NA,NA,NA,NA,38.043,NA,2.173,-999,-999
05/29/2024 05:00:00 PM,693.963,27.485,3.254,319.783,71.093,95.538,0,NA,NA,NA,NA,29.882,NA,2.441,-999,-999
05/29/2024 06:00:00 PM,694.352,26.276,2.968,320.158,76.401,30.127,0,NA,NA,NA,NA,27.461,NA,2.599,-999,-999
05/29/2024 07:00:00 PM,694.761,25.115,1.834,354.506,85.053,0.837,0,NA,NA,NA,NA,12.524,NA,3.975,-999,-999
05/29/2024 08:00:00 PM,695.339,24.734,1.184,39.742,86.662,0,0,NA,NA,NA,NA,9.692,NA,3.308,-999,-999
05/29/2024 09:00:00 PM,695.935,24.317,1.113,25.926,88.339,0,0,NA,NA,NA,NA,13.345,NA,3.278,-999,-999
05/29/2024 10:00:00 PM,696.253,24.044,0.919,18.185,90.767,0,0,NA,NA,NA,NA,6.39,NA,3.718,-999,-999
05/29/2024 11:00:00 PM,696.498,23.768,0.986,67.4,91.335,0,0,NA,NA,NA,NA,6.42,NA,3.849,-999,-999
05/30/2024 12:00:00 AM,696.4,23.502,1.052,101.075,92.066,0,0,NA,NA,NA,NA,3.926,NA,3.565,-999,-999
05/30/2024 01:00:00 AM,696.148,23.508,0.875,4.437,90.377,0,0,NA,NA,NA,NA,5.016,NA,2.514,-999,-999
05/30/2024 02:00:00 AM,695.794,23.359,0.823,20.14,91.134,0,0,NA,NA,NA,NA,3.926,NA,2.695,-999,-999
05/30/2024 03:00:00 AM,695.429,23.269,0.907,103.803,91.902,0,0,NA,NA,NA,NA,3.926,NA,2.367,-999,-999
05/30/2024 04:00:00 AM,695.149,23.215,0.816,105.986,92.176,0,0,NA,NA,NA,NA,4.104,NA,2.466,-999,-999
05/30/2024 05:00:00 AM,695.212,22.705,0.855,296.38,93.36,0,0,NA,NA,NA,NA,3.926,NA,2.863,-999,-999
05/30/2024 06:00:00 AM,695.475,22.67,0.958,34.087,92.718,0.273,0,NA,NA,NA,NA,3.926,NA,3.128,-999,-999
05/30/2024 07:00:00 AM,695.857,22.921,0.743,109.224,91.53,21.653,0,NA,NA,NA,NA,3.926,NA,2.817,-999,-999
05/30/2024 08:00:00 AM,696.074,24.25,0.942,339.148,86.627,160.514,0,NA,NA,NA,NA,3.926,NA,3.529,-999,-999
05/30/2024 09:00:00 AM,696.326,26.149,1.971,255.02,77.933,405.178,0,NA,NA,NA,NA,25.208,NA,3.313,-999,-999
05/30/2024 10:00:00 AM,696.428,27.399,2.181,318.161,72.009,448.726,0,NA,NA,NA,NA,20.02,NA,0.267,-999,-999
05/30/2024 11:00:00 AM,695.932,27.371,3.164,3.421,72.339,194.493,0,NA,NA,NA,NA,-999,NA,-999,8.756,3.33
05/30/2024 12:00:00 PM,695.539,27.186,3.911,335.945,73.782,189.498,0,NA,NA,NA,NA,-999,NA,-999,7.824,3.057
05/30/2024 01:00:00 PM,695.014,27.066,3.766,341.792,77.221,252.445,0,NA,NA,NA,NA,27.083,NA,3.685,8.732,3.66
05/30/2024 02:00:00 PM,694.282,27.304,4.032,340.054,78.156,229.438,0,NA,NA,NA,NA,27.122,NA,4.147,8.209,3.646
05/30/2024 03:00:00 PM,693.738,26.091,2.058,43.84,84.364,155.6,0.8,NA,NA,NA,NA,21.453,NA,4.399,49.338,13.83
05/30/2024 04:00:00 PM,693.154,24.816,1.809,104.151,87.641,141.374,0.6,NA,NA,NA,NA,17.381,NA,4.735,47.534,10.764
05/30/2024 05:00:00 PM,693.215,26.589,1.614,56.701,82.639,140.488,0,NA,NA,NA,NA,22,NA,4.715,28.724,6.981
05/30/2024 06:00:00 PM,693.578,25.228,1.291,96.942,87.087,10.52,0,NA,NA,NA,NA,13.649,NA,4.671,15.05,5.691
05/30/2024 07:00:00 PM,694.726,23.145,2.382,345.701,92.752,0,9.799,NA,NA,NA,NA,13.555,NA,5.174,14.014,5.214
05/30/2024 08:00:00 PM,695.359,21.45,1.343,349.734,97.491,0,3.4,NA,NA,NA,NA,9.164,NA,5.502,9.489,3.578
05/30/2024 09:00:00 PM,695.633,21.566,0.997,258.865,98.07,0,2.6,NA,NA,NA,NA,3.926,NA,5.803,12.956,5.769
05/30/2024 10:00:00 PM,695.937,21.533,0.915,237.348,98.203,0,0.2,NA,NA,NA,NA,3.926,NA,7.465,16.747,7.429
05/30/2024 11:00:00 PM,696.195,21.588,0.966,339.912,98.2,0,0,NA,NA,NA,NA,3.926,NA,7.72,17.232,8.78
05/31/2024 12:00:00 AM,695.761,21.625,0.862,100.251,98.051,0,0,NA,NA,NA,NA,3.926,NA,7.199,15.917,7.876
05/31/2024 01:00:00 AM,695.362,21.623,0.848,359.39,98.027,0,0,NA,NA,NA,NA,3.926,NA,5.325,22.248,8.841
05/31/2024 02:00:00 AM,695.115,21.646,0.721,318.723,98.118,0,0,NA,NA,NA,NA,3.926,NA,4.054,24.315,8.823
05/31/2024 03:00:00 AM,694.992,21.697,0.759,31.083,98.178,0,0,NA,NA,NA,NA,3.926,NA,3.612,26.749,10.795
05/31/2024 04:00:00 AM,694.778,21.685,0.996,235.585,98.24,0,0,NA,NA,NA,NA,3.926,NA,5.515,25.619,10.525
05/31/2024 05:00:00 AM,694.932,21.558,0.934,340.627,98.339,0,0,NA,NA,NA,NA,3.926,NA,6.164,32.104,14.642
05/31/2024 06:00:00 AM,695.099,21.553,0.717,59.388,98.297,0.418,0,NA,NA,NA,NA,3.926,NA,4.165,29.276,11.082
05/31/2024 07:00:00 AM,695.684,21.633,1.053,103.067,97.747,21.379,0,NA,NA,NA,NA,3.926,NA,2.937,29.991,11.961
05/31/2024 08:00:00 AM,696.228,22.408,0.908,19.394,95.323,81.328,0,NA,NA,NA,NA,3.926,NA,3.041,28.204,10.934
05/31/2024 09:00:00 AM,696.306,24.022,1.321,252.156,90.392,242.891,0,NA,NA,NA,NA,4.542,NA,4.671,32.671,19.202
05/31/2024 10:00:00 AM,696.37,26.414,1.336,266.523,81.05,399.829,0,NA,NA,NA,NA,25.346,NA,3.916,38.001,22.85
05/31/2024 11:00:00 AM,695.825,27.172,1.481,310.774,74.728,179.8,0,NA,NA,NA,NA,49.043,NA,1.772,17.144,10.269
05/31/2024 12:00:00 PM,695.182,27.319,1.949,35.527,75.393,237.848,0,NA,NA,NA,NA,51.634,NA,1.3,15.28,8.26
05/31/2024 01:00:00 PM,694.483,27.999,1.879,28.022,74.294,300.665,0.2,NA,NA,NA,NA,46.501,NA,1.114,11.67,6.215
05/31/2024 02:00:00 PM,693.805,28.678,2.674,283.17,74.013,194.412,0,NA,NA,NA,NA,36.127,NA,1.132,8.121,4.285
05/31/2024 03:00:00 PM,693.411,24.719,1.723,3.178,87.43,46.335,2.2,NA,NA,NA,NA,18.758,NA,1.56,14.029,5.273
05/31/2024 04:00:00 PM,693.238,24.779,1.108,144.992,88.722,64.831,0.6,NA,NA,NA,NA,8.591,NA,1.707,15.211,6.13
05/31/2024 05:00:00 PM,693.554,24.649,1.199,176.113,90.974,22.7,1.4,NA,NA,NA,NA,8.933,NA,1.837,14.903,6.116
05/31/2024 06:00:00 PM,694.2,24.261,0.69,171.938,93.922,7.459,2.2,NA,NA,NA,NA,3.926,NA,2.211,15.654,8.005
05/31/2024 07:00:00 PM,694.765,23.63,1.206,23.859,96.001,0.241,1.8,NA,NA,NA,NA,3.926,NA,2.325,16.548,8.329
05/31/2024 08:00:00 PM,695.047,23.602,1.236,204.908,94.248,0,0.4,NA,NA,NA,NA,3.926,NA,2.562,18.836,10.184
05/31/2024 09:00:00 PM,695.476,23.798,2.254,151.087,85.47,0,0.2,NA,NA,NA,NA,3.926,NA,1.941,13.114,6.152
05/31/2024 10:00:00 PM,695.652,22.879,2.221,154.378,87.412,0,0.4,NA,NA,NA,NA,3.926,NA,1.765,8.366,3.782
05/31/2024 11:00:00 PM,695.527,22.836,2.103,169.296,87.662,0,0,NA,NA,NA,NA,3.926,NA,1.988,11.184,4.904
06/01/2024 12:00:00 AM,695.419,23.387,2.764,153.057,84.329,0,0,NA,NA,NA,NA,3.926,NA,1.555,8.582,3.628
06/01/2024 01:00:00 AM,694.857,22.993,1.052,167.682,85.191,0,0,NA,NA,NA,NA,3.926,NA,1.237,8.568,2.772
06/01/2024 02:00:00 AM,694.393,22.186,0.825,355.515,87.832,0,0,NA,NA,NA,NA,3.926,NA,0.896,12.139,3.433
06/01/2024 03:00:00 AM,693.97,21.944,1.003,325.462,89.335,0,0,NA,NA,NA,NA,3.926,NA,1.051,11.974,3.566
06/01/2024 04:00:00 AM,693.714,21.213,0.798,147.957,92.352,0,0,NA,NA,NA,NA,3.926,NA,1.307,14.821,4.32
06/01/2024 05:00:00 AM,693.727,21.084,0.738,4.698,92.277,0,0,NA,NA,NA,NA,3.926,NA,1.259,14.327,4.344
06/01/2024 06:00:00 AM,694.006,21.269,0.888,136.833,90.624,0.725,0,NA,NA,NA,NA,3.926,NA,1.494,15.878,4.836
06/01/2024 07:00:00 AM,694.151,21.908,1.3,42.125,88.599,69.293,0,NA,NA,NA,NA,3.926,NA,2.062,20.891,10.124
06/01/2024 08:00:00 AM,694.255,23.616,1.362,358.131,83.574,215.05,0,NA,NA,NA,NA,3.926,NA,2.413,20.094,8.441
06/01/2024 09:00:00 AM,694.321,25.331,1.256,207.763,79.406,230.501,0,NA,NA,NA,NA,9.797,NA,1.945,23.364,9.377
06/01/2024 10:00:00 AM,694.16,26.632,2.687,250.229,74.598,453.35,0,NA,NA,NA,NA,29.469,NA,0.72,13.759,5.198
06/01/2024 11:00:00 AM,693.54,28.854,2.188,247.632,67.004,515.41,0,NA,NA,NA,NA,52.365,NA,0.832,13.534,5.004
06/01/2024 12:00:00 PM,693.034,30.614,2.857,323.773,56.681,510.915,0,NA,NA,NA,NA,58.878,NA,0.696,11.651,4.071
06/01/2024 01:00:00 PM,692.48,30.751,4.648,325.779,57.423,487.006,0.4,NA,NA,NA,NA,47.791,NA,-999,7.385,3.137
06/01/2024 02:00:00 PM,692.015,30.831,4.816,312.132,58.184,453.35,0,NA,NA,NA,NA,39.777,NA,-999,6.014,2.324
06/01/2024 03:00:00 PM,691.682,30.932,4.339,321.562,61.1,345.857,0,NA,NA,NA,NA,34.698,NA,0.271,6.609,2.56
06/01/2024 04:00:00 PM,691.435,29.579,3.961,320.593,67.335,148.544,0,NA,NA,NA,NA,42.567,NA,0.278,6.941,3.532
06/01/2024 05:00:00 PM,691.467,29.291,4.04,306.167,68.249,146.367,0,NA,NA,NA,NA,52.15,NA,0.677,7.847,3.748
06/01/2024 06:00:00 PM,691.765,29.607,2.791,333.037,67.47,110.973,0,NA,NA,NA,NA,40.212,NA,0.603,8.82,3.883
06/01/2024 07:00:00 PM,692.425,28.203,2.119,319.707,71.998,5.671,0,NA,NA,NA,NA,33.363,NA,0.755,11.049,4.777
06/01/2024 08:00:00 PM,693.085,27.46,1.277,275.427,76.985,0,0,NA,NA,NA,NA,16.35,NA,1.47,14.904,6.547
06/01/2024 09:00:00 PM,693.889,26.792,1.383,54.885,78.713,0,0,NA,NA,NA,NA,10.625,NA,1.478,20.906,7.275
06/01/2024 10:00:00 PM,694.393,26.439,1.422,104.652,79.702,0,0,NA,NA,NA,NA,10.137,NA,1.422,16.92,6.196
06/01/2024 11:00:00 PM,694.366,25.844,1.385,95.131,80.474,0,0,NA,NA,NA,NA,8.364,NA,1.216,15.574,5.452
06/02/2024 12:00:00 AM,694.188,25.452,1.089,99.115,80.725,0,0,NA,NA,NA,NA,3.926,NA,1.897,15.915,6.143
06/02/2024 01:00:00 AM,694.07,24.945,0.56,269.045,83.463,0,0,NA,NA,NA,NA,3.926,NA,3.85,19.283,8.299
06/02/2024 02:00:00 AM,694.074,24.689,1.176,311.291,81.635,0,0,NA,NA,NA,NA,3.926,NA,3.081,14.73,5.425
06/02/2024 03:00:00 AM,693.759,24.151,1.258,97.025,83.119,0,0,NA,NA,NA,NA,5.812,NA,2.926,10.854,3.635
06/02/2024 04:00:00 AM,693.666,23.647,1.038,142.695,86.224,0,0,NA,NA,NA,NA,3.926,NA,3.057,10.699,4.152
06/02/2024 05:00:00 AM,693.737,23.659,1.163,133.936,85.069,0,0,NA,NA,NA,NA,4.769,NA,3.008,13.046,4.18
06/02/2024 06:00:00 AM,693.875,23.677,0.735,132.707,85.391,0.58,0,NA,NA,NA,NA,3.926,NA,3.368,12.809,4.849
06/02/2024 07:00:00 AM,694.247,24.069,0.786,322.471,84.93,27.711,0,NA,NA,NA,NA,3.926,NA,4.463,17.75,7.413
06/02/2024 08:00:00 AM,694.529,24.672,0.929,335.636,81.368,73.37,0,NA,NA,NA,NA,4.028,NA,4.062,18.059,8.229
06/02/2024 09:00:00 AM,694.659,25.999,1.44,252.281,79.553,260.549,0,NA,NA,NA,NA,15.838,NA,4.012,16.348,7.395
06/02/2024 10:00:00 AM,694.704,29.144,1.303,72.683,67.486,453.157,0,NA,NA,NA,NA,45.157,NA,3.101,15.309,7.525
06/02/2024 11:00:00 AM,694.248,30.44,2.94,311.953,62.668,511.882,0.2,NA,NA,NA,NA,65.313,NA,2.24,14.29,6.198
06/02/2024 12:00:00 PM,693.75,30.975,3.278,317.132,61.164,504.905,0,NA,NA,NA,NA,68.545,NA,1.828,10.487,4.796
06/02/2024 01:00:00 PM,693.325,31.012,5.84,325.667,63.406,501.232,0,NA,NA,NA,NA,48.008,NA,2.005,10.052,4.869
06/02/2024 02:00:00 PM,693.021,30.24,5.835,325.639,68.262,329.037,0,NA,NA,NA,NA,39.374,NA,2.237,9.714,5.735
06/02/2024 03:00:00 PM,692.616,30.121,5.037,319.561,67.574,350.013,0,NA,NA,NA,NA,37.812,NA,2.407,8.848,4.554
06/02/2024 04:00:00 PM,692.206,30.098,5.459,330.161,67.105,221.576,0,NA,NA,NA,NA,45.473,NA,2.523,9.253,5.749
06/02/2024 05:00:00 PM,692.144,29.328,4.412,320.843,70.382,86.516,0,NA,NA,NA,NA,45.762,NA,2.887,8.651,4.684
06/02/2024 06:00:00 PM,692.609,28.971,2.9,332.601,72.866,34.51,0,NA,NA,NA,NA,41.081,NA,2.951,8.269,4.258
06/02/2024 07:00:00 PM,693.22,28.318,1.248,319.459,75.748,0,0,NA,NA,NA,NA,42.07,NA,3.091,8.903,4.166
06/02/2024 08:00:00 PM,693.652,28.093,1.023,331.473,76.354,0,0,NA,NA,NA,NA,21.949,NA,3.619,17.326,7.015
06/02/2024 09:00:00 PM,694.928,27.303,2.451,292.483,77.55,0,2.799,NA,NA,NA,NA,18.079,NA,4.451,20.296,10.486
06/02/2024 10:00:00 PM,695.578,23.689,2.16,199.985,89.639,0,0.6,NA,NA,NA,NA,10.975,NA,4.83,16.794,6.956
06/02/2024 11:00:00 PM,695.119,23.518,1.667,169.302,89.061,0,0.2,NA,NA,NA,NA,11.627,NA,4.554,12.708,5.067
06/03/2024 12:00:00 AM,695.26,23.044,1.558,212.886,90.541,0,0,NA,NA,NA,NA,10.04,NA,4.276,9.03,4.046
06/03/2024 01:00:00 AM,695.553,22.358,2.143,206.815,93.227,0,0,NA,NA,NA,NA,10.427,NA,3.295,9.499,3.643
06/03/2024 02:00:00 AM,695.522,22.725,1.348,125.874,91.861,0,0,NA,NA,NA,NA,12.047,NA,2.088,8.638,3.382
06/03/2024 03:00:00 AM,695.314,22.582,1.408,79.127,91.877,0,0,NA,NA,NA,NA,9.068,NA,2.259,9.675,3.785
06/03/2024 04:00:00 AM,695.109,22.218,1.488,96.901,94.339,0,0,NA,NA,NA,NA,3.926,NA,-999,14.927,5.04
06/03/2024 05:00:00 AM,694.999,21.875,1.133,145.876,95.857,0,0,NA,NA,NA,NA,3.926,NA,3.465,15.333,6.128
06/03/2024 06:00:00 AM,694.986,21.835,1.039,150.033,95.772,0.692,0,NA,NA,NA,NA,3.926,NA,3.77,15.153,5.827
06/03/2024 07:00:00 AM,695.25,22.2,0.83,71.035,94.285,40.277,0,NA,NA,NA,NA,3.926,NA,3.224,17.007,6.063
06/03/2024 08:00:00 AM,695.217,23.295,1.499,169.348,90.366,110.441,0,NA,NA,NA,NA,3.926,NA,2.901,16.294,6.404
06/03/2024 09:00:00 AM,695.225,24.571,1.837,183.158,85.909,223.767,0,NA,NA,NA,NA,8.727,NA,2.431,15.213,5.575
06/03/2024 10:00:00 AM,694.986,25.963,2.895,251.677,81.303,395.849,0,NA,NA,NA,NA,-999,NA,-999,14.228,4.819
06/03/2024 11:00:00 AM,694.816,27.831,2.73,235.016,72.246,437.223,0,NA,NA,NA,NA,44.783,NA,1.76,11.528,4.098
06/03/2024 12:00:00 PM,694.297,28.412,2.104,247.658,69.019,89.61,0,NA,NA,NA,NA,49.021,NA,-999,16.101,5.357
06/03/2024 01:00:00 PM,693.741,25.701,3.644,93.998,73.179,89.223,0,NA,NA,NA,NA,27.729,NA,-999,17.25,4.06
06/03/2024 02:00:00 PM,693.302,25.186,2.457,99.575,78.089,97.746,0.8,NA,NA,NA,NA,17.726,NA,1.311,11.531,4.415
06/03/2024 03:00:00 PM,693.178,25.011,2.398,72.896,79.604,86.629,0,NA,NA,NA,NA,14.057,NA,1.389,9.617,3.624
06/03/2024 04:00:00 PM,692.87,25.216,1.965,93.255,79.056,115.679,0,NA,NA,NA,NA,13.77,NA,1.804,10.666,3.764
06/03/2024 05:00:00 PM,693.079,25.638,1.47,59.627,79.711,41.921,0,NA,NA,NA,NA,10.651,NA,-999,10.819,3.836
06/03/2024 06:00:00 PM,693.168,25.032,1.617,69.445,82.346,8.361,0,NA,NA,NA,NA,6.754,NA,-999,12.146,3.783
06/03/2024 07:00:00 PM,693.85,24.668,1.918,40.941,80.765,0.032,0,NA,NA,NA,NA,5.231,NA,1.585,12.061,3.945
06/03/2024 08:00:00 PM,694.567,24.432,1.835,144.21,80.2,0,0.6,NA,NA,NA,NA,3.946,NA,-999,12.007,4.662
06/03/2024 09:00:00 PM,694.821,23.385,1.072,123.378,88.281,0,0.6,NA,NA,NA,NA,3.926,NA,2.366,13.736,6.503
06/03/2024 10:00:00 PM,695.227,22.88,1.959,90.22,83.38,0,0.2,NA,NA,NA,NA,-999,NA,-999,9.776,3.372
06/03/2024 11:00:00 PM,695.441,22.919,1.393,102.438,80.722,0,0,NA,NA,NA,NA,5.966,NA,1.951,9.347,2.714
06/04/2024 12:00:00 AM,695.368,22.257,0.889,337.322,83.275,0,0,NA,NA,NA,NA,3.926,NA,1.707,10.445,2.806
06/04/2024 01:00:00 AM,694.992,21.902,0.899,104.292,85.603,0,0,NA,NA,NA,NA,3.926,NA,1.832,13.445,3.594
06/04/2024 02:00:00 AM,694.651,21.795,1.064,42.007,87.639,0,0,NA,NA,NA,NA,3.926,NA,-999,14.029,3.977
06/04/2024 03:00:00 AM,694.151,21.71,1.016,34.355,87.754,0,0,NA,NA,NA,NA,3.926,NA,1.997,15.811,4.683
06/04/2024 04:00:00 AM,693.881,21.364,0.955,283.266,87.728,0,0,NA,NA,NA,NA,3.926,NA,-999,16.688,4.467
06/04/2024 05:00:00 AM,694.114,21.483,0.782,286.373,87.239,0,0,NA,NA,NA,NA,3.926,NA,-999,14.841,4.129
06/04/2024 06:00:00 AM,694.737,21.1,0.525,340.95,90.805,0.322,0,NA,NA,NA,NA,3.926,NA,2.888,20.804,6.424
06/04/2024 07:00:00 AM,695.189,21.565,0.935,246.453,90.204,16.078,0,NA,NA,NA,NA,3.926,NA,3.517,25.399,9.114
06/04/2024 08:00:00 AM,695.833,22.196,1.131,245.1,87.97,79.218,0,NA,NA,NA,NA,3.926,NA,-999,27.692,9.195
06/04/2024 09:00:00 AM,696.123,24.092,1.145,354.225,83.165,234.481,0,NA,NA,NA,NA,3.926,NA,3.39,26.221,9.987
06/04/2024 10:00:00 AM,695.956,26.113,1.604,322.019,78.864,313.924,0,NA,NA,NA,NA,13.973,NA,-999,29.707,13.328
06/04/2024 11:00:00 AM,695.688,27.627,1.83,304.386,70.039,415.618,0,NA,NA,NA,NA,41.262,NA,-999,22.797,9.86
06/04/2024 12:00:00 PM,695.131,29.173,3.496,20.816,62.615,534.115,0,NA,NA,NA,NA,53.111,NA,-999,13.046,5.972
06/04/2024 01:00:00 PM,694.61,28.923,5.39,324.877,68.141,421.676,0.4,NA,NA,NA,NA,39.614,NA,-999,8.641,3.943
06/04/2024 02:00:00 PM,694.2,28.285,5.004,332.709,71.952,334.901,0,NA,NA,NA,NA,36.424,NA,-999,8.239,4.005
06/04/2024 03:00:00 PM,693.902,26.212,3.496,351.352,80.983,78.734,0.6,NA,NA,NA,NA,22.477,NA,0.819,9.079,4.198
06/04/2024 04:00:00 PM,693.521,24.163,1.831,326.1,87.117,66.522,0.2,NA,NA,NA,NA,-999,NA,-999,16.995,5.609
06/04/2024 05:00:00 PM,693.835,24.159,0.971,269.027,88.436,24.263,1.8,NA,NA,NA,NA,8.978,NA,1.614,17.698,6.621
06/04/2024 06:00:00 PM,694.045,23.406,1.214,327.243,92.59,13.887,0.2,NA,NA,NA,NA,3.926,NA,2.357,20.33,7.912
06/04/2024 07:00:00 PM,694.2,23.186,0.961,84.685,95.73,0.145,0.6,NA,NA,NA,NA,3.926,NA,-999,25.357,10.422
06/04/2024 08:00:00 PM,694.592,22.752,1.058,257.821,96.003,0,0.2,NA,NA,NA,NA,3.926,NA,2.849,24.745,10.523
06/04/2024 09:00:00 PM,695.41,22.473,0.751,106.141,96.396,0,0,NA,NA,NA,NA,3.926,NA,-999,25.984,9.255
06/04/2024 10:00:00 PM,696.114,22.279,1.151,18.31,95.703,0,0,NA,NA,NA,NA,3.926,NA,2.092,24.002,7.795
06/04/2024 11:00:00 PM,696.458,22.145,0.64,43.553,95.398,0,0,NA,NA,NA,NA,3.926,NA,-999,24.066,7.803
06/05/2024 12:00:00 AM,696.34,22.087,0.833,11.303,96.586,0,0,NA,NA,NA,NA,3.926,NA,4.749,29.161,10.611
06/05/2024 01:00:00 AM,696.111,21.933,0.642,287.45,97.015,0,0,NA,NA,NA,NA,3.926,NA,5.266,30.015,10.076
06/05/2024 02:00:00 AM,695.504,21.744,0.99,2.862,96.335,0,0,NA,NA,NA,NA,3.926,NA,3.755,24.114,6.684
06/05/2024 03:00:00 AM,694.874,21.627,0.758,90.478,95.763,0,0,NA,NA,NA,NA,3.926,NA,3.094,25.556,6.478
06/05/2024 04:00:00 AM,694.595,21.49,1.089,244.059,96.849,0,0,NA,NA,NA,NA,3.926,NA,-999,28.814,9.951
06/05/2024 05:00:00 AM,694.804,21.203,0.822,57.514,97.193,0,0,NA,NA,NA,NA,3.926,NA,3.679,31.655,11.008
06/05/2024 06:00:00 AM,695.31,21.34,0.845,173.47,96.833,0.692,0,NA,NA,NA,NA,3.926,NA,-999,37.331,19.336
06/05/2024 07:00:00 AM,695.615,21.245,0.985,309.404,96.249,32.399,0,NA,NA,NA,NA,3.926,NA,-999,42.307,21.95
06/05/2024 08:00:00 AM,695.954,22.301,1.383,273.855,94.454,104.287,0,NA,NA,NA,NA,3.926,NA,5.143,38.537,22.649
06/05/2024 09:00:00 AM,696.164,23.676,1.172,303.541,91.089,149.172,0,NA,NA,NA,NA,3.926,NA,-999,51.28,29.609
06/05/2024 10:00:00 AM,696.339,24.996,1.365,7.989,86.866,303.339,0,NA,NA,NA,NA,9.464,NA,4.546,58.989,36.974
06/05/2024 11:00:00 AM,696.155,26.815,3.366,348.029,75.974,423.915,0,NA,NA,NA,NA,36.61,NA,2.152,24.339,14.564
06/05/2024 12:00:00 PM,695.662,27.047,3.055,322.138,74.48,352.13,0,NA,NA,NA,NA,42.456,NA,-999,15.9,6.06
06/05/2024 01:00:00 PM,695.1,27.455,3.523,342.471,73.229,287.45,0,NA,NA,NA,NA,41.03,NA,1.459,12.238,5.242
06/05/2024 02:00:00 PM,694.435,27.548,2.831,331.89,71.948,243.901,0,NA,NA,NA,NA,32.558,NA,1.128,6.779,3.087
06/05/2024 03:00:00 PM,693.796,28.063,1.741,318.615,70.744,159.516,0,NA,NA,NA,NA,-999,NA,-999,8.206,3.391
06/05/2024 04:00:00 PM,693.422,27.534,2.657,279.246,73.873,110.071,0,NA,NA,NA,NA,24.654,NA,2.08,14.003,3.981
06/05/2024 05:00:00 PM,693.125,26.671,2.991,353.777,76.966,99.679,0,NA,NA,NA,NA,22.924,NA,1.656,8.932,3.953
06/05/2024 06:00:00 PM,693.39,26.239,2.105,321.291,80.164,39.246,0,NA,NA,NA,NA,15.568,NA,-999,7.95,3.807
06/05/2024 07:00:00 PM,693.915,25.604,1.405,314.065,83.996,1.82,0,NA,NA,NA,NA,10.642,NA,2.262,12.488,5.528
06/05/2024 08:00:00 PM,694.325,25.133,1.138,12.676,87.278,0,0,NA,NA,NA,NA,7.096,NA,2.698,19.442,7.496
06/05/2024 09:00:00 PM,695.006,24.795,1.116,307.972,88.915,0,0,NA,NA,NA,NA,4.714,NA,2.8,18.858,8.12
06/05/2024 10:00:00 PM,695.559,24.514,1.04,355.303,90.249,0,0,NA,NA,NA,NA,3.926,NA,-999,19.381,9.313
06/05/2024 11:00:00 PM,695.87,24.463,0.839,20.639,90.6,0,0,NA,NA,NA,NA,6.316,NA,2.676,16.765,8.182
06/06/2024 12:00:00 AM,695.587,24.127,0.838,42.052,91.427,0,0,NA,NA,NA,NA,5.253,NA,2.52,19.647,8.79
06/06/2024 01:00:00 AM,695.365,23.935,0.801,4.594,91.571,0,0,NA,NA,NA,NA,-999,NA,-999,20.378,8.034
06/06/2024 02:00:00 AM,695.106,23.836,0.906,84.54,92.686,0,0,NA,NA,NA,NA,6.182,NA,2.449,14.963,7.157
06/06/2024 03:00:00 AM,694.538,23.675,0.713,66.581,90.931,0,0,NA,NA,NA,NA,7.105,NA,2.17,15.957,5.687
06/06/2024 04:00:00 AM,694.553,23.267,0.953,283.549,93.557,0,0,NA,NA,NA,NA,3.926,NA,-999,17.001,6.684
06/06/2024 05:00:00 AM,694.62,22.722,0.839,102.139,91.87,0,0,NA,NA,NA,NA,3.926,NA,2.013,21.547,6.611
06/06/2024 06:00:00 AM,694.757,22.871,0.774,130.408,94.57,0,0,NA,NA,NA,NA,3.926,NA,-999,24.216,10.352
06/06/2024 07:00:00 AM,694.976,22.452,1.266,323.434,95.98,2.964,7.199,NA,NA,NA,NA,3.926,NA,3.53,17.424,7.703
06/06/2024 08:00:00 AM,695.707,21.933,0.867,146.522,97.555,46.996,5.999,NA,NA,NA,NA,3.926,NA,2.229,10.485,4.665
06/06/2024 09:00:00 AM,696.13,23.161,1.096,340.929,94.657,186.969,0.2,NA,NA,NA,NA,5.021,NA,-999,20.787,7.185
06/06/2024 10:00:00 AM,696.272,25.349,1.156,9.057,84.898,272.132,0,NA,NA,NA,NA,12.704,NA,-999,26.022,7.209
06/06/2024 11:00:00 AM,696.046,26.573,2.623,351.782,76.698,429.361,0,NA,NA,NA,NA,28.706,NA,1.641,10.669,3.557
06/06/2024 12:00:00 PM,695.694,27.079,3.571,323.036,75.1,405.146,0,NA,NA,NA,NA,31.203,NA,-999,4.652,2.388
06/06/2024 01:00:00 PM,695.216,27.615,4.489,307.899,73.43,356.522,0,NA,NA,NA,NA,32.243,NA,1.186,5.492,2.939
06/06/2024 02:00:00 PM,694.464,27.483,4.648,323.48,74.325,249.061,0,NA,NA,NA,NA,29.64,NA,-999,6.484,3.323
06/06/2024 03:00:00 PM,693.841,27.816,4.7,327.852,73.498,350.464,0,NA,NA,NA,NA,30.643,NA,2.156,6.623,3.873
06/06/2024 04:00:00 PM,693.41,27.796,5.253,337.734,73.376,254.474,0,NA,NA,NA,NA,34.076,NA,-999,8.009,4.928
06/06/2024 05:00:00 PM,693.351,27.485,3.953,316.321,74.822,161.369,0,NA,NA,NA,NA,32.353,NA,1.574,6.671,3.98
06/06/2024 06:00:00 PM,693.526,27.214,2.971,305.83,76.533,114.34,0,NA,NA,NA,NA,28.673,NA,-999,5.877,3.086
06/06/2024 07:00:00 PM,694.109,25.805,2.211,306.32,83.15,0.982,0,NA,NA,NA,NA,22.131,NA,-999,7.001,3.192
06/06/2024 08:00:00 PM,694.858,25.014,1.169,314.861,86.909,0,0,NA,NA,NA,NA,11.423,NA,2.633,10.448,4.384
06/06/2024 09:00:00 PM,695.405,24.826,0.868,75.597,87.935,0,0,NA,NA,NA,NA,-999,NA,-999,13.241,5.551
06/06/2024 10:00:00 PM,695.591,24.289,0.792,313.024,89.907,0,0,NA,NA,NA,NA,4.061,NA,3.267,17.725,7.712
06/06/2024 11:00:00 PM,695.761,24.038,0.837,40.758,90.575,0,0,NA,NA,NA,NA,7.246,NA,2.632,15.594,6.136
06/07/2024 12:00:00 AM,695.83,23.706,0.741,94.912,91.373,0,0,NA,NA,NA,NA,4.501,NA,2.847,14.82,5.792
06/07/2024 01:00:00 AM,695.577,23.097,1.049,341.194,93.118,0,0,NA,NA,NA,NA,-999,NA,-999,16.771,6.089
06/07/2024 02:00:00 AM,695.495,22.795,0.875,89.418,93.486,0,0,NA,NA,NA,NA,3.926,NA,3.346,17.743,6.505
06/07/2024 03:00:00 AM,695.199,22.568,0.92,47.905,92.826,0,0,NA,NA,NA,NA,3.926,NA,3.151,15.647,5.429
06/07/2024 04:00:00 AM,695.194,22.193,0.982,36.376,93.504,0,0,NA,NA,NA,NA,-999,NA,-999,17.432,5.67
06/07/2024 05:00:00 AM,695.477,22.002,0.957,54.053,93.205,0,0,NA,NA,NA,NA,3.926,NA,3.749,15.837,5.516
06/07/2024 06:00:00 AM,695.541,22.165,0.957,101.994,91.428,0.58,0,NA,NA,NA,NA,3.926,NA,3.772,17.31,6.648
06/07/2024 07:00:00 AM,695.816,22.157,1.104,250.869,93.8,36.378,0,NA,NA,NA,NA,-999,NA,7.288,26.866,11.513
06/07/2024 08:00:00 AM,696.117,23.784,1.023,95.172,88.055,180.943,0,NA,NA,NA,NA,3.926,NA,6.244,28.342,11.483
06/07/2024 09:00:00 AM,696.205,26.363,1.204,327.432,81.216,264.786,0,NA,NA,NA,NA,-999,NA,-999,37.613,18.716
06/07/2024 10:00:00 AM,696.095,27.992,2.065,293.178,73.486,472.377,0,NA,NA,NA,NA,36.316,NA,4.416,26.879,12.811
06/07/2024 11:00:00 AM,695.958,27.957,3.964,321.875,70.823,284.038,0,NA,NA,NA,NA,49.523,NA,-999,13.65,6.642
06/07/2024 12:00:00 PM,696.011,26.815,3.623,322.636,76.677,106.752,0,NA,NA,NA,NA,31.969,NA,2.552,10.166,4.975
06/07/2024 01:00:00 PM,695.744,26.353,3.097,331.71,80.085,156.793,0,NA,NA,NA,NA,32.632,NA,2.336,10.572,5.041
06/07/2024 02:00:00 PM,695.134,26.611,3.837,322.035,79.691,300.794,0,NA,NA,NA,NA,30.59,NA,-999,7.852,4.179
06/07/2024 03:00:00 PM,694.533,27.455,3.969,328.437,76.281,257.214,0,NA,NA,NA,NA,30.018,NA,2.268,6.98,3.833
06/07/2024 04:00:00 PM,694.346,24.886,3.715,351.308,82.871,59.063,0,NA,NA,NA,NA,-999,NA,-999,8.571,4.359
06/07/2024 05:00:00 PM,694.187,25.016,1.461,47.889,84.516,88.482,0,NA,NA,NA,NA,19.631,NA,2.539,12.74,5.891
06/07/2024 06:00:00 PM,694.749,24.795,2.273,4.55,88.208,32.786,0,NA,NA,NA,NA,-999,NA,-999,11.868,5.206
06/07/2024 07:00:00 PM,694.801,24.476,1.203,356.783,90.52,0.757,0,NA,NA,NA,NA,7.188,NA,3.252,13.289,6.519
06/07/2024 08:00:00 PM,695.369,24.127,1.117,94.968,88.277,0,0,NA,NA,NA,NA,7.301,NA,3.163,19.979,8.001
06/07/2024 09:00:00 PM,695.788,23.887,1.056,106.689,89.167,0,0,NA,NA,NA,NA,-999,NA,-999,20.344,9.335
06/07/2024 10:00:00 PM,695.993,23.228,1.346,30.451,89.986,0,0,NA,NA,NA,NA,3.926,NA,3.036,20.071,7.339
06/07/2024 11:00:00 PM,696.394,23.039,1.358,92.279,89.636,0,0,NA,NA,NA,NA,3.926,NA,3.306,19.58,7.472
06/08/2024 12:00:00 AM,696.318,22.715,1.856,77.977,89.154,0,0,NA,NA,NA,NA,4.639,NA,3.063,16.218,5.568
06/08/2024 01:00:00 AM,696.266,22.534,0.908,77.042,88.827,0,0,NA,NA,NA,NA,3.926,NA,1.569,15.28,5.627
06/08/2024 02:00:00 AM,695.864,22.451,0.971,312.76,89.922,0,0,NA,NA,NA,NA,-999,NA,-999,17.335,6.744
06/08/2024 03:00:00 AM,695.592,22.072,1.011,17.958,90.13,0,0,NA,NA,NA,NA,3.926,NA,0.729,18.549,6.541
06/08/2024 04:00:00 AM,695.622,21.731,0.752,139.121,91.418,0,0,NA,NA,NA,NA,3.926,NA,1.086,18.64,6.49
06/08/2024 05:00:00 AM,695.687,21.662,0.881,213.996,93.72,0,0,NA,NA,NA,NA,-999,NA,-999,21.498,8.538
06/08/2024 06:00:00 AM,695.943,21.57,1.049,232.309,94.026,0.757,0,NA,NA,NA,NA,3.926,NA,3.945,25.722,10.171
06/08/2024 07:00:00 AM,696.315,21.633,1.146,121.467,94.384,27.211,0,NA,NA,NA,NA,-999,NA,-999,31.799,13.633
06/08/2024 08:00:00 AM,696.539,23.311,1.209,270.102,87.812,128.985,0,NA,NA,NA,NA,3.926,NA,-999,37.503,15.436
06/08/2024 09:00:00 AM,696.63,25.563,1.468,74.941,77.781,343.746,0,NA,NA,NA,NA,9.958,NA,0.59,35.588,11.332
06/08/2024 10:00:00 AM,696.426,27.752,1.444,255.757,69.467,426.976,0,NA,NA,NA,NA,54.168,NA,0.759,23.296,10.597
06/08/2024 11:00:00 AM,696.257,29.369,3.314,301.959,63.434,511.414,0,NA,NA,NA,NA,86.249,NA,-999,18.877,9.54
06/08/2024 12:00:00 PM,696.166,28.873,5.044,307.687,70.546,414.796,0,NA,NA,NA,NA,49.825,NA,-999,12.025,5.857
06/08/2024 01:00:00 PM,695.901,28.94,5.356,323.497,70.467,442.942,0,NA,NA,NA,NA,44.329,NA,-999,9.702,5.02
06/08/2024 02:00:00 PM,695.355,28.845,4.168,348.062,70.61,266.058,0,NA,NA,NA,NA,-999,NA,-999,10.02,5.64
06/08/2024 03:00:00 PM,694.745,28.554,4.505,324.893,71.976,227.65,0,NA,NA,NA,NA,37.671,NA,-999,9.434,5.673
06/08/2024 04:00:00 PM,694.255,28.231,4.138,300.903,72.971,216.323,0,NA,NA,NA,NA,-999,NA,-999,13.2,9.083
06/08/2024 05:00:00 PM,694.17,28.204,3.341,319.759,71.907,111.376,0,NA,NA,NA,NA,39.926,NA,0.456,10.423,6.67
06/08/2024 06:00:00 PM,694.722,27.488,2.876,315.082,75.241,20.348,0,NA,NA,NA,NA,-999,NA,-999,9.937,5.989
06/08/2024 07:00:00 PM,694.774,26.344,1.81,351.308,80.102,0.547,0,NA,NA,NA,NA,25.479,NA,1.435,12.848,6.827
06/08/2024 08:00:00 PM,695.514,25.811,1.118,23.513,80.85,0,0,NA,NA,NA,NA,-999,NA,-999,20.723,9.499
06/08/2024 09:00:00 PM,696.212,25.418,0.989,321.122,83.986,0,0,NA,NA,NA,NA,5.14,NA,-999,23.588,11.953
06/08/2024 10:00:00 PM,696.083,24.68,0.933,288.058,85.484,0,0,NA,NA,NA,NA,3.926,NA,1.811,23.853,11.121
06/08/2024 11:00:00 PM,696.461,24.394,1.113,32.634,84.626,0,0,NA,NA,NA,NA,5.286,NA,-999,21.111,10.878
06/09/2024 12:00:00 AM,696.622,24.184,1.11,41.627,83.747,0,0,NA,NA,NA,NA,7.703,NA,0.719,16.283,7.475
06/09/2024 01:00:00 AM,696.441,23.939,1.181,52.731,83.965,0,0,NA,NA,NA,NA,5.761,NA,1.929,16.883,7.028
06/09/2024 02:00:00 AM,695.779,23.485,0.738,324.851,86.672,0,0,NA,NA,NA,NA,-999,NA,-999,18.162,7.747
06/09/2024 03:00:00 AM,695.245,23.481,0.797,283.67,86.596,0,0,NA,NA,NA,NA,3.926,NA,-999,16.882,7.388
06/09/2024 04:00:00 AM,695.636,23.126,1.018,220.263,90.035,0,0,NA,NA,NA,NA,3.926,NA,6.381,22.034,9.434
06/09/2024 05:00:00 AM,695.773,22.761,2.016,312.057,90.899,0,0,NA,NA,NA,NA,3.926,NA,3.643,16.607,8.028
06/09/2024 06:00:00 AM,696.083,22.122,1.857,335.178,94.669,0.483,0,NA,NA,NA,NA,16.353,NA,1.736,9.429,5.278
06/09/2024 07:00:00 AM,696.344,22.285,1.913,22.036,93.764,27.292,0,NA,NA,NA,NA,-999,NA,-999,10.428,5.502
06/09/2024 08:00:00 AM,696.859,22.477,1.357,344.821,93.993,26.035,0,NA,NA,NA,NA,9.611,NA,2.268,11.977,6.506
06/09/2024 09:00:00 AM,697.251,23.753,1.252,285.406,88.122,108.637,0,NA,NA,NA,NA,18.102,NA,-999,9.453,5.821
06/09/2024 10:00:00 AM,697.291,25.069,0.998,340.332,81.363,149.929,0,NA,NA,NA,NA,27.905,NA,2.117,8.685,5.916
06/09/2024 11:00:00 AM,696.835,27.148,1.196,272.485,73.531,305.482,0,NA,NA,NA,NA,39.043,NA,-999,8.274,5.173
06/09/2024 12:00:00 PM,696.068,28.597,1.959,306.122,69.052,482.205,0,NA,NA,NA,NA,49.415,NA,1.512,13.898,8.03
06/09/2024 01:00:00 PM,695.415,28.302,2.953,331.463,69.998,252.815,0,NA,NA,NA,NA,50.782,NA,1.361,11.087,7.342
06/09/2024 02:00:00 PM,694.681,28.442,4.448,351.26,70.518,350.448,0,NA,NA,NA,NA,45.961,NA,1.197,9.411,6.89
06/09/2024 03:00:00 PM,694.136,28.251,3.875,320.091,72.86,230.066,0,NA,NA,NA,NA,-999,NA,-999,7.392,4.664
06/09/2024 04:00:00 PM,693.677,27.638,3.633,305.903,76.578,144.5,0,NA,NA,NA,NA,37.191,NA,-999,6.35,3.789
06/09/2024 05:00:00 PM,693.786,26.837,3.581,304.907,79.88,97.826,0,NA,NA,NA,NA,35.496,NA,1.554,5.587,2.908
06/09/2024 06:00:00 PM,694.311,25.411,1.272,295.622,87.523,7.362,1.6,NA,NA,NA,NA,-999,NA,-999,6.557,3.616
06/09/2024 07:00:00 PM,695.028,24.38,0.949,343.876,93.129,0.096,0.2,NA,NA,NA,NA,13.544,NA,2.773,8.68,4.119
06/09/2024 08:00:00 PM,695.683,24.089,1.394,28.718,93.229,0,0,NA,NA,NA,NA,9.304,NA,-999,14.957,5.636
06/09/2024 09:00:00 PM,696.206,23.637,1.373,104.328,87.811,0,0,NA,NA,NA,NA,12.911,NA,3.018,12.906,4.531
06/09/2024 10:00:00 PM,696.238,23.169,1.356,65.096,88.186,0,0,NA,NA,NA,NA,12.717,NA,-999,13.881,4.845
06/09/2024 11:00:00 PM,696.524,22.615,1.196,17.895,91.302,0,0,NA,NA,NA,NA,6.332,NA,2.554,15.762,5.212
06/10/2024 12:00:00 AM,696.24,22.237,1.198,106.416,92.208,0,0,NA,NA,NA,NA,3.926,NA,2.258,17.918,5.4
06/10/2024 01:00:00 AM,695.857,22.08,1.283,341.169,90.336,0,0,NA,NA,NA,NA,-999,NA,-999,16.354,4.929
06/10/2024 02:00:00 AM,695.541,21.807,1.149,121.983,93.27,0,0,NA,NA,NA,NA,3.926,NA,2.665,17.787,5.345
06/10/2024 03:00:00 AM,695.194,21.504,1.051,4.403,91.431,0,0,NA,NA,NA,NA,3.926,NA,2.231,14.987,4.858
06/10/2024 04:00:00 AM,694.949,21.269,0.691,43.079,90.804,0,0,NA,NA,NA,NA,-999,NA,-999,16.695,4.787
06/10/2024 05:00:00 AM,694.961,20.825,0.769,297.179,91.722,0,0,NA,NA,NA,NA,3.926,NA,1.532,19.391,5.279
06/10/2024 06:00:00 AM,695.168,20.739,0.697,349.154,93.64,0.515,0,NA,NA,NA,NA,3.926,NA,2.593,20.013,7.789
06/10/2024 07:00:00 AM,695.118,21.076,1.112,171.802,93.368,74.111,0,NA,NA,NA,NA,3.926,NA,-999,21.917,8.584
06/10/2024 08:00:00 AM,695.183,22.776,1.626,302.002,89.8,231.194,0,NA,NA,NA,NA,3.926,NA,4.055,19.317,9
06/10/2024 09:00:00 AM,695.068,24.841,1.547,353.424,83.792,312.764,0,NA,NA,NA,NA,11.235,NA,-999,22.981,11.754
06/10/2024 10:00:00 AM,694.967,26.36,2.376,50.302,77.455,423.319,0,NA,NA,NA,NA,30.487,NA,2.433,17.325,7.794
06/10/2024 11:00:00 AM,695.035,28.054,2.371,273.796,68.977,341.845,0,NA,NA,NA,NA,55.959,NA,1.653,11.731,5.269
06/10/2024 12:00:00 PM,694.836,27.555,3.807,326.049,73.292,229.341,0,NA,NA,NA,NA,43.97,NA,0.721,11.465,4.73
06/10/2024 01:00:00 PM,694.395,27.32,4.561,334.545,76.631,366.318,0,NA,NA,NA,NA,38.813,NA,0.853,8.675,4.207
06/10/2024 02:00:00 PM,693.725,27.685,4.294,345.611,73.522,280.445,0,NA,NA,NA,NA,38.259,NA,1.284,8.557,4.821
06/10/2024 03:00:00 PM,692.993,27.106,2.847,327.053,76.559,136.187,0.2,NA,NA,NA,NA,34.558,NA,1.476,8.434,4.779
06/10/2024 04:00:00 PM,692.63,27.211,2.456,316.348,77.21,180.154,0,NA,NA,NA,NA,33.845,NA,-999,7.736,3.767
06/10/2024 05:00:00 PM,692.656,27.08,2.245,303.105,76.702,82.472,0,NA,NA,NA,NA,35.143,NA,-999,7.144,3.916
06/10/2024 06:00:00 PM,692.796,26.155,1.325,74.983,82.5,54.584,0,NA,NA,NA,NA,28.702,NA,2.026,9.461,4.407
06/10/2024 07:00:00 PM,693.292,25.586,0.917,307.966,85.804,1.449,0,NA,NA,NA,NA,-999,NA,2.6,13.069,6.232
06/10/2024 08:00:00 PM,694.224,25.008,0.924,25.062,87.98,0,0,NA,NA,NA,NA,7.134,NA,2.655,16.775,7.605
06/10/2024 09:00:00 PM,694.857,24.699,1.166,50.528,86.63,0,0,NA,NA,NA,NA,11.691,NA,2.22,15.565,6.768
06/10/2024 10:00:00 PM,695.241,24.418,0.762,42.358,88.263,0,0,NA,NA,NA,NA,5.52,NA,-999,18.031,7.868
06/10/2024 11:00:00 PM,695.287,24.247,0.975,13.853,87.458,0,0,NA,NA,NA,NA,7.055,NA,-999,16.909,7.069
06/11/2024 12:00:00 AM,695.167,23.96,0.991,24.827,87.458,0,0,NA,NA,NA,NA,9.02,NA,2.068,15.559,5.851
06/11/2024 01:00:00 AM,694.951,23.571,1.117,297.309,90.474,0,0,NA,NA,NA,NA,-999,NA,-999,17.921,6.761
06/11/2024 02:00:00 AM,694.65,23.461,1.083,108.367,89.859,0,0,NA,NA,NA,NA,3.926,NA,2.424,16.473,6.213
06/11/2024 03:00:00 AM,694.327,23.553,1.029,198.046,88.258,0,0,NA,NA,NA,NA,8.007,NA,2.62,13.824,5.709
06/11/2024 04:00:00 AM,694.332,23.024,1.184,282.781,89.516,0,0,NA,NA,NA,NA,3.926,NA,-999,17.058,7.112
06/11/2024 05:00:00 AM,694.913,22.673,1.388,16.065,92.291,0,3.4,NA,NA,NA,NA,3.926,NA,-999,19.662,7.872
06/11/2024 06:00:00 AM,695.607,21.533,2.279,40.623,97.082,0,6,NA,NA,NA,NA,7.203,NA,4.422,11.296,4.757
06/11/2024 07:00:00 AM,696.429,21.082,1.345,302.704,97.393,6.46,0.4,NA,NA,NA,NA,11.591,NA,-999,10.62,2.576
06/11/2024 08:00:00 AM,697.02,20.952,1.719,300.136,97.373,31.336,0.8,NA,NA,NA,NA,12.761,NA,3.091,5.53,1.713
06/11/2024 09:00:00 AM,697.162,21.223,1.158,323.816,96.95,48.671,0.8,NA,NA,NA,NA,13.383,NA,2.949,3.642,1.38
06/11/2024 10:00:00 AM,696.912,23.101,1.266,32.021,90.096,273.904,0,NA,NA,NA,NA,18.101,NA,-999,9.517,2.491
06/11/2024 11:00:00 AM,696.109,24.655,2.492,270.798,84.892,339.815,0,NA,NA,NA,NA,34.932,NA,2.641,9.421,2.55
06/11/2024 12:00:00 PM,695.2,26.205,2.045,264.522,77.282,310.38,0,NA,NA,NA,NA,57.088,NA,-999,16.534,5.113
06/11/2024 01:00:00 PM,694.728,27.739,1.931,255.037,70.444,287.792,0,NA,NA,NA,NA,71.139,NA,-999,17.627,5.742
06/11/2024 02:00:00 PM,694.247,27.339,3.228,323.506,74.717,137.862,0,NA,NA,NA,NA,38.642,NA,-999,7.958,3.114
06/11/2024 03:00:00 PM,693.746,26.656,3.105,319.541,80.626,123.104,0,NA,NA,NA,NA,25.823,NA,2.088,7.422,2.705
06/11/2024 04:00:00 PM,693.698,25.877,2.262,309.032,82.993,42.082,0,NA,NA,NA,NA,23.172,NA,3.881,7.606,2.806
06/11/2024 05:00:00 PM,693.469,25.132,2.73,340.67,86.61,38.94,0,NA,NA,NA,NA,18.841,NA,-999,7.178,3.103
06/11/2024 06:00:00 PM,693.822,24.476,2.049,345.303,89.402,14.612,0,NA,NA,NA,NA,-999,NA,-999,7.01,3.271
06/11/2024 07:00:00 PM,694.072,24.042,1.533,10.689,91.066,2.336,0,NA,NA,NA,NA,9.493,NA,-999,9.076,3.993
06/11/2024 08:00:00 PM,694.44,23.578,0.831,336.459,93.703,0,0,NA,NA,NA,NA,3.926,NA,4.731,14.458,6.199
06/11/2024 09:00:00 PM,694.879,23.116,0.69,305.907,95.148,0,0,NA,NA,NA,NA,3.926,NA,5.025,20.084,8.549
06/11/2024 10:00:00 PM,695.218,22.617,0.747,91.004,96.293,0,0,NA,NA,NA,NA,3.926,NA,4.451,28.602,10.797
06/11/2024 11:00:00 PM,695.335,22.1,0.896,27.354,96.318,0,0,NA,NA,NA,NA,3.926,NA,-999,24.693,8.876
06/12/2024 12:00:00 AM,695.273,21.692,0.747,349.364,96.162,0,0,NA,NA,NA,NA,3.926,NA,3.597,23.151,7.885
06/12/2024 01:00:00 AM,695.179,21.611,0.758,120.914,94.395,0,0,NA,NA,NA,NA,3.926,NA,-999,19.808,7.069
06/12/2024 02:00:00 AM,695.115,21.337,0.868,99.333,93.498,0,0,NA,NA,NA,NA,3.926,NA,-999,21.496,6.611
06/12/2024 03:00:00 AM,695.225,21.441,0.949,326.648,91.922,0,0,NA,NA,NA,NA,3.926,NA,1.402,18.577,6.12
06/12/2024 04:00:00 AM,695.35,21.48,1.008,76.859,87.527,0,0,NA,NA,NA,NA,3.926,NA,0.749,16.118,4.591
06/12/2024 05:00:00 AM,695.689,21.588,0.697,109.361,87.245,0,0,NA,NA,NA,NA,-999,NA,-999,16.321,5.395
06/12/2024 06:00:00 AM,695.759,21.657,0.836,77.1,88.069,0.418,0,NA,NA,NA,NA,3.926,NA,1.626,20.375,8.833
06/12/2024 07:00:00 AM,696.056,21.714,1.387,308.384,88.558,79.894,0,NA,NA,NA,NA,3.926,NA,-999,27.902,13.731
06/12/2024 08:00:00 AM,696.351,23.406,1.311,316.419,86.447,181.91,0,NA,NA,NA,NA,3.926,NA,4.244,37.205,20.575
06/12/2024 09:00:00 AM,696.535,24.309,1.799,231.781,84.985,274.549,0,NA,NA,NA,NA,5.88,NA,-999,46.331,24.495
06/12/2024 10:00:00 AM,696.342,26.016,1.736,310.859,78.482,324.88,0,NA,NA,NA,NA,23.899,NA,3.344,40.561,21.64
06/12/2024 11:00:00 AM,696.057,28.159,2.906,20.377,65.432,496.351,0,NA,NA,NA,NA,51.676,NA,1.248,16.916,8.807
06/12/2024 12:00:00 PM,695.766,28.289,3.146,331.851,65.176,383.331,0,NA,NA,NA,NA,53.925,NA,-999,8.936,4.927
06/12/2024 01:00:00 PM,695.391,28.355,4.479,323.178,68.425,403.551,0,NA,NA,NA,NA,46.169,NA,-999,9.006,4.494
06/12/2024 02:00:00 PM,694.877,28.698,4.656,320.867,69.006,453.141,0,NA,NA,NA,NA,-999,NA,-999,7.802,3.823
06/12/2024 03:00:00 PM,694.17,28.778,4.887,320.723,68.834,369.036,0,NA,NA,NA,NA,39.219,NA,-999,7.011,3.395
06/12/2024 04:00:00 PM,693.771,29.363,3.456,327.222,65.955,272.293,0,NA,NA,NA,NA,36.353,NA,-999,6.87,3.156
06/12/2024 05:00:00 PM,693.735,28.587,2.646,287.889,67.2,107.541,0,NA,NA,NA,NA,33.415,NA,-999,8.533,3.672
06/12/2024 06:00:00 PM,693.964,27.851,3.154,327.128,71.404,75.351,0,NA,NA,NA,NA,30.334,NA,0.512,8.724,3.577
06/12/2024 07:00:00 PM,694.644,26.764,2.087,290.778,75.102,1.707,0,NA,NA,NA,NA,28.465,NA,-999,12.009,6.898
06/12/2024 08:00:00 PM,695.215,26.088,1.596,306.936,79.3,0,0,NA,NA,NA,NA,26.675,NA,0.658,10.807,6.226
06/12/2024 09:00:00 PM,695.545,25.437,0.885,271.207,78.279,0,0,NA,NA,NA,NA,-999,NA,-999,9.895,4.948
06/12/2024 10:00:00 PM,695.823,23.911,1.26,216.485,89.518,0,0,NA,NA,NA,NA,3.926,NA,3.411,16.127,8.588
06/12/2024 11:00:00 PM,695.823,23.373,0.817,312.213,93.227,0,0,NA,NA,NA,NA,3.926,NA,3.424,19.803,9.572
06/13/2024 12:00:00 AM,695.168,23.095,0.918,244.201,94.003,0,0,NA,NA,NA,NA,3.926,NA,3.44,18.078,8.545
06/13/2024 01:00:00 AM,694.998,23.004,1.017,307.182,93.797,0,0,NA,NA,NA,NA,3.926,NA,4.616,18.569,8.748
06/13/2024 02:00:00 AM,695.137,22.998,0.913,33.901,93.224,0,0,NA,NA,NA,NA,3.926,NA,5.099,18.061,8.257
06/13/2024 03:00:00 AM,694.939,22.852,0.866,33.86,90.511,0,0,NA,NA,NA,NA,3.926,NA,-999,13.675,5.047
06/13/2024 04:00:00 AM,694.799,22.676,0.836,222.419,91.506,0,0,NA,NA,NA,NA,3.926,NA,3.069,11.909,5.07
06/13/2024 05:00:00 AM,694.828,22.3,1.011,350.638,92.592,0,0,NA,NA,NA,NA,-999,NA,-999,13.134,5.415
06/13/2024 06:00:00 AM,695.403,22.021,0.88,234.675,92.988,0.58,0,NA,NA,NA,NA,3.926,NA,4.707,19.89,10.058
06/13/2024 07:00:00 AM,695.599,22.451,1.059,343.057,89.348,65.475,0,NA,NA,NA,NA,3.926,NA,3.788,18.603,7.45
06/13/2024 08:00:00 AM,695.989,23.749,1.414,222.307,87.611,208.445,0,NA,NA,NA,NA,3.926,NA,6.37,27.053,11.742
06/13/2024 09:00:00 AM,695.999,25.124,1.98,2.034,83.529,336.222,0,NA,NA,NA,NA,11.191,NA,-999,33.811,15.091
06/13/2024 10:00:00 AM,695.686,27.204,2.03,216.268,73.848,425.284,0,NA,NA,NA,NA,33.885,NA,3.143,21.099,8.802
06/13/2024 11:00:00 AM,695.201,29.504,1.522,265.76,62.284,511.431,0.4,NA,NA,NA,NA,57.658,NA,-999,13.601,5.961
06/13/2024 12:00:00 PM,694.579,30.465,2.736,334.42,58.656,361.888,0,NA,NA,NA,NA,69.503,NA,1.144,11.377,5.234
06/13/2024 01:00:00 PM,694.045,29.347,3.809,322.592,66.805,276.547,0,NA,NA,NA,NA,55.696,NA,-999,11.221,5.202
06/13/2024 02:00:00 PM,693.465,29.55,5.282,327.187,67.428,355.523,0,NA,NA,NA,NA,46.432,NA,1.414,9.864,4.696
06/13/2024 03:00:00 PM,693.077,28.285,5.373,324.998,73.356,232.129,0,NA,NA,NA,NA,45.142,NA,1.74,10.633,5.8
06/13/2024 04:00:00 PM,692.979,27.545,4.626,325.611,78.507,166.991,0,NA,NA,NA,NA,40.821,NA,2.175,10.483,5.146
06/13/2024 05:00:00 PM,693.169,26.272,1.857,312.717,82.617,34.51,0.2,NA,NA,NA,NA,25.65,NA,-999,12.136,5.583
06/13/2024 06:00:00 PM,693.572,25.245,1.105,359.63,83.994,13.372,0,NA,NA,NA,NA,12.17,NA,-999,14.053,6.645
06/13/2024 07:00:00 PM,694.285,24.547,1.236,247.268,86.898,0.547,0,NA,NA,NA,NA,6.835,NA,3.645,20.37,8.67
06/13/2024 08:00:00 PM,694.861,23.88,0.937,242.063,87.944,0,0,NA,NA,NA,NA,-999,NA,-999,22.433,9.118
06/13/2024 09:00:00 PM,695.367,23.761,0.846,113.683,86.743,0,0,NA,NA,NA,NA,3.926,NA,3.904,21.126,8.376
06/13/2024 10:00:00 PM,695.409,22.957,1.138,240.929,90.944,0,0,NA,NA,NA,NA,3.926,NA,6.209,22.827,9.198
06/13/2024 11:00:00 PM,695.223,22.61,0.855,127.164,91.049,0,0,NA,NA,NA,NA,3.926,NA,5.08,18.459,7.996
06/14/2024 12:00:00 AM,695.181,22.063,1.086,13.894,94.6,0,0,NA,NA,NA,NA,3.926,NA,5.621,22.53,8.964
06/14/2024 01:00:00 AM,695.275,22.158,0.989,144.268,92.072,0,0,NA,NA,NA,NA,3.926,NA,-999,18.998,7.353
06/14/2024 02:00:00 AM,694.749,21.864,1.047,100.054,92.339,0,0,NA,NA,NA,NA,3.926,NA,5.648,17.774,6.851
06/14/2024 03:00:00 AM,694.536,21.695,1.071,324.57,93.078,0,0,NA,NA,NA,NA,3.926,NA,5.64,18.892,7.874
06/14/2024 04:00:00 AM,694.697,21.89,1.373,93.855,87.552,0,0,NA,NA,NA,NA,3.926,NA,-999,13.433,4.734
06/14/2024 05:00:00 AM,694.971,21.393,0.898,258.367,92.289,0,0,NA,NA,NA,NA,3.926,NA,5.643,16.84,6.297
06/14/2024 06:00:00 AM,695.141,21.246,0.802,276.286,91.5,0.821,0,NA,NA,NA,NA,-999,NA,-999,17.915,6.413
06/14/2024 07:00:00 AM,695.743,21.639,1.173,35.983,88.585,27.421,0,NA,NA,NA,NA,3.926,NA,3.75,20.441,6.393
06/14/2024 08:00:00 AM,695.916,22.719,1.058,349.635,86.317,125.118,0,NA,NA,NA,NA,3.926,NA,-999,28.787,9.47
06/14/2024 09:00:00 AM,695.694,25.118,1.571,46.919,77.742,283.249,0,NA,NA,NA,NA,9.787,NA,-999,18.309,7.358
06/14/2024 10:00:00 AM,695.431,26.605,1.291,329.559,74.001,331.76,0,NA,NA,NA,NA,24.681,NA,4.035,24.255,10.963
06/14/2024 11:00:00 AM,694.984,27.552,2.486,324.669,70.622,361.227,0,NA,NA,NA,NA,50.466,NA,-999,21.953,10.666
06/14/2024 12:00:00 PM,694.484,27.481,4.463,327.127,72.402,333.838,0,NA,NA,NA,NA,65.13,NA,2.449,16.721,8.794
06/14/2024 01:00:00 PM,693.984,27.284,5.074,328.677,75.904,325.041,0,NA,NA,NA,NA,50.27,NA,-999,11.415,5.604
06/14/2024 02:00:00 PM,693.52,27.545,5.507,334.459,74.976,292.319,0,NA,NA,NA,NA,43.403,NA,2.552,8.685,4.488
06/14/2024 03:00:00 PM,693.228,26.136,4.799,333.868,80.511,166.556,0,NA,NA,NA,NA,33.052,NA,2.746,7.329,3.541
06/14/2024 04:00:00 PM,692.982,25.578,3.707,320.971,82.603,104.609,0,NA,NA,NA,NA,30.788,NA,3.794,9.096,5.281
06/14/2024 05:00:00 PM,693.097,26.703,2.651,353.377,77.445,161.932,0,NA,NA,NA,NA,35.186,NA,3.345,7.028,4.047
06/14/2024 06:00:00 PM,693.368,26.046,2.271,323.272,79.571,34.461,0,NA,NA,NA,NA,28.135,NA,2.981,8.925,4.418
06/14/2024 07:00:00 PM,693.969,25.63,1.41,349.075,80.58,1.224,0,NA,NA,NA,NA,-999,NA,-999,13.522,6.729
06/14/2024 08:00:00 PM,694.859,24.842,0.811,304.079,86.693,0,0,NA,NA,NA,NA,3.926,NA,-999,38.794,15.251
06/14/2024 09:00:00 PM,695.419,24.383,1.101,54.117,88.55,0,0,NA,NA,NA,NA,3.926,NA,6.335,34.996,13.092
06/14/2024 10:00:00 PM,695.273,24.159,0.801,36.641,88.021,0,0,NA,NA,NA,NA,5.44,NA,5.995,21.006,9.122
06/14/2024 11:00:00 PM,695.486,23.553,1.104,282.721,90.276,0,0,NA,NA,NA,NA,3.926,NA,-999,23.725,10.861
06/15/2024 12:00:00 AM,695.721,23.46,0.953,53.524,89.946,0,0,NA,NA,NA,NA,3.926,NA,5.614,19.466,9.082
06/15/2024 01:00:00 AM,695.516,23.263,0.855,181.1,90.313,0,0,NA,NA,NA,NA,3.926,NA,3.788,20.055,9.17
06/15/2024 02:00:00 AM,695.32,23.087,1.062,36.02,89.798,0,0,NA,NA,NA,NA,3.926,NA,2.388,15.097,6.844
06/15/2024 03:00:00 AM,695.166,22.99,0.985,25.708,89.263,0,0,NA,NA,NA,NA,4.454,NA,1.732,13.459,5.558
06/15/2024 04:00:00 AM,695.521,22.324,1.923,63.063,93.156,0,8.599,NA,NA,NA,NA,-999,NA,-999,12.11,5.377
06/15/2024 05:00:00 AM,696.09,20.446,2.154,14.882,97.849,0,11.4,NA,NA,NA,NA,20.381,NA,2.634,7.153,2.338
06/15/2024 06:00:00 AM,696.315,20.308,1.193,93.809,98.067,0,0.2,NA,NA,NA,NA,13.696,NA,2.157,10.457,2.54
06/15/2024 07:00:00 AM,696.507,20.291,0.975,38.071,98.057,13.742,0,NA,NA,NA,NA,7.855,NA,2.563,12.47,3.256
06/15/2024 08:00:00 AM,696.686,21.057,0.822,2.934,96.062,53.507,0,NA,NA,NA,NA,-999,NA,-999,14.965,4.077
06/15/2024 09:00:00 AM,696.918,22.441,0.956,322.736,91.14,112.213,0,NA,NA,NA,NA,8.049,NA,2.557,17.224,5.543
06/15/2024 10:00:00 AM,696.867,23.754,1.31,269.39,89.488,207.478,0,NA,NA,NA,NA,11.425,NA,7.556,30.066,11.274
06/15/2024 11:00:00 AM,696.479,26.188,1.337,348.153,80.471,311.54,0,NA,NA,NA,NA,-999,NA,-999,34.942,15.316
06/15/2024 12:00:00 PM,696.026,26.546,2.073,343.515,75.726,240.232,0,NA,NA,NA,NA,52.011,NA,2.811,22.3,9.365
06/15/2024 01:00:00 PM,695.536,26.307,3.419,356.437,75.617,173.178,0,NA,NA,NA,NA,34.44,NA,-999,8.669,3.565
06/15/2024 02:00:00 PM,695.079,25.609,4.393,337.561,81.083,151.315,0,NA,NA,NA,NA,27.55,NA,1.544,6.703,2.586
06/15/2024 03:00:00 PM,694.551,25.248,3.72,330.701,82.567,140.698,0,NA,NA,NA,NA,26.51,NA,1.029,5.083,2.24
06/15/2024 04:00:00 PM,694.074,25.318,3.293,329.652,82.579,147.883,0,NA,NA,NA,NA,26.52,NA,-999,4.795,1.995
06/15/2024 05:00:00 PM,693.93,25.235,2.993,333.928,83.061,89.19,0,NA,NA,NA,NA,28.433,NA,1.146,5.425,2.174
06/15/2024 06:00:00 PM,694.09,24.821,1.461,317.67,86.109,18.35,0,NA,NA,NA,NA,-999,NA,-999,7.849,3.834
06/15/2024 07:00:00 PM,694.65,23.824,1.639,333.532,90.791,0.322,0,NA,NA,NA,NA,7.612,NA,2.799,9.724,4.402
06/15/2024 08:00:00 PM,695.319,23.339,1.399,32.676,92.5,0,1.2,NA,NA,NA,NA,11.33,NA,-999,9.623,5.207
06/15/2024 09:00:00 PM,695.68,22.928,0.977,102.408,93.548,0,1,NA,NA,NA,NA,14.584,NA,-999,6.083,3.4
06/15/2024 10:00:00 PM,695.92,22.744,1.41,110.777,94.18,0,0,NA,NA,NA,NA,4.625,NA,2.929,12.038,6.566
06/15/2024 11:00:00 PM,696.221,22.621,0.788,199.86,95.461,0,0,NA,NA,NA,NA,3.926,NA,3.702,15.877,8.398
06/16/2024 12:00:00 AM,696.451,22.398,0.657,263.605,96.088,0,0.8,NA,NA,NA,NA,3.926,NA,3.379,19.643,10.025
06/16/2024 01:00:00 AM,695.971,22.129,0.955,337.735,96.859,0,0.4,NA,NA,NA,NA,-999,NA,4.634,18.61,10
06/16/2024 02:00:00 AM,695.646,21.779,0.688,15.582,97.306,0,0,NA,NA,NA,NA,3.926,NA,6.142,19.921,10.673
06/16/2024 03:00:00 AM,695.668,21.828,0.852,24.037,97.297,0,0,NA,NA,NA,NA,-999,NA,-999,24.986,12.45
06/16/2024 04:00:00 AM,695.562,21.641,0.984,36.088,97.517,0,0,NA,NA,NA,NA,3.926,NA,5.31,24.636,10.687
06/16/2024 05:00:00 AM,695.506,21.467,0.853,324.29,97.105,0,0,NA,NA,NA,NA,3.926,NA,2.821,23.203,7.055
06/16/2024 06:00:00 AM,695.827,21.601,0.887,33.316,97.358,0.016,0,NA,NA,NA,NA,3.926,NA,7.134,29.593,13.193
06/16/2024 07:00:00 AM,696.197,21.605,0.861,272.837,97.712,8.281,0,NA,NA,NA,NA,3.926,NA,-999,33.432,15.82
06/16/2024 08:00:00 AM,696.584,21.907,1.171,349.311,97.494,53.714,0,NA,NA,NA,NA,3.926,NA,-999,36.209,18.64
06/16/2024 09:00:00 AM,696.843,23.336,1.319,8.917,91.105,254.603,0,NA,NA,NA,NA,3.926,NA,5.416,30.537,17.304
06/16/2024 10:00:00 AM,696.9,25.073,1.646,164.914,81.742,229.212,0,NA,NA,NA,NA,21.085,NA,2.709,17.302,10.812
06/16/2024 11:00:00 AM,696.993,24.878,3.077,351.399,81.55,223.88,0.4,NA,NA,NA,NA,30.273,NA,-999,11.271,6.311
06/16/2024 12:00:00 PM,696.576,25.229,3.556,351.449,80.124,266.348,0,NA,NA,NA,NA,32.345,NA,2.408,10.148,6.657
06/16/2024 01:00:00 PM,696.034,25.669,3.635,355.727,76.013,192.785,0,NA,NA,NA,NA,-999,NA,-999,10.182,7.572
06/16/2024 02:00:00 PM,695.629,24.796,3.867,356.065,82.594,139.328,0,NA,NA,NA,NA,30.178,NA,2.823,15.73,12.76
06/16/2024 03:00:00 PM,695.148,24.166,3.456,354.428,85.51,119.963,0,NA,NA,NA,NA,29.172,NA,-999,12.444,9.846
06/16/2024 04:00:00 PM,694.815,24.59,3.584,338.709,82.382,145.595,0,NA,NA,NA,NA,32.906,NA,-999,7.313,5.362
06/16/2024 05:00:00 PM,694.84,24.767,3.397,329.149,82.105,83.89,0,NA,NA,NA,NA,30.31,NA,2.74,7.095,5.037
06/16/2024 06:00:00 PM,695.123,23.875,3.035,318.558,85.418,20.042,0,NA,NA,NA,NA,28.468,NA,-999,6.151,4.17
06/16/2024 07:00:00 PM,695.167,23.39,1.287,316.809,87.637,0.499,0,NA,NA,NA,NA,18.234,NA,3.424,8.698,4.781
06/16/2024 08:00:00 PM,695.54,23.041,0.899,103.154,90.429,0,0,NA,NA,NA,NA,10.359,NA,-999,8.121,3.309
06/16/2024 09:00:00 PM,695.98,22.848,1.155,37.123,91.667,0,0,NA,NA,NA,NA,6.696,NA,3.065,12.946,5.941
06/16/2024 10:00:00 PM,696.18,22.43,0.905,213.707,93.635,0,0,NA,NA,NA,NA,3.926,NA,3.381,20.779,8.334
06/16/2024 11:00:00 PM,696.461,22.135,0.997,50.762,93.714,0,0,NA,NA,NA,NA,-999,NA,-999,21.923,7.152
06/17/2024 12:00:00 AM,696.237,21.674,0.765,20.472,95.465,0,0,NA,NA,NA,NA,3.926,NA,3.933,23.334,8.608
06/17/2024 01:00:00 AM,695.789,21.359,0.761,355.64,95.921,0,0,NA,NA,NA,NA,-999,NA,-999,23.512,8.338
06/17/2024 02:00:00 AM,695.34,21.129,0.714,245.354,96.616,0,0,NA,NA,NA,NA,3.926,NA,3.077,22.58,8.477
06/17/2024 03:00:00 AM,695.23,20.932,0.578,243.507,96.962,0,0,NA,NA,NA,NA,-999,NA,-999,23.341,8.428
06/17/2024 04:00:00 AM,695.097,20.592,0.709,153.072,97.035,0,0,NA,NA,NA,NA,3.926,NA,-999,23.153,6.745
06/17/2024 05:00:00 AM,695.196,20.87,0.676,19.677,95.048,0,0,NA,NA,NA,NA,3.926,NA,1.977,21.66,5.923
06/17/2024 06:00:00 AM,695.32,21.039,0.883,263.373,95.723,0.596,0,NA,NA,NA,NA,3.926,NA,3.505,26.206,8.195
06/17/2024 07:00:00 AM,695.594,20.889,0.591,110.413,95.915,28.242,0,NA,NA,NA,NA,-999,NA,-999,27.952,9.079
06/17/2024 08:00:00 AM,695.886,22.224,0.767,292.269,93.295,117.997,0,NA,NA,NA,NA,3.926,NA,5.282,31.783,12.496
06/17/2024 09:00:00 AM,695.98,24.436,1.344,19.164,85.121,306.642,0,NA,NA,NA,NA,4.186,NA,-999,29.691,13.496
06/17/2024 10:00:00 AM,695.612,26.296,1.356,11.023,78.589,333.677,0,NA,NA,NA,NA,17.532,NA,4.028,31.387,14.528
06/17/2024 11:00:00 AM,695.182,27.741,2.797,327.294,69.248,474.359,0,NA,NA,NA,NA,48.403,NA,1.92,22.531,9.307
06/17/2024 12:00:00 PM,694.534,28.934,3.372,348.023,60.606,482.608,0,NA,NA,NA,NA,62.276,NA,0.769,9.069,3.869
06/17/2024 01:00:00 PM,693.75,29.513,4.821,331.752,61.226,481.705,0,NA,NA,NA,NA,51.094,NA,0.537,6.642,2.711
06/17/2024 02:00:00 PM,693.101,29.225,5.32,323.755,64.635,443.555,0,NA,NA,NA,NA,44.192,NA,-999,8.381,4.292
06/17/2024 03:00:00 PM,692.513,28.959,5.025,320.302,67.572,388.116,0,NA,NA,NA,NA,34.723,NA,0.743,6.663,2.957
06/17/2024 04:00:00 PM,692.175,29.18,3.692,297.744,66.348,270.521,0,NA,NA,NA,NA,32.378,NA,-999,6.598,2.826
06/17/2024 05:00:00 PM,692.145,28.373,4.238,279.339,70.646,221.141,0,NA,NA,NA,NA,35.601,NA,0.651,6.761,3.229
06/17/2024 06:00:00 PM,692.399,27.443,2.741,307.571,72.865,101.854,0,NA,NA,NA,NA,36.002,NA,-999,8.066,3.958
06/17/2024 07:00:00 PM,692.849,26.199,1.292,294.766,78.788,4.043,0,NA,NA,NA,NA,33.047,NA,-999,12.538,6.018
06/17/2024 08:00:00 PM,693.317,25.579,1.278,289.778,81.861,0,0,NA,NA,NA,NA,18.571,NA,2.233,13.516,5.899
06/17/2024 09:00:00 PM,694.012,25.062,1.049,68.123,84.659,0,0,NA,NA,NA,NA,12.07,NA,1.889,15.294,6.315
06/17/2024 10:00:00 PM,694.665,24.97,1.274,14.864,84.115,0,0,NA,NA,NA,NA,7.71,NA,3.678,18.737,7.756
06/17/2024 11:00:00 PM,695.229,24.297,2,234.72,80.737,0,0,NA,NA,NA,NA,20.317,NA,4.846,15.183,5.352
06/18/2024 12:00:00 AM,695.293,23.441,2.449,220.404,82.697,0,0,NA,NA,NA,NA,24.165,NA,2.756,8.683,2.837
06/18/2024 01:00:00 AM,695.092,22.585,2.514,175.214,84.242,0,0,NA,NA,NA,NA,28.291,NA,2.938,6.517,1.758
06/18/2024 02:00:00 AM,694.704,22.168,2.024,204.964,85.63,0,0,NA,NA,NA,NA,25.263,NA,3.366,6.246,1.58
06/18/2024 03:00:00 AM,694.449,22.207,2.072,185.58,84.625,0,0,NA,NA,NA,NA,22.153,NA,3.853,9.397,2.5
06/18/2024 04:00:00 AM,694.32,21.714,2.251,203.126,86.788,0,0,NA,NA,NA,NA,21.05,NA,3.381,6.577,1.967
06/18/2024 05:00:00 AM,694.086,21.894,1.455,172.729,86.264,0,0,NA,NA,NA,NA,12.241,NA,3.724,8.29,2.698
06/18/2024 06:00:00 AM,694.318,21.661,1.448,165.742,85.951,0.306,0,NA,NA,NA,NA,11.678,NA,3.458,8.744,2.893
06/18/2024 07:00:00 AM,694.825,21.179,0.663,78.563,89.13,29.289,0,NA,NA,NA,NA,3.926,NA,3.26,14.603,4.934
06/18/2024 08:00:00 AM,694.969,23.013,1.405,162.029,80.818,153.393,0,NA,NA,NA,NA,12.241,NA,3.861,20.07,5.784
06/18/2024 09:00:00 AM,694.705,24.551,2.196,246.462,76.936,320.643,0,NA,NA,NA,NA,21.744,NA,3.16,12.865,3.667
06/18/2024 10:00:00 AM,694.314,26.288,2.946,243.792,69.632,386.302,0,NA,NA,NA,NA,39.567,NA,2.858,11.81,3.341
06/18/2024 11:00:00 AM,693.725,27.295,2.95,251.813,66.857,406.112,0,NA,NA,NA,NA,45.099,NA,3.399,20.68,5.416
06/18/2024 12:00:00 PM,693.084,28.678,2.46,252.274,62.936,376.661,0.2,NA,NA,NA,NA,64.116,NA,2.133,17.293,4.804
06/18/2024 01:00:00 PM,692.553,30.51,3.269,285.653,57.559,432.953,0,NA,NA,NA,NA,58.591,NA,1.661,13.164,3.778
06/18/2024 02:00:00 PM,692.296,28.136,5.056,298.752,70.192,275.258,0,NA,NA,NA,NA,42.605,NA,1.558,8.509,3.012
06/18/2024 03:00:00 PM,691.819,27.733,4.785,322.244,70.498,275.161,0,NA,NA,NA,NA,40.311,NA,2.202,6.945,3.075
06/18/2024 04:00:00 PM,691.467,27.842,3.776,316.717,69.832,166.717,0,NA,NA,NA,NA,38.821,NA,2.369,7.619,3.263
06/18/2024 05:00:00 PM,691.767,27.211,3.048,322.959,69.279,89.513,0,NA,NA,NA,NA,37.083,NA,2.481,7.516,3.223
06/18/2024 06:00:00 PM,691.964,26.925,1.851,313.725,70.427,21.476,0,NA,NA,NA,NA,32.357,NA,2.506,11.722,5.118
06/18/2024 07:00:00 PM,692.827,25.689,3.213,308.833,75.291,0.193,0,NA,NA,NA,NA,20.029,NA,4.059,16.279,7.326
06/18/2024 08:00:00 PM,693.87,23.006,3.288,318.845,86.051,0,0,NA,NA,NA,NA,27.872,NA,2.991,10.553,4.705
06/18/2024 09:00:00 PM,694.348,22.679,2.009,328.119,86.551,0,0,NA,NA,NA,NA,16.722,NA,4.782,13.604,6.083
06/18/2024 10:00:00 PM,695.279,22.275,2.45,11.819,88.56,0,0,NA,NA,NA,NA,17.095,NA,4.502,14.529,6.363
06/18/2024 11:00:00 PM,695.49,21.674,1.376,336.536,91.454,0,0.4,NA,NA,NA,NA,23.243,NA,3.633,7.866,3.231
06/19/2024 12:00:00 AM,695.021,21.724,1.357,78.012,92.574,0,0,NA,NA,NA,NA,17.49,NA,4.448,9.256,3.937
06/19/2024 01:00:00 AM,694.735,21.962,1.507,204.828,92.1,0,0,NA,NA,NA,NA,8.765,NA,3.33,11.491,5.048
06/19/2024 02:00:00 AM,694.713,21.846,1.141,205.369,92.313,0,0,NA,NA,NA,NA,4.957,NA,4.193,13.267,6.433
06/19/2024 03:00:00 AM,694.518,21.72,1.261,49.538,92.342,0,0,NA,NA,NA,NA,8.496,NA,3.652,13.608,6.539
06/19/2024 04:00:00 AM,694.257,21.291,0.827,229.274,94.889,0,0,NA,NA,NA,NA,6.19,NA,4.502,17.173,9.822
06/19/2024 05:00:00 AM,694.113,21.327,1.125,170.712,92.47,0,0,NA,NA,NA,NA,12.341,NA,3.084,8.697,3.876
06/19/2024 06:00:00 AM,694.131,21.36,1.436,202.335,90.742,0.032,0,NA,NA,NA,NA,9.784,NA,2.894,8.23,3.135
06/19/2024 07:00:00 AM,694.875,21.445,0.811,17.352,92.825,15.482,0,NA,NA,NA,NA,3.926,NA,3.997,16.004,6.645
06/19/2024 08:00:00 AM,695.334,22.156,0.914,20.202,90.847,84.035,0,NA,NA,NA,NA,3.926,NA,4.437,17.731,7.599
06/19/2024 09:00:00 AM,695.559,22.628,1.264,8.286,88.218,103.739,0,NA,NA,NA,NA,6.031,NA,5.036,23.593,10.271
06/19/2024 10:00:00 AM,695.55,23.885,1.583,270.712,82.684,209.444,0,NA,NA,NA,NA,21.53,NA,3.996,19.92,7.455
06/19/2024 11:00:00 AM,695.212,24.927,2.252,251.845,78.2,303.195,0,NA,NA,NA,NA,39.027,NA,3.152,17.487,6.371
06/19/2024 12:00:00 PM,694.651,27.347,1.821,251.738,68.418,454.961,0,NA,NA,NA,NA,61.661,NA,1.85,11.544,4.682
06/19/2024 01:00:00 PM,693.805,28.422,3.396,326.125,64.854,333.048,0.2,NA,NA,NA,NA,65.848,NA,0.8,9.127,3.753
06/19/2024 02:00:00 PM,693.024,27.191,5.517,326.372,74.796,360.067,0,NA,NA,NA,NA,49.863,NA,0.855,8.47,3.525
06/19/2024 03:00:00 PM,692.403,26.873,5.484,321.403,75.354,368.783,0,NA,NA,NA,NA,45.116,NA,0.958,7.38,3.096
06/19/2024 04:00:00 PM,692.079,26.941,5.354,325.752,73.81,339.574,0,NA,NA,NA,NA,41.67,NA,1.086,6.857,2.82
06/19/2024 05:00:00 PM,692.14,26.401,4.417,327.201,75.033,130.049,0,NA,NA,NA,NA,37.245,NA,1.074,7.335,3.333
06/19/2024 06:00:00 PM,692.339,25.54,3.461,332.105,78.78,54.842,0,NA,NA,NA,NA,33.051,NA,1.695,7.225,3.043
06/19/2024 07:00:00 PM,692.965,24.643,2.914,323.149,84.006,0.918,0,NA,NA,NA,NA,29.322,NA,1.844,7.534,3.278
06/19/2024 08:00:00 PM,693.602,24.164,1.776,343.876,86.284,0,0,NA,NA,NA,NA,28.249,NA,2.421,8.801,4.023
06/19/2024 09:00:00 PM,694.208,24.094,1.596,9.942,86.377,0,0,NA,NA,NA,NA,17.244,NA,2.914,11.021,5.217
06/19/2024 10:00:00 PM,694.972,23.672,1.876,14.107,84.063,0,0,NA,NA,NA,NA,22.576,NA,3.066,13.193,5.789
06/19/2024 11:00:00 PM,695.123,23.194,0.978,36.553,80.237,0,0,NA,NA,NA,NA,29.861,NA,2.487,11.78,4.193
06/20/2024 12:00:00 AM,694.851,22.802,1.028,21.767,85.14,0,0,NA,NA,NA,NA,13.366,NA,3.127,14.762,5.518
06/20/2024 01:00:00 AM,694.553,22.422,1.053,71.741,86.587,0,0,NA,NA,NA,NA,11.055,NA,2.319,11.532,4.378
06/20/2024 02:00:00 AM,694.405,22.121,1.094,47.166,86.072,0,0,NA,NA,NA,NA,9.548,NA,2.75,11.438,4.076
06/20/2024 03:00:00 AM,694.114,21.966,0.927,104.624,85.699,0,0,NA,NA,NA,NA,13.267,NA,2.475,10.93,3.96
06/20/2024 04:00:00 AM,694.197,21.631,0.902,26.156,89.945,0,0,NA,NA,NA,NA,3.926,NA,7.37,13.542,5.077
06/20/2024 05:00:00 AM,694.207,21.491,1.042,88.435,89.482,0,0,NA,NA,NA,NA,5.762,NA,1.313,10.363,3.743
06/20/2024 06:00:00 AM,694.489,21.185,0.648,76.81,90.121,0.338,0,NA,NA,NA,NA,3.926,NA,1.613,11,3.82
06/20/2024 07:00:00 AM,694.906,21.247,1.012,235.468,90.527,42.42,0,NA,NA,NA,NA,3.926,NA,2.774,15.205,5.837
06/20/2024 08:00:00 AM,695.428,22.962,1.569,101.903,82.972,188.467,0,NA,NA,NA,NA,7.776,NA,1.611,17.056,5.73
06/20/2024 09:00:00 AM,695.593,25.026,1.619,44.719,76.589,335.546,0,NA,NA,NA,NA,22.728,NA,1.043,23.678,7.68
06/20/2024 10:00:00 AM,695.592,26.512,1.921,313.524,70.401,399.765,0,NA,NA,NA,NA,47.361,NA,0.828,13.579,6.655
06/20/2024 11:00:00 AM,695.467,26.951,3.101,2.724,68.151,308.624,0,NA,NA,NA,NA,55.411,NA,0.451,10.901,5.086
06/20/2024 12:00:00 PM,695.031,27.291,2.724,319.898,67.298,243.809,0,NA,NA,NA,NA,50.475,NA,-999,8.418,3.31
06/20/2024 01:00:00 PM,694.449,27.174,1.411,311.505,72.524,187.903,0.2,NA,NA,NA,NA,45.584,NA,0.759,10.019,4.304
06/20/2024 02:00:00 PM,693.95,27.743,2.968,280.273,71.977,293.56,0,NA,NA,NA,NA,43.212,NA,0.552,8.277,4.01
06/20/2024 03:00:00 PM,693.208,27.649,4.946,333.493,71.47,282.121,0,NA,NA,NA,NA,43.385,NA,0.933,6.821,3.341
06/20/2024 04:00:00 PM,692.864,26.833,3.992,327.032,77.105,181.378,0,NA,NA,NA,NA,38.208,NA,0.864,6.684,3.132
06/20/2024 05:00:00 PM,692.879,26.639,3.142,306.532,76.087,87.451,0,NA,NA,NA,NA,36.363,NA,0.901,8.903,3.821
06/20/2024 06:00:00 PM,693.104,25.966,3.312,346.079,79.628,53.956,0,NA,NA,NA,NA,31.673,NA,1.941,7.879,3.648
06/20/2024 07:00:00 PM,693.713,25.282,2.344,333.119,83.499,3.592,0,NA,NA,NA,NA,27.738,NA,1.798,9.015,4.713
06/20/2024 08:00:00 PM,694.4,24.648,2.001,328.247,86.531,0,0,NA,NA,NA,NA,33.365,NA,1.589,8.711,4.679
06/20/2024 09:00:00 PM,695.009,24.352,0.697,288.598,88.454,0,0,NA,NA,NA,NA,30.791,NA,1.894,12.336,7.737
06/20/2024 10:00:00 PM,695.374,24.305,1.124,50.224,88.901,0,0,NA,NA,NA,NA,22.478,NA,2.409,12.276,6.97
06/20/2024 11:00:00 PM,695.474,23.972,0.864,355.964,90.198,0,0,NA,NA,NA,NA,16.843,NA,3,17.135,9.709
06/21/2024 12:00:00 AM,695.378,23.381,1.273,21.761,91.193,0,0,NA,NA,NA,NA,8.668,NA,2.628,15.396,7.953
06/21/2024 01:00:00 AM,695.192,22.763,1.514,22.456,89.204,0,0,NA,NA,NA,NA,11.787,NA,2.028,9.811,4.891
06/21/2024 02:00:00 AM,694.698,22.434,1.471,43.765,85.961,0,0,NA,NA,NA,NA,13.598,NA,2.026,8.614,3.699
06/21/2024 03:00:00 AM,694.585,22.162,1.64,100.824,84.519,0,0,NA,NA,NA,NA,12.588,NA,1.437,8.792,3.488
06/21/2024 04:00:00 AM,694.589,21.788,1.534,99.664,85.089,0,0,NA,NA,NA,NA,11.735,NA,1.581,8.473,3.747
06/21/2024 05:00:00 AM,694.714,21.493,0.855,329.24,84.5,0,0,NA,NA,NA,NA,8.963,NA,1.517,9.027,3.67
06/21/2024 06:00:00 AM,694.806,20.928,0.659,291.082,87.383,0.467,0,NA,NA,NA,NA,3.926,NA,2.081,12.594,5.103
06/21/2024 07:00:00 AM,695.016,21.222,0.903,9.337,87.025,68.004,0,NA,NA,NA,NA,3.926,NA,2.653,17.594,6.749
06/21/2024 08:00:00 AM,695.218,23.081,1.442,270.217,82.951,194.074,0,NA,NA,NA,NA,3.926,NA,4.99,21.878,10.079
06/21/2024 09:00:00 AM,695.243,24.489,1.285,300.666,80.09,245.404,0,NA,NA,NA,NA,5.316,NA,8.043,37,15.15
06/21/2024 10:00:00 AM,695.307,25.915,1.581,328.497,75.916,259.92,0,NA,NA,NA,NA,17.116,NA,6.5,37.217,15.975
06/21/2024 11:00:00 AM,695.143,27.124,2.003,309.204,71.703,266.977,0.2,NA,NA,NA,NA,53.384,NA,3.182,33.5,15.952
06/21/2024 12:00:00 PM,695.074,27.135,4.213,332.821,74.046,262.305,0,NA,NA,NA,NA,69.676,NA,0.857,16.125,8.553
06/21/2024 01:00:00 PM,694.962,26.431,4.02,317.428,78.034,155.762,0,NA,NA,NA,NA,52.104,NA,0.851,13.429,6.612
06/21/2024 02:00:00 PM,694.868,25.913,4.102,324.026,80.738,156.89,0,NA,NA,NA,NA,39.14,NA,1.574,9.936,5.434
06/21/2024 03:00:00 PM,694.476,25.334,3.237,343.664,82.419,114.227,0,NA,NA,NA,NA,37.547,NA,1.501,9.214,5.198
06/21/2024 04:00:00 PM,693.624,26.095,2.439,323.596,79.134,144.871,0,NA,NA,NA,NA,40.937,NA,1.809,9.473,4.84
06/21/2024 05:00:00 PM,693.402,26.248,2.239,317.832,77.693,60.094,0,NA,NA,NA,NA,39.763,NA,1.26,14.919,8.111
06/21/2024 06:00:00 PM,693.688,25.967,1.349,306.131,76.6,22.942,0,NA,NA,NA,NA,28.456,NA,1.817,14.623,7.541
06/21/2024 07:00:00 PM,694.002,25.34,1.208,18.418,80.517,0.757,0,NA,NA,NA,NA,12.979,NA,2.163,18.973,9.74
06/21/2024 08:00:00 PM,694.341,24.627,1.135,102.172,82.697,0,0,NA,NA,NA,NA,12.315,NA,1.851,16.878,8.476
06/21/2024 09:00:00 PM,694.88,23.871,1.292,29.636,84.652,0,0,NA,NA,NA,NA,12.087,NA,1.908,16.878,7.394
06/21/2024 10:00:00 PM,695.501,23.757,1.248,63.786,83.141,0,0,NA,NA,NA,NA,11.417,NA,1.835,14.787,6.097
06/21/2024 11:00:00 PM,695.817,23.512,1.208,82.655,84.301,0,0,NA,NA,NA,NA,10.901,NA,2.465,14.479,6.314
06/22/2024 12:00:00 AM,695.691,23.272,1.022,108.977,86.364,0,0,NA,NA,NA,NA,8.763,NA,2.178,12.94,5.987
06/22/2024 01:00:00 AM,695.285,22.878,0.691,100.837,88.506,0,0,NA,NA,NA,NA,4.444,NA,2.011,13.646,6.566
06/22/2024 02:00:00 AM,694.886,22.465,0.915,95.888,89.766,0,0,NA,NA,NA,NA,3.926,NA,1.836,12.193,5.919
06/22/2024 03:00:00 AM,694.824,21.923,0.781,31.979,92.315,0,0,NA,NA,NA,NA,3.926,NA,3.079,15.656,7.509
06/22/2024 04:00:00 AM,694.726,21.403,0.838,44.964,93.667,0,0,NA,NA,NA,NA,3.926,NA,3.219,14.572,6.909
06/22/2024 05:00:00 AM,694.781,21.003,0.798,273.028,95.462,0,0,NA,NA,NA,NA,3.926,NA,7.976,24.678,13.87
06/22/2024 06:00:00 AM,695.084,20.679,1.025,41.403,93.857,0.531,0,NA,NA,NA,NA,3.926,NA,3.826,16.299,8.027
06/22/2024 07:00:00 AM,695.392,20.94,1.189,250.559,92.581,52.473,0,NA,NA,NA,NA,3.926,NA,4.981,20.761,10.647
06/22/2024 08:00:00 AM,695.669,23.553,1.093,315.916,83.983,227.521,0,NA,NA,NA,NA,3.926,NA,6.251,25.595,13.531
06/22/2024 09:00:00 AM,695.689,25.341,1.713,265.269,79.977,325.09,0,NA,NA,NA,NA,15.549,NA,6.868,36.254,19.365
06/22/2024 10:00:00 AM,695.495,27.314,1.957,333.467,71.844,416.6,0,NA,NA,NA,NA,43.374,NA,4.018,37.784,19.919
06/22/2024 11:00:00 AM,695.041,28.547,2.584,322.826,63.347,389.792,0,NA,NA,NA,NA,69.383,NA,1.63,21.708,11.167
06/22/2024 12:00:00 PM,694.753,28.891,4.298,303.121,64.17,323.253,0,NA,NA,NA,NA,74.294,NA,0.799,15.444,8.011
06/22/2024 01:00:00 PM,694.533,28.079,5.212,331.194,71.478,324.348,0,NA,NA,NA,NA,55.89,NA,1.03,16.022,9.475
06/22/2024 02:00:00 PM,693.948,27.911,5.802,317.96,73.876,386.634,0,NA,NA,NA,NA,45.213,NA,0.814,11.238,5.692
06/22/2024 03:00:00 PM,693.281,27.272,5.631,321.898,74.733,211.748,0,NA,NA,NA,NA,49.018,NA,1.205,9.886,5.379
06/22/2024 04:00:00 PM,692.882,26.877,5.634,323.522,73.597,164.445,0,NA,NA,NA,NA,46.73,NA,1.181,9.73,5.103
06/22/2024 05:00:00 PM,692.934,26.605,3.415,313.095,74.39,87.966,0,NA,NA,NA,NA,45.051,NA,1.258,9.187,4.908
06/22/2024 06:00:00 PM,693.387,26.105,2.027,305.17,76.031,17.625,0,NA,NA,NA,NA,40.61,NA,1.837,10.036,5.536
06/22/2024 07:00:00 PM,693.638,25.63,1.393,311.933,78.605,0.596,0,NA,NA,NA,NA,32.627,NA,2.036,14.031,7.161
06/22/2024 08:00:00 PM,694.234,25.337,0.624,336.733,79.36,0,0,NA,NA,NA,NA,16.128,NA,2.776,15.475,7.607
06/22/2024 09:00:00 PM,694.612,24.732,0.972,58.011,82.95,0,0,NA,NA,NA,NA,9.903,NA,3.055,23.215,12.306
06/22/2024 10:00:00 PM,694.955,24.042,0.895,79.862,85.661,0,0,NA,NA,NA,NA,11.123,NA,2.982,22.974,11.249
06/22/2024 11:00:00 PM,695.031,23.593,1.057,65.883,86.244,0,0,NA,NA,NA,NA,10.908,NA,2.508,17.937,9.292
06/23/2024 12:00:00 AM,695.233,23.496,1.266,13.924,86.01,0,0,NA,NA,NA,NA,9.529,NA,2.35,15.913,9.005
06/23/2024 01:00:00 AM,694.559,23.333,0.828,111.944,86.082,0,0,NA,NA,NA,NA,6.67,NA,4.083,16.02,8.62
06/23/2024 02:00:00 AM,694.67,22.796,0.956,9.293,88.244,0,0,NA,NA,NA,NA,3.926,NA,5.736,17.532,9.039
06/23/2024 03:00:00 AM,694.48,22.852,1.177,23.382,85.116,0,0,NA,NA,NA,NA,6.784,NA,3.145,12.437,6.008
06/23/2024 04:00:00 AM,694.601,22.516,1.291,192.514,88.42,0,0,NA,NA,NA,NA,3.926,NA,6.327,15.899,8.007
06/23/2024 05:00:00 AM,694.827,22.306,1.02,99.327,89.818,0,0,NA,NA,NA,NA,3.926,NA,6.207,17.361,8.935
06/23/2024 06:00:00 AM,695.046,22.61,0.968,76.341,86.98,0,0,NA,NA,NA,NA,4.875,NA,3.497,12.675,6.485
06/23/2024 07:00:00 AM,695.583,22.405,1.357,6.36,89.701,17.706,0,NA,NA,NA,NA,3.926,NA,3.482,15.089,8.371
06/23/2024 08:00:00 AM,695.862,22.84,1.052,37.028,86.926,29.483,0,NA,NA,NA,NA,5.938,NA,3.157,14.958,8.163
06/23/2024 09:00:00 AM,696.328,23.046,1.012,85.809,87.408,47.318,0,NA,NA,NA,NA,6.168,NA,3.305,15.396,8.476
06/23/2024 10:00:00 AM,696.562,24.294,1.823,16.51,83.063,274.049,0,NA,NA,NA,NA,19.968,NA,2.921,11.691,6.094
06/23/2024 11:00:00 AM,696.29,25.963,2.326,27.002,74.241,281.624,0,NA,NA,NA,NA,33.821,NA,2.974,7.206,4.137
06/23/2024 12:00:00 PM,695.666,26.161,2.501,359.48,73.382,215.115,0,NA,NA,NA,NA,39.022,NA,2.663,7.374,4.204
06/23/2024 01:00:00 PM,694.971,27.581,2.765,358.182,68.212,463.113,0,NA,NA,NA,NA,42.157,NA,2.42,8.207,4.571
06/23/2024 02:00:00 PM,694.188,28.892,4.136,352.002,64.203,384.733,0,NA,NA,NA,NA,39.885,NA,1.827,6.317,3.501
06/23/2024 03:00:00 PM,693.7,27.685,4.994,320.563,71.591,219.755,0,NA,NA,NA,NA,34.934,NA,2.179,5.236,2.635
06/23/2024 04:00:00 PM,693.547,25.964,3.566,324.325,79.268,79.814,0.4,NA,NA,NA,NA,28.29,NA,2.673,6.782,2.985
06/23/2024 05:00:00 PM,693.405,24.223,1.789,203.039,87.976,119.383,0.8,NA,NA,NA,NA,21.91,NA,3.843,9.804,4.268
06/23/2024 06:00:00 PM,693.693,24.784,1.25,258.93,87.563,42.549,0,NA,NA,NA,NA,12.752,NA,5.309,20.771,7.46
06/23/2024 07:00:00 PM,694.172,23.98,0.636,202.886,91.616,2.32,0,NA,NA,NA,NA,3.926,NA,6.299,25.272,10.627
06/23/2024 08:00:00 PM,694.585,23.831,0.664,9.166,91.941,0,0,NA,NA,NA,NA,3.926,NA,5.948,23.006,10.024
06/23/2024 09:00:00 PM,694.872,23.324,0.795,290.117,94.366,0,0,NA,NA,NA,NA,3.926,NA,9.48,37.711,18.396
06/23/2024 10:00:00 PM,695.174,22.915,1.11,338.726,95.529,0,0,NA,NA,NA,NA,3.926,NA,10.166,48.985,31.061
06/23/2024 11:00:00 PM,695.65,23.046,1.018,77.669,93.912,0,0,NA,NA,NA,NA,3.926,NA,6.762,31.733,17.493
06/24/2024 12:00:00 AM,695.844,22.882,1.019,65.222,93.368,0,0,NA,NA,NA,NA,3.926,NA,5.248,18.94,8.008
06/24/2024 01:00:00 AM,695.448,22.894,0.766,79.997,90.537,0,0,NA,NA,NA,NA,3.926,NA,2.978,10.408,4.261
06/24/2024 02:00:00 AM,695.008,22.599,0.892,144.94,92.821,0,0,NA,NA,NA,NA,3.926,NA,-999,13.002,6.396
06/24/2024 03:00:00 AM,694.614,22.25,0.773,101.865,93.156,0,0.2,NA,NA,NA,NA,3.926,NA,2.906,11.248,5.108
06/24/2024 04:00:00 AM,694.786,22.033,0.738,86.106,95.898,0,0,NA,NA,NA,NA,3.926,NA,-999,16.962,8.179
06/24/2024 05:00:00 AM,695.146,21.708,1.095,32.54,95.809,0,0,NA,NA,NA,NA,3.926,NA,3.505,13.564,5.265
06/24/2024 06:00:00 AM,695.285,21.803,0.957,107.612,93.701,0.273,0,NA,NA,NA,NA,3.926,NA,2.749,13.15,4.962
06/24/2024 07:00:00 AM,695.604,22.096,1.001,89.764,91.98,50.399,0,NA,NA,NA,NA,3.926,NA,2.613,12.721,4.683
06/24/2024 08:00:00 AM,696.077,23.492,1.397,242.434,86.78,163.785,0,NA,NA,NA,NA,3.926,NA,-999,20.774,6.231
06/24/2024 09:00:00 AM,696.535,24.097,2.361,4.38,84.787,247.982,0,NA,NA,NA,NA,10.355,NA,2.782,13.832,5.014
06/24/2024 10:00:00 AM,696.4,25.769,2.578,324.095,75.15,388.068,0,NA,NA,NA,NA,28.839,NA,2.21,5.639,2.494
06/24/2024 11:00:00 AM,695.983,27.282,3.638,346.855,67.611,439.446,0,NA,NA,NA,NA,34.424,NA,1.986,5.979,2.232
06/24/2024 12:00:00 PM,695.631,28.187,4.515,332.407,64.668,323.929,0,NA,NA,NA,NA,34.609,NA,1.47,5.888,2.16
06/24/2024 01:00:00 PM,695.275,27.514,4.642,328.959,68.288,188.29,0,NA,NA,NA,NA,31.682,NA,-999,5.918,2.712
06/24/2024 02:00:00 PM,694.404,28.304,4.222,318.912,66.748,473.376,0,NA,NA,NA,NA,32.123,NA,1.491,4.049,1.949
06/24/2024 03:00:00 PM,693.509,29.031,4.556,327.664,64.955,391.306,0,NA,NA,NA,NA,31.951,NA,1.188,4.983,2.343
06/24/2024 04:00:00 PM,693.153,28.806,4.901,317.015,66.102,310.219,0,NA,NA,NA,NA,32.518,NA,1.323,6.056,2.595
06/24/2024 05:00:00 PM,693.155,27.514,2.362,303.566,72.97,135.736,0.2,NA,NA,NA,NA,31.461,NA,1.491,6.003,2.723
06/24/2024 06:00:00 PM,693.199,27.509,2.193,10.59,73.818,97.085,0,NA,NA,NA,NA,25.558,NA,-999,8.482,4.135
06/24/2024 07:00:00 PM,693.76,26.044,1.237,315.876,78.512,3.125,0,NA,NA,NA,NA,21.621,NA,4.041,9.402,4.267
06/24/2024 08:00:00 PM,694.349,25.35,0.815,277.486,81.023,0,0,NA,NA,NA,NA,16.263,NA,3.991,11.442,4.797
06/24/2024 09:00:00 PM,694.789,24.882,0.899,42.296,84.853,0,0,NA,NA,NA,NA,5.762,NA,4.636,18.938,8.492
06/24/2024 10:00:00 PM,695.4,24.35,0.867,338.367,88.231,0,0,NA,NA,NA,NA,3.926,NA,-999,17.309,8.26
06/24/2024 11:00:00 PM,695.859,23.968,0.955,51.726,90.782,0,0,NA,NA,NA,NA,3.926,NA,-999,21.503,10.676
06/25/2024 12:00:00 AM,695.854,23.581,1.513,217.578,92.38,0,0,NA,NA,NA,NA,3.926,NA,8.146,27.064,13.322
06/25/2024 01:00:00 AM,695.38,23.172,0.816,12.287,95.1,0,0,NA,NA,NA,NA,3.926,NA,8.262,35.307,20.416
06/25/2024 02:00:00 AM,695.09,22.632,1.074,287.1,95.877,0,0,NA,NA,NA,NA,3.926,NA,-999,28.528,17.904
06/25/2024 03:00:00 AM,694.963,22.673,1.5,119.045,94.941,0,0,NA,NA,NA,NA,3.926,NA,5.328,24.559,16.593
06/25/2024 04:00:00 AM,694.863,22.565,1.274,44.008,94.404,0,0,NA,NA,NA,NA,3.926,NA,-999,24.2,16.229
06/25/2024 05:00:00 AM,694.918,22.465,1.465,10.62,93.787,0,0,NA,NA,NA,NA,3.926,NA,3.734,21.833,13.317
06/25/2024 06:00:00 AM,695.253,22.231,1.12,105.686,95.643,0.257,0,NA,NA,NA,NA,3.926,NA,6.862,27.044,17.269
06/25/2024 07:00:00 AM,696.024,22.112,1.115,11.325,95.547,20.976,0,NA,NA,NA,NA,3.926,NA,4.542,26.297,15.766
06/25/2024 08:00:00 AM,696.422,23.092,1.335,25.134,90.815,109.539,0,NA,NA,NA,NA,3.926,NA,-999,21.08,12.118
06/25/2024 09:00:00 AM,696.781,24.466,2.099,338.95,85.905,225.781,0,NA,NA,NA,NA,7.095,NA,2.271,21.005,12.584
06/25/2024 10:00:00 AM,696.711,25.595,2.083,356.015,80.065,276.015,0,NA,NA,NA,NA,21.203,NA,-999,9.279,5.03
06/25/2024 11:00:00 AM,696.032,26.737,1.42,57.613,74.445,207.849,0,NA,NA,NA,NA,30.657,NA,0.635,16.784,5.805
06/25/2024 12:00:00 PM,695.384,27.723,1.906,48.555,70.397,234.223,0,NA,NA,NA,NA,43.768,NA,-999,22.173,7.851
06/25/2024 01:00:00 PM,694.523,29.028,1.6,106.064,64.095,318.371,0,NA,NA,NA,NA,57.456,NA,0.454,16.05,8.992
06/25/2024 02:00:00 PM,693.533,29.874,2.072,334.51,58.196,239.233,0.4,NA,NA,NA,NA,59.299,NA,-999,18.441,12.625
06/25/2024 03:00:00 PM,692.806,30.121,4.654,6.528,62.194,296.799,0,NA,NA,NA,NA,41.815,NA,-999,12.208,5.978
06/25/2024 04:00:00 PM,692.765,27.874,5.502,324.57,76.766,146.482,0,NA,NA,NA,NA,27.89,NA,-999,8.614,4.33
06/25/2024 05:00:00 PM,693.332,24.301,2.494,0.92,84.299,10.681,0.8,NA,NA,NA,NA,18.952,NA,0.958,14.595,4.126
06/25/2024 06:00:00 PM,694.063,23.247,1.504,76.065,88.475,3.047,0.8,NA,NA,NA,NA,10.533,NA,-999,19.298,4.965
06/25/2024 07:00:00 PM,694.786,22.477,1.265,24.722,90.351,0.273,0,NA,NA,NA,NA,3.926,NA,2.043,23.371,6.367
06/25/2024 08:00:00 PM,695.534,22.313,0.968,98.277,90.283,0,0.4,NA,NA,NA,NA,3.926,NA,-999,22.697,7.012
06/25/2024 09:00:00 PM,696.054,22.115,1.084,255.839,91.702,0,0,NA,NA,NA,NA,3.926,NA,2.412,17.903,6.579
06/25/2024 10:00:00 PM,696.183,21.587,1.074,23.298,95.788,0,0,NA,NA,NA,NA,3.926,NA,6.717,30.4,11.573
06/25/2024 11:00:00 PM,696.32,21.581,0.96,223.587,94.913,0,0,NA,NA,NA,NA,3.926,NA,-999,20.539,7.785
06/26/2024 12:00:00 AM,696.548,21.482,1.105,227.453,93.784,0,0,NA,NA,NA,NA,3.926,NA,2.75,16.663,5.449
06/26/2024 01:00:00 AM,696.326,21.353,0.729,86.158,93.452,0,0,NA,NA,NA,NA,3.926,NA,2.15,14.587,4.037
06/26/2024 02:00:00 AM,696.067,21.206,0.738,219.136,94.624,0,0,NA,NA,NA,NA,3.926,NA,2.786,14.392,4.637
06/26/2024 03:00:00 AM,695.979,21.164,1.005,269.68,95.727,0,0,NA,NA,NA,NA,-999,NA,5.093,19.325,6.757
06/26/2024 04:00:00 AM,695.717,20.854,1.03,85.119,96.151,0,0,NA,NA,NA,NA,3.926,NA,-999,21.385,7.657
06/26/2024 05:00:00 AM,695.68,20.794,1.064,252.21,95.253,0,0,NA,NA,NA,NA,3.926,NA,3.609,19.129,6.772
06/26/2024 06:00:00 AM,695.808,20.664,0.785,10.876,92.765,0.032,0,NA,NA,NA,NA,3.926,NA,-999,17.852,4.9
06/26/2024 07:00:00 AM,696.079,20.77,1.146,99.921,92.86,26.47,0,NA,NA,NA,NA,3.926,NA,3.378,22.476,7.037
06/26/2024 08:00:00 AM,696.161,21.946,1.195,99.577,89.178,81.022,0,NA,NA,NA,NA,3.926,NA,3.829,23.145,9.128
06/26/2024 09:00:00 AM,696.195,23.037,2.246,235.352,89.595,279.157,0,NA,NA,NA,NA,3.926,NA,6.652,31.559,16.06
06/26/2024 10:00:00 AM,696.169,25.9,1.752,260.729,75.038,417.277,0,NA,NA,NA,NA,25.786,NA,1.61,15.373,7.041
06/26/2024 11:00:00 AM,695.837,27.575,2.957,331.709,65.958,478.596,0,NA,NA,NA,NA,39.937,NA,-999,15.604,5.875
06/26/2024 12:00:00 PM,695.41,27.987,4.684,341.11,66.145,445.665,0.2,NA,NA,NA,NA,46.745,NA,0.822,9.68,3.646
06/26/2024 01:00:00 PM,695.053,27.227,4.935,325.93,71.092,231.758,0,NA,NA,NA,NA,40.587,NA,-999,9.265,3.311
06/26/2024 02:00:00 PM,694.409,27.189,4.398,337.194,73.296,177.673,0,NA,NA,NA,NA,37.642,NA,1.27,8.389,3.058
06/26/2024 03:00:00 PM,693.885,26.388,3.989,355.589,77.87,148.592,0,NA,NA,NA,NA,33.163,NA,1.496,8.28,3.058
06/26/2024 04:00:00 PM,693.679,25.547,2.927,345.63,81.01,52.216,0.6,NA,NA,NA,NA,28.681,NA,1.838,11.308,3.412
06/26/2024 05:00:00 PM,693.302,23.832,2,94.19,83.776,56.457,0.6,NA,NA,NA,NA,15.466,NA,1.848,12.283,3.952
06/26/2024 06:00:00 PM,693.744,24.965,0.838,107.74,84.844,50.057,0,NA,NA,NA,NA,16.574,NA,1.969,18.843,5.651
06/26/2024 07:00:00 PM,694.744,24.291,0.985,91.498,86.839,0.773,0,NA,NA,NA,NA,8.122,NA,-999,20.371,8.288
06/26/2024 08:00:00 PM,695.348,23.848,1.113,127.665,87.734,0,0,NA,NA,NA,NA,3.926,NA,2.235,19.7,8.422
06/26/2024 09:00:00 PM,695.909,23.548,1.421,108.856,84.009,0,0,NA,NA,NA,NA,5.587,NA,2.288,14.22,5.471
06/26/2024 10:00:00 PM,696.23,23.042,1.511,105.22,84.263,0,0,NA,NA,NA,NA,5.444,NA,-999,13.958,4.746
06/26/2024 11:00:00 PM,696.501,22.747,1.498,63.701,83.46,0,0,NA,NA,NA,NA,-999,NA,-999,13.642,4.988
06/27/2024 12:00:00 AM,696.386,22.418,1.279,47.683,84.542,0,0,NA,NA,NA,NA,4.71,NA,1.992,13.534,4.525
06/27/2024 01:00:00 AM,696.306,21.92,1.291,19.895,85.548,0,0,NA,NA,NA,NA,5.43,NA,1.424,12.866,4.106
06/27/2024 02:00:00 AM,695.854,21.885,1.221,259.635,85.743,0,0,NA,NA,NA,NA,3.926,NA,2.128,13.172,4.834
06/27/2024 03:00:00 AM,695.783,22.296,1.189,112.036,83.057,0,0,NA,NA,NA,NA,3.926,NA,1.678,13.876,4.746
06/27/2024 04:00:00 AM,695.685,21.985,0.919,77.225,84.775,0,0,NA,NA,NA,NA,3.926,NA,2.148,14.389,4.916
06/27/2024 05:00:00 AM,695.513,21.567,1.047,28.048,84.884,0,0,NA,NA,NA,NA,3.926,NA,2.036,13.878,4.744
06/27/2024 06:00:00 AM,695.701,21.185,0.962,87.322,84.97,0.354,0,NA,NA,NA,NA,3.926,NA,1.792,16.361,5.705
06/27/2024 07:00:00 AM,695.91,21.323,1.17,88.392,83.716,37.571,0,NA,NA,NA,NA,3.926,NA,1.552,16.219,5.151
06/27/2024 08:00:00 AM,696.431,22.631,1.06,92.06,80.656,127.084,0,NA,NA,NA,NA,3.926,NA,1.377,18.203,5.912
06/27/2024 09:00:00 AM,696.674,25.024,1.43,354.658,76.15,346.598,0,NA,NA,NA,NA,9.692,NA,1.978,20.933,7.669
06/27/2024 10:00:00 AM,696.608,26.851,1.405,299.51,70.427,300.15,0,NA,NA,NA,NA,31.77,NA,1.096,13.306,5.717
06/27/2024 11:00:00 AM,696.595,26.052,3.288,326.144,75.704,191.287,0,NA,NA,NA,NA,36.718,NA,0.821,12.974,5.374
06/27/2024 12:00:00 PM,696.123,25.886,2.859,285.049,77.333,231.838,0,NA,NA,NA,NA,35.429,NA,0.931,9.193,4.007
06/27/2024 01:00:00 PM,695.378,26.559,3.703,317.75,74.85,259.646,0,NA,NA,NA,NA,39.081,NA,1.23,7.874,3.589
06/27/2024 02:00:00 PM,694.809,26.667,4.597,314.764,75.258,253.701,0,NA,NA,NA,NA,40.01,NA,1.002,6.481,3.308
06/27/2024 03:00:00 PM,694.301,25.566,4.839,333.569,78.806,250.543,0,NA,NA,NA,NA,34.833,NA,1.68,6.76,3.463
06/27/2024 04:00:00 PM,694.058,26.3,4.063,346.345,75.914,224.685,0,NA,NA,NA,NA,36.516,NA,0.939,6.582,3.195
06/27/2024 05:00:00 PM,694.223,22.881,3.823,325.459,88.041,23.618,0,NA,NA,NA,NA,31.064,NA,1.562,9.085,3.032
06/27/2024 06:00:00 PM,694.564,22.33,1.387,296.229,89.918,15.096,0,NA,NA,NA,NA,25.032,NA,1.914,12.064,3.717
06/27/2024 07:00:00 PM,694.943,22.358,1.253,21.228,91.782,0.273,0,NA,NA,NA,NA,6.324,NA,3.055,19.046,8.162
06/27/2024 08:00:00 PM,695.282,22.089,1.332,350.829,89.385,0,0,NA,NA,NA,NA,4.726,NA,3.837,15.757,7.615
06/27/2024 09:00:00 PM,695.938,21.443,1.083,336.675,92.379,0,0,NA,NA,NA,NA,3.926,NA,4.031,19.505,9.831
06/27/2024 10:00:00 PM,696.26,21.285,0.785,257.29,93.306,0,0,NA,NA,NA,NA,3.926,NA,3.51,21.365,10.539
06/27/2024 11:00:00 PM,696.503,20.941,0.977,118.306,94.306,0,0,NA,NA,NA,NA,3.926,NA,4.534,22.695,9.951
06/28/2024 12:00:00 AM,696.522,21.193,1.126,13.159,89.927,0,0,NA,NA,NA,NA,3.926,NA,2.537,12.863,5.485
06/28/2024 01:00:00 AM,696.406,21.232,0.876,50.785,88.877,0,0,NA,NA,NA,NA,3.926,NA,2.243,11.238,3.923
06/28/2024 02:00:00 AM,695.915,21.155,0.787,32.35,89.577,0,0,NA,NA,NA,NA,3.926,NA,2.355,11.843,4.246
06/28/2024 03:00:00 AM,695.648,21.028,0.702,5.42,91.991,0,0,NA,NA,NA,NA,3.926,NA,3.701,13.463,5.191
06/28/2024 04:00:00 AM,695.653,20.932,0.671,354.226,92.003,0,0,NA,NA,NA,NA,3.926,NA,4.658,14.702,5.346
06/28/2024 05:00:00 AM,695.518,20.715,0.655,24.541,92.654,0,0,NA,NA,NA,NA,3.926,NA,3.683,16.138,5.723
06/28/2024 06:00:00 AM,695.647,20.725,0.719,39.224,91.411,0.096,0,NA,NA,NA,NA,3.926,NA,2.651,15.227,5.279
06/28/2024 07:00:00 AM,696.123,20.933,1.057,207.781,91.545,15.982,0,NA,NA,NA,NA,3.926,NA,4.556,21.831,7.652
06/28/2024 08:00:00 AM,696.664,21.396,1.197,102.296,89.613,33.398,0,NA,NA,NA,NA,3.926,NA,3.6,22.437,7.854
06/28/2024 09:00:00 AM,697.348,21.839,0.913,84.867,90.434,41.437,0,NA,NA,NA,NA,3.926,NA,4.429,26.635,9.933
06/28/2024 10:00:00 AM,697.611,22.264,1.722,351.403,91.249,101.516,0,NA,NA,NA,NA,4.319,NA,4.054,29.041,11.18
06/28/2024 11:00:00 AM,697.118,24.267,1.801,351.438,80.683,308.995,0,NA,NA,NA,NA,24.696,NA,2.455,12.91,4.68
06/28/2024 12:00:00 PM,696.639,26.279,1.676,48.88,72.403,300.198,0,NA,NA,NA,NA,37.056,NA,1.444,7.852,2.43
06/28/2024 01:00:00 PM,696.058,26.188,4.658,331.763,73.869,408.287,0.2,NA,NA,NA,NA,36.806,NA,1.363,4.654,1.574
06/28/2024 02:00:00 PM,695.445,26.314,4.496,327.046,73.273,310.488,0,NA,NA,NA,NA,36.472,NA,1.492,4.087,1.718
06/28/2024 03:00:00 PM,694.98,26.445,4.467,353.989,73.05,302.373,0,NA,NA,NA,NA,35.853,NA,1.222,4.863,1.829
06/28/2024 04:00:00 PM,694.523,26.109,4.104,334.627,74.949,202.049,0,NA,NA,NA,NA,33.911,NA,1.828,5.349,1.925
06/28/2024 05:00:00 PM,694.162,26.156,4.018,358.947,73.428,172.211,0,NA,NA,NA,NA,32.349,NA,2.329,5.372,1.88
06/28/2024 06:00:00 PM,694.277,25.461,3.318,334.553,76.234,67.473,0,NA,NA,NA,NA,29.909,NA,2.097,4.998,1.996
06/28/2024 07:00:00 PM,695.005,24.034,2.365,335.183,84.096,2.352,0,NA,NA,NA,NA,20.858,NA,2.438,6.054,2.424
06/28/2024 08:00:00 PM,695.765,23.386,1.88,334.571,87.635,0,0,NA,NA,NA,NA,16.859,NA,2.795,6.387,2.512
06/28/2024 09:00:00 PM,696.247,23.104,1.264,351.825,88.667,0,0,NA,NA,NA,NA,11.864,NA,3.437,8.749,3.743
06/28/2024 10:00:00 PM,696.5,23.098,1.051,313.945,89.173,0,0,NA,NA,NA,NA,6.719,NA,3.717,12.906,5.483
06/28/2024 11:00:00 PM,696.667,22.861,0.91,27.447,90.517,0,0,NA,NA,NA,NA,3.926,NA,4.692,15.542,7.631
06/29/2024 12:00:00 AM,696.649,22.506,1.076,18.113,91.656,0,0,NA,NA,NA,NA,3.926,NA,4.492,14.114,6.119
06/29/2024 01:00:00 AM,696.437,22.277,1.127,14.007,91.392,0,0,NA,NA,NA,NA,3.926,NA,3.295,12.306,5.395
06/29/2024 02:00:00 AM,696.172,22.025,1.161,13.333,90.855,0,0,NA,NA,NA,NA,3.926,NA,2.591,11.469,4.38
06/29/2024 03:00:00 AM,695.925,21.748,1.394,108.755,89.547,0,0,NA,NA,NA,NA,4.632,NA,2.295,10.419,3.738
06/29/2024 04:00:00 AM,695.874,21.546,1.526,47.401,87.438,0,0,NA,NA,NA,NA,8.713,NA,2.22,9.045,3.277
06/29/2024 05:00:00 AM,696.092,21.252,1.039,73.938,88.586,0,0,NA,NA,NA,NA,5.952,NA,1.977,9.213,3.405
06/29/2024 06:00:00 AM,696.377,21.2,0.973,12.159,88.1,0.145,0,NA,NA,NA,NA,4.516,NA,2.337,10.873,3.906
06/29/2024 07:00:00 AM,696.745,21.295,1.171,234.776,89.744,32.58,0,NA,NA,NA,NA,3.926,NA,7.475,17.719,8.934
06/29/2024 08:00:00 AM,697.38,22.257,0.968,99.405,86.101,106.977,0,NA,NA,NA,NA,3.926,NA,2.968,21.797,10.645
06/29/2024 09:00:00 AM,697.448,24.249,0.998,263.82,80.231,229.728,0,NA,NA,NA,NA,8.021,NA,3.373,24.128,10.344
06/29/2024 10:00:00 AM,697.214,25.417,1.779,278.989,76.246,365.98,0,NA,NA,NA,NA,28.324,NA,4.392,26.045,12.865
06/29/2024 11:00:00 AM,696.716,27.848,2.078,267.427,65.441,485.814,0,NA,NA,NA,NA,62.117,NA,2.194,18.063,8.979
06/29/2024 12:00:00 PM,696.3,27.87,4.491,340.742,67.04,389.695,0,NA,NA,NA,NA,58.498,NA,0.936,12.078,6.067
06/29/2024 01:00:00 PM,695.723,27.916,4.848,327.855,68.728,429.409,0,NA,NA,NA,NA,51.074,NA,0.92,15.472,9.751
06/29/2024 02:00:00 PM,695.175,27.548,4.993,336.76,71.082,351.502,0,NA,NA,NA,NA,37.617,NA,1.038,8.763,3.451
06/29/2024 03:00:00 PM,694.507,27.661,4.725,324.923,70.716,335.61,0,NA,NA,NA,NA,35.869,NA,1.233,7.676,3.228
06/29/2024 04:00:00 PM,694.026,28.14,4.29,319.774,68.516,286.455,0,NA,NA,NA,NA,39.818,NA,1.526,9.466,4.355
06/29/2024 05:00:00 PM,693.981,27.726,3.98,333.83,70.714,191.158,0,NA,NA,NA,NA,39.636,NA,1.74,8.656,3.651
06/29/2024 06:00:00 PM,694.274,26.773,2.973,319.592,74.884,65.83,0,NA,NA,NA,NA,34.771,NA,1.726,7.883,3.448
06/29/2024 07:00:00 PM,694.754,25.721,2.747,330.877,80.912,0.998,0,NA,NA,NA,NA,27.939,NA,2.162,10.297,4.268
06/29/2024 08:00:00 PM,695.214,24.938,1.692,357.807,85.309,0,0,NA,NA,NA,NA,26.44,NA,2.984,11.971,5.587
06/29/2024 09:00:00 PM,695.631,24.537,1.182,30.642,86.764,0,0,NA,NA,NA,NA,12.474,NA,3.782,19.665,9.585
06/29/2024 10:00:00 PM,696.102,24.281,0.973,7.544,85.292,0,0,NA,NA,NA,NA,11.763,NA,3.035,17.374,7.751
06/29/2024 11:00:00 PM,696.404,24.139,0.864,64.357,87.065,0,0,NA,NA,NA,NA,7.749,NA,3.25,19.5,8.802
06/30/2024 12:00:00 AM,696.143,23.712,1.107,25.077,87.679,0,0,NA,NA,NA,NA,8.073,NA,3.235,16.311,7.34
06/30/2024 01:00:00 AM,695.918,23.326,0.905,315.803,89.562,0,0,NA,NA,NA,NA,3.926,NA,2.488,15.801,7.873
06/30/2024 02:00:00 AM,695.532,23.009,0.822,105.51,91.409,0,0,NA,NA,NA,NA,3.926,NA,2.937,15.6,7.663
06/30/2024 03:00:00 AM,695.216,22.396,0.972,318.674,93.431,0,0,NA,NA,NA,NA,3.926,NA,3.477,18.209,8.373
06/30/2024 04:00:00 AM,695.2,22.508,0.949,110.366,90.909,0,0,NA,NA,NA,NA,3.926,NA,2.704,13.967,6.718
06/30/2024 05:00:00 AM,695.224,22.13,1.226,33.685,88.803,0,0,NA,NA,NA,NA,3.926,NA,1.326,10.502,5.216
06/30/2024 06:00:00 AM,695.457,21.856,1.364,115.713,91.612,0.112,0,NA,NA,NA,NA,3.926,NA,3.429,14.596,7.299
06/30/2024 07:00:00 AM,695.782,21.982,1.119,11.543,87.762,22.04,0,NA,NA,NA,NA,3.926,NA,1.79,14.633,6.266
06/30/2024 08:00:00 AM,696.136,22.849,1.33,290.463,85.335,143.92,0,NA,NA,NA,NA,4.614,NA,1.992,17.1,8.682
06/30/2024 09:00:00 AM,696.022,25.319,1.282,357.653,78.001,303.339,0,NA,NA,NA,NA,15.233,NA,2.411,21.27,12.357
06/30/2024 10:00:00 AM,695.612,26.583,1.986,280.352,74.002,319.708,0,NA,NA,NA,NA,40.884,NA,2.936,26.569,16.345
06/30/2024 11:00:00 AM,695.203,28.693,2.452,332.712,64.643,478.935,0,NA,NA,NA,NA,68.565,NA,1.015,25.457,12.861
06/30/2024 12:00:00 PM,694.844,29.028,4.937,321.247,65.712,407.345,0,NA,NA,NA,NA,64.595,NA,0.645,17.002,8.536
06/30/2024 01:00:00 PM,694.403,28.809,5.431,315.717,67.749,282.459,0,NA,NA,NA,NA,45.247,NA,0.503,13.182,6.386
06/30/2024 02:00:00 PM,693.897,28.156,5.624,331.441,71.564,274.501,0,NA,NA,NA,NA,37.774,NA,0.639,14.076,7.69
06/30/2024 03:00:00 PM,693.304,27.289,5.319,352.054,75.009,267.96,0,NA,NA,NA,NA,39.208,NA,0.925,12.217,6.495
06/30/2024 04:00:00 PM,693.06,27.033,4.014,358.897,77.004,120.64,0,NA,NA,NA,NA,41.616,NA,0.984,11.349,6.18
06/30/2024 05:00:00 PM,693.23,26.243,2.532,325.881,78.296,35.025,0,NA,NA,NA,NA,40.425,NA,0.875,9.665,5.18
06/30/2024 06:00:00 PM,693.623,24.448,1.795,359.143,87.502,4.156,3,NA,NA,NA,NA,24.523,NA,1.403,13.48,6.432
06/30/2024 07:00:00 PM,693.978,23.275,1.445,104.457,89.653,0.128,0,NA,NA,NA,NA,16.09,NA,1.909,15.062,5.869
06/30/2024 08:00:00 PM,694.344,23.031,1.156,132.253,91.894,0,0,NA,NA,NA,NA,5.344,NA,3.178,23.036,9.044
06/30/2024 09:00:00 PM,694.949,22.493,1.076,48.202,94.238,0,0,NA,NA,NA,NA,3.926,NA,2.766,29.317,12.716
06/30/2024 10:00:00 PM,695.422,22.412,1.099,17.002,91.271,0,0,NA,NA,NA,NA,4.475,NA,1.997,15.88,6.038
06/30/2024 11:00:00 PM,695.38,22.566,1.206,91.572,89.965,0,0,NA,NA,NA,NA,3.926,NA,2.199,15.923,7.287
07/01/2024 12:00:00 AM,695.4,21.8,1.165,145.667,94.955,0,0,NA,NA,NA,NA,3.926,NA,4.413,39.848,26.699
07/01/2024 01:00:00 AM,695.056,21.508,0.759,240.832,95.14,0,0,NA,NA,NA,NA,3.926,NA,3.494,26.655,14.959
07/01/2024 02:00:00 AM,695.276,21.318,1.138,354.486,93.387,0,0,NA,NA,NA,NA,3.926,NA,0.557,17.359,7.143
07/01/2024 03:00:00 AM,694.951,21.656,1.218,101.042,90.126,0,0,NA,NA,NA,NA,3.926,NA,-999,14.917,5.462
07/01/2024 04:00:00 AM,694.795,21.542,1.375,107.778,92.245,0,0,NA,NA,NA,NA,3.926,NA,-999,14.444,5.762
07/01/2024 05:00:00 AM,694.73,21.543,1.248,135.078,93.317,0,4.799,NA,NA,NA,NA,3.926,NA,1.073,15.629,6.27
07/01/2024 06:00:00 AM,694.423,21.224,1.819,110.684,92.369,0.032,0.8,NA,NA,NA,NA,4.654,NA,0.491,19.848,6.311
07/01/2024 07:00:00 AM,694.325,21.533,1.373,181.886,93.462,31.609,0,NA,NA,NA,NA,3.926,NA,0.933,21.406,8.139
07/01/2024 08:00:00 AM,694.452,22.618,0.961,300.251,93.467,106.123,0,NA,NA,NA,NA,3.926,NA,1.677,24.172,11.651
07/01/2024 09:00:00 AM,694.499,24.563,1.145,173.007,85.858,211.2,0,NA,NA,NA,NA,5.139,NA,1.194,23.084,10.362
07/01/2024 10:00:00 AM,694.36,25.462,1.495,259.7,83.123,272.938,0,NA,NA,NA,NA,21.019,NA,1.451,15.508,8.185
07/01/2024 11:00:00 AM,693.975,27.045,2.698,310.367,72.402,403.277,0,NA,NA,NA,NA,40.054,NA,0.676,12.324,5.557
07/01/2024 12:00:00 PM,693.462,28.693,3.203,268.41,65.276,490.325,0,NA,NA,NA,NA,48.498,NA,-999,10.223,4.794
07/01/2024 01:00:00 PM,692.982,29.064,4.694,335.183,67.358,486.362,0,NA,NA,NA,NA,42.632,NA,-999,11.417,6.276
07/01/2024 02:00:00 PM,692.589,28.736,4.928,335.308,67.035,302.051,0,NA,NA,NA,NA,38.414,NA,-999,10.025,5.799
07/01/2024 03:00:00 PM,692.292,27.455,4.572,348.222,71.7,179.219,0,NA,NA,NA,NA,36.409,NA,-999,11.803,7.875
07/01/2024 04:00:00 PM,692.133,27.621,4.403,332.596,71.798,234.239,0,NA,NA,NA,NA,37.296,NA,-999,6.379,3.248
07/01/2024 05:00:00 PM,691.739,28.09,3.391,334.282,66.368,164.736,0,NA,NA,NA,NA,40.001,NA,-999,5.711,2.816
07/01/2024 06:00:00 PM,691.914,28.571,2.279,318.691,62.147,119.415,0,NA,NA,NA,NA,41.962,NA,-999,5.247,2.469
07/01/2024 07:00:00 PM,692.282,26.991,1.745,314.192,71.404,3.028,0,NA,NA,NA,NA,28.953,NA,-999,9.232,5.058
07/01/2024 08:00:00 PM,693.11,25.423,1.279,22.544,78.974,0,0,NA,NA,NA,NA,14.107,NA,0.339,16.121,7.263
07/01/2024 09:00:00 PM,694.165,24.928,1.405,84.387,80.38,0,0,NA,NA,NA,NA,14.352,NA,0.382,14.127,6.477
07/01/2024 10:00:00 PM,694.597,24.561,1.133,48.762,82.347,0,0,NA,NA,NA,NA,16.536,NA,0.576,13.54,6.383
07/01/2024 11:00:00 PM,694.698,24.398,0.981,75.079,79.755,0,0,NA,NA,NA,NA,10.574,NA,-999,12.996,5.22
07/02/2024 12:00:00 AM,694.894,24.031,1.016,146.774,80.61,0,0,NA,NA,NA,NA,4.511,NA,0.607,13.083,5.521
07/02/2024 01:00:00 AM,694.784,23.032,1.093,247.436,85.1,0,0,NA,NA,NA,NA,4.095,NA,2.206,14.207,6.17
07/02/2024 02:00:00 AM,694.57,22.939,0.874,112.855,84.379,0,0,NA,NA,NA,NA,5.113,NA,3.278,11.743,4.747
07/02/2024 03:00:00 AM,694.486,22.712,0.648,11.62,83.552,0,0,NA,NA,NA,NA,4.616,NA,2.825,11.57,4.651
07/02/2024 04:00:00 AM,694.252,22.299,0.842,354.424,87.097,0,0,NA,NA,NA,NA,3.926,NA,3.509,13.291,5.77
07/02/2024 05:00:00 AM,694.301,21.633,0.775,48.747,88.756,0,0,NA,NA,NA,NA,3.926,NA,3.797,12.966,5.155
07/02/2024 06:00:00 AM,694.238,21.556,0.865,336.815,86.89,0.531,0,NA,NA,NA,NA,4.52,NA,2.568,11.457,4.684
07/02/2024 07:00:00 AM,695.045,21.602,0.995,159.091,86.021,31.513,0,NA,NA,NA,NA,3.926,NA,2.537,19.788,9.447
07/02/2024 08:00:00 AM,695.357,23.472,0.904,76.248,79.296,119.876,0,NA,NA,NA,NA,6.56,NA,2.528,18.095,8.129
07/02/2024 09:00:00 AM,695.343,24.473,1.807,259.139,78.976,278.899,0,NA,NA,NA,NA,13.983,NA,3.831,17.443,7.052
07/02/2024 10:00:00 AM,695.033,26.694,1.835,354.804,71.091,423.754,0,NA,NA,NA,NA,36.088,NA,2.636,26.164,8.231
07/02/2024 11:00:00 AM,694.771,29.099,2.104,284.76,59.737,484.863,0,NA,NA,NA,NA,63.788,NA,1.074,17.779,5.794
07/02/2024 12:00:00 PM,694.51,28.719,4.344,276.919,64.317,292.255,0,NA,NA,NA,NA,68.378,NA,0.853,13.845,6.939
07/02/2024 01:00:00 PM,694.279,27.195,4.346,344.484,74.938,225.329,0,NA,NA,NA,NA,53.858,NA,1.653,13.062,6.49
07/02/2024 02:00:00 PM,693.764,26.616,4.117,328.434,76.802,203.37,0,NA,NA,NA,NA,46.111,NA,1.425,10.9,6.509
07/02/2024 03:00:00 PM,693.141,27.328,3.932,333.109,73.19,277.755,0,NA,NA,NA,NA,43.335,NA,2.171,9.241,4.766
07/02/2024 04:00:00 PM,692.663,28.226,4.42,332.183,68.579,277.159,0,NA,NA,NA,NA,47.954,NA,2.133,7.21,3.738
07/02/2024 05:00:00 PM,692.6,28.276,4.939,340.677,65.638,200.822,0,NA,NA,NA,NA,50.613,NA,1.453,5.678,2.906
07/02/2024 06:00:00 PM,693.158,27.386,2.464,328.662,68.347,71.436,0,NA,NA,NA,NA,40.615,NA,1.582,7.097,3.138
07/02/2024 07:00:00 PM,693.887,25.534,1.788,327.029,77.916,0.515,0,NA,NA,NA,NA,22.05,NA,2.562,11.06,5.033
07/02/2024 08:00:00 PM,694.418,23.965,1.134,53.435,86.902,0,0.2,NA,NA,NA,NA,11.401,NA,3.055,15.681,6.946
07/02/2024 09:00:00 PM,694.914,23.257,0.936,353.772,89.675,0,0.4,NA,NA,NA,NA,7.409,NA,3.174,14.633,6.515
07/02/2024 10:00:00 PM,695.37,22.844,1,110.294,91.431,0,0,NA,NA,NA,NA,5.295,NA,3.119,15.213,6.335
07/02/2024 11:00:00 PM,695.902,22.545,0.721,344.148,92.161,0,0,NA,NA,NA,NA,3.926,NA,3.808,14.442,5.78
07/03/2024 12:00:00 AM,695.87,22.189,1.082,9.635,94.617,0,0,NA,NA,NA,NA,3.926,NA,7.632,16.286,7.74
07/03/2024 01:00:00 AM,695.472,21.988,1.149,355.126,94.884,0,0,NA,NA,NA,NA,3.926,NA,4.411,15.263,7.184
07/03/2024 02:00:00 AM,694.992,21.836,0.9,56.941,95.719,0,0,NA,NA,NA,NA,3.926,NA,4.308,15.244,6.866
07/03/2024 03:00:00 AM,694.566,21.613,0.828,32.577,95.285,0,0,NA,NA,NA,NA,3.926,NA,3.121,13.312,5.371
07/03/2024 04:00:00 AM,694.368,21.732,0.978,232.274,95.726,0,0,NA,NA,NA,NA,3.926,NA,4.357,18.03,8.902
07/03/2024 05:00:00 AM,694.56,21.385,0.837,6.598,96.761,0,0,NA,NA,NA,NA,-999,NA,3.953,18.803,8.306
07/03/2024 06:00:00 AM,694.946,21.282,0.967,343.398,95.525,0,0,NA,NA,NA,NA,3.926,NA,2.86,20.725,7.614
07/03/2024 07:00:00 AM,694.97,21.681,0.979,110.919,93.943,15.289,0,NA,NA,NA,NA,3.926,NA,2.909,20.386,8.454
07/03/2024 08:00:00 AM,695.425,22.778,1.246,27.909,91.528,137.266,0,NA,NA,NA,NA,3.926,NA,5.388,23.597,12.303
07/03/2024 09:00:00 AM,695.542,24.857,1.4,74.559,81.953,205.32,0,NA,NA,NA,NA,6.517,NA,3.008,29.317,10.14
07/03/2024 10:00:00 AM,695.471,25.38,2.638,281.871,81.04,348.998,0,NA,NA,NA,NA,27.473,NA,2.974,25.908,13.158
07/03/2024 11:00:00 AM,695.303,28.22,1.501,273.967,65.878,329.698,0.2,NA,NA,NA,NA,51.916,NA,0.78,14.047,7.194
07/03/2024 12:00:00 PM,694.977,26.138,2.039,265.085,76.968,114.911,0,NA,NA,NA,NA,34.362,NA,0.758,13.993,6.13
07/03/2024 01:00:00 PM,694.537,26.171,2.538,316.658,79.315,196.249,0,NA,NA,NA,NA,28.423,NA,1.206,10.529,4.671
07/03/2024 02:00:00 PM,693.744,25.911,3.293,347.708,80.069,179.284,0,NA,NA,NA,NA,31.583,NA,1.368,6.067,3.558
07/03/2024 03:00:00 PM,693.019,25.955,2.494,353.295,81.464,140.617,0,NA,NA,NA,NA,30.619,NA,1.814,7.183,4.078
07/03/2024 04:00:00 PM,692.499,26.573,2.241,34.504,80.448,156.438,0,NA,NA,NA,NA,28.075,NA,1.345,8.691,4.042
07/03/2024 05:00:00 PM,692.479,27.211,4.01,335.631,77.789,196.136,0,NA,NA,NA,NA,32.929,NA,1.513,7.564,3.968
07/03/2024 06:00:00 PM,692.638,24.677,1.837,358.335,91.6,70.888,1.2,NA,NA,NA,NA,21.078,NA,2.213,10.173,5.485
07/03/2024 07:00:00 PM,693.059,24.343,1.407,355.265,91.596,5.816,0,NA,NA,NA,NA,13.449,NA,2.6,12.017,6.2
07/03/2024 08:00:00 PM,693.826,24.146,0.906,31.033,91.647,0,0,NA,NA,NA,NA,10.956,NA,2.636,14.613,7.52
07/03/2024 09:00:00 PM,694.478,23.97,0.932,63.45,92.242,0,0,NA,NA,NA,NA,10.584,NA,2.652,14.306,7.589
07/03/2024 10:00:00 PM,694.718,23.8,0.871,30.822,91.259,0,0,NA,NA,NA,NA,15.894,NA,2.314,11.879,7.264
07/03/2024 11:00:00 PM,695.1,23.438,1.011,315.36,93.752,0,0,NA,NA,NA,NA,4.007,NA,3.547,16.442,9.653
07/04/2024 12:00:00 AM,695.169,23.174,1.414,357.953,92.647,0,0,NA,NA,NA,NA,8.13,NA,2.833,14.784,8.897
07/04/2024 01:00:00 AM,694.386,22.408,0.915,348.372,93.118,0,0,NA,NA,NA,NA,12.375,NA,1.602,10.664,4.746
07/04/2024 02:00:00 AM,693.697,21.797,0.908,278.569,94.141,0,0,NA,NA,NA,NA,9.8,NA,2.407,8.704,3.545
07/04/2024 03:00:00 AM,693.807,21.547,0.862,343.311,95.387,0,0,NA,NA,NA,NA,3.926,NA,2.501,12.855,4.663
07/04/2024 04:00:00 AM,693.897,21.736,1.027,78.393,94.675,0,0,NA,NA,NA,NA,3.926,NA,2.194,13.123,5.027
07/04/2024 05:00:00 AM,693.764,21.798,1.12,42.675,93.59,0,0,NA,NA,NA,NA,3.926,NA,2.058,14.862,5.388
07/04/2024 06:00:00 AM,693.996,21.732,0.92,111.078,93.28,0.225,0,NA,NA,NA,NA,3.926,NA,2.065,16.021,5.78
07/04/2024 07:00:00 AM,694.743,21.474,1.546,302.649,94.916,12.849,0,NA,NA,NA,NA,3.926,NA,3.164,20.997,7.846
07/04/2024 08:00:00 AM,695.619,21.1,1.949,333.483,95.275,16.803,0.2,NA,NA,NA,NA,4.528,NA,0.938,12.541,4.67
07/04/2024 09:00:00 AM,695.723,22.07,1.334,293.953,90.848,126.665,0,NA,NA,NA,NA,10.556,NA,1.347,10.343,3.088
07/04/2024 10:00:00 AM,695.605,25.747,0.841,230.343,74.908,267.557,0,NA,NA,NA,NA,25.491,NA,0.749,6.922,1.976
07/04/2024 11:00:00 AM,695.226,26.166,1.687,344.088,72.851,416.81,0,NA,NA,NA,NA,36.232,NA,1.222,7.54,3.063
07/04/2024 12:00:00 PM,694.425,27.781,2.484,313.213,66.56,482.672,0,NA,NA,NA,NA,51.864,NA,0.81,8.709,3.539
07/04/2024 01:00:00 PM,693.463,28.963,2.968,282.567,62.915,420,0,NA,NA,NA,NA,53.727,NA,0.276,7.123,2.867
07/04/2024 02:00:00 PM,692.646,28.426,5.124,333.835,66.641,369.975,0,NA,NA,NA,NA,36.869,NA,0.398,5.396,2.853
07/04/2024 03:00:00 PM,692.174,27.667,5.724,329.79,69.685,333.725,0,NA,NA,NA,NA,35.765,NA,0.617,2.954,1.374
07/04/2024 04:00:00 PM,691.785,27.109,4.378,351.587,73.255,141.052,0,NA,NA,NA,NA,31.281,NA,0.51,4.385,2.108
07/04/2024 05:00:00 PM,691.932,26.15,4.205,331.158,77.965,73.724,0,NA,NA,NA,NA,33.921,NA,0.71,5.713,3.074
07/04/2024 06:00:00 PM,692.4,25.569,2.231,327.614,81.243,22.62,0,NA,NA,NA,NA,25.988,NA,0.811,7.202,3.026
07/04/2024 07:00:00 PM,693.065,24.735,2.113,358.259,85.188,0.434,0,NA,NA,NA,NA,11.465,NA,2.624,9.882,4.737
07/04/2024 08:00:00 PM,693.691,24.176,1.312,46.543,87.096,0,0,NA,NA,NA,NA,14.789,NA,1.949,10.382,4.707
07/04/2024 09:00:00 PM,694.036,23.958,1.269,18.867,87.648,0,0,NA,NA,NA,NA,5.845,NA,2.469,14.387,6.183
07/04/2024 10:00:00 PM,694.265,23.618,1.108,337.865,85.815,0,0,NA,NA,NA,NA,3.926,NA,2.07,12.247,5.391
07/04/2024 11:00:00 PM,694.799,23.088,1.051,298.433,88.115,0,0,NA,NA,NA,NA,3.926,NA,2.252,12.919,5.369
07/05/2024 12:00:00 AM,694.938,22.757,1.097,272.648,89.159,0,0,NA,NA,NA,NA,3.926,NA,3.355,13.016,5.126
07/05/2024 01:00:00 AM,694.587,22.58,1.15,42.122,88.32,0,0,NA,NA,NA,NA,3.926,NA,2.583,11.891,4.081
07/05/2024 02:00:00 AM,694.063,22.337,1.12,106.122,87.863,0,0,NA,NA,NA,NA,3.961,NA,2.012,10.575,3.499
07/05/2024 03:00:00 AM,693.836,22.147,1.289,101.223,87.773,0,0,NA,NA,NA,NA,4.228,NA,1.864,13.061,4.238
07/05/2024 04:00:00 AM,693.783,21.654,0.971,145.766,89.309,0,0,NA,NA,NA,NA,3.926,NA,2.468,12.148,3.6
07/05/2024 05:00:00 AM,694.186,21.576,1.281,89.694,87.986,0,0,NA,NA,NA,NA,3.926,NA,1.558,12.246,3.716
07/05/2024 06:00:00 AM,694.549,21.677,1.071,108.509,87.733,0,0,NA,NA,NA,NA,3.926,NA,2.339,14.294,4.42
07/05/2024 07:00:00 AM,694.483,21.727,1.09,341.542,87.408,16.852,0,NA,NA,NA,NA,3.926,NA,4.508,19.24,6.05
07/05/2024 08:00:00 AM,695.126,21.865,1.112,85.645,88.476,39.858,0,NA,NA,NA,NA,3.926,NA,3.921,24.419,7.775
07/05/2024 09:00:00 AM,695.694,23.317,1.121,17.225,82.469,109.877,0,NA,NA,NA,NA,3.926,NA,2.44,30.742,8.053
07/05/2024 10:00:00 AM,696.122,24.333,2.396,26.202,80.166,131.708,0,NA,NA,NA,NA,6.941,NA,2.17,21.792,7.22
07/05/2024 11:00:00 AM,696.458,23.818,4.443,333.665,85.359,163.382,0,NA,NA,NA,NA,18.292,NA,1.18,8.273,3.542
07/05/2024 12:00:00 PM,696.679,21.837,5.242,330.696,92.129,107.477,0,NA,NA,NA,NA,24.49,NA,1.702,4.842,1.546
07/05/2024 01:00:00 PM,696.349,21.52,3.997,319.916,91.834,113.003,0,NA,NA,NA,NA,27.427,NA,1.937,3.922,1.553
07/05/2024 02:00:00 PM,695.653,22.558,3.28,324.963,88.195,144.532,0,NA,NA,NA,NA,28.346,NA,1.632,5.195,2.065
07/05/2024 03:00:00 PM,695.163,22.791,1.634,331.145,87.553,113.599,1.2,NA,NA,NA,NA,27.891,NA,1.695,3.551,1.583
07/05/2024 04:00:00 PM,694.733,23.075,1.436,311.73,87.054,90.636,0,NA,NA,NA,NA,27.24,NA,1.757,8.316,2.205
07/05/2024 05:00:00 PM,695.096,22.331,0.886,56.479,91.725,5.461,4.799,NA,NA,NA,NA,13.698,NA,2.463,12.118,4.014
07/05/2024 06:00:00 PM,695.488,21.613,0.943,87.422,96.213,5.236,2.6,NA,NA,NA,NA,6.468,NA,2.684,10.931,5.546
07/05/2024 07:00:00 PM,696.102,21.254,1.12,323.665,96.656,0.402,0.8,NA,NA,NA,NA,4.383,NA,3.203,8.558,4.309
07/05/2024 08:00:00 PM,696.93,20.828,1.399,23.589,96.926,0,15,NA,NA,NA,NA,5.875,NA,2.704,8.186,4.541
07/05/2024 09:00:00 PM,697.497,20.26,0.998,70.389,98.099,0,4.2,NA,NA,NA,NA,11.785,NA,3.013,5.393,3.161
07/05/2024 10:00:00 PM,697.694,20.216,0.823,66.606,98.303,0,0,NA,NA,NA,NA,9.553,NA,2.483,6.183,3.239
07/05/2024 11:00:00 PM,697.565,20.271,0.855,178.804,98.195,0,0,NA,NA,NA,NA,7.112,NA,2.881,7.983,3.837
07/06/2024 12:00:00 AM,697.248,20.418,0.954,33.414,97.998,0,0,NA,NA,NA,NA,3.926,NA,4.419,16.218,11.337
07/06/2024 01:00:00 AM,696.911,20.253,0.605,177.744,98.009,0,0,NA,NA,NA,NA,3.926,NA,5.228,18.581,11.725
07/06/2024 02:00:00 AM,696.477,20.165,0.711,154.358,96.946,0,0,NA,NA,NA,NA,3.926,NA,2.882,13.563,5.196
07/06/2024 03:00:00 AM,696.053,20.184,0.593,329.631,96.101,0,0,NA,NA,NA,NA,3.926,NA,2.112,16.899,6.209
07/06/2024 04:00:00 AM,695.69,20.172,0.596,224.52,96.591,0,0,NA,NA,NA,NA,3.926,NA,1.606,17.036,6.78
07/06/2024 05:00:00 AM,695.648,20.343,1.292,180.626,95.774,0,0,NA,NA,NA,NA,3.926,NA,1.642,16.9,7.491
07/06/2024 06:00:00 AM,696.007,20.112,1.016,8.244,94.719,0.048,0,NA,NA,NA,NA,3.926,NA,1.263,19.23,8.494
07/06/2024 07:00:00 AM,696.463,20.551,0.662,179.449,93.132,30.687,0,NA,NA,NA,NA,3.926,NA,1.613,25.448,10.308
07/06/2024 08:00:00 AM,696.787,22.381,1.13,261.054,86.077,177.802,0,NA,NA,NA,NA,3.926,NA,1.085,20.267,8.435
07/06/2024 09:00:00 AM,696.726,24.578,1.644,9.763,78.798,339.606,0,NA,NA,NA,NA,11.952,NA,0.699,16.416,6.698
07/06/2024 10:00:00 AM,696.652,25.971,2.134,263.72,74.299,410.043,0,NA,NA,NA,NA,29.614,NA,0.807,10.835,4.27
07/06/2024 11:00:00 AM,696.55,27.343,2.019,241.582,68.503,335.497,0,NA,NA,NA,NA,45.721,NA,0.476,11.581,4.064
07/06/2024 12:00:00 PM,696.28,28.333,1.946,270.613,64.841,362.741,0,NA,NA,NA,NA,59.697,NA,0.336,12.361,4.031
07/06/2024 01:00:00 PM,695.726,27.899,4.432,331.509,70.642,289.855,0,NA,NA,NA,NA,57.958,NA,-999,10.163,3.918
07/06/2024 02:00:00 PM,695.171,27.547,3.669,346.627,75.459,210.749,0,NA,NA,NA,NA,41.806,NA,0.276,10.365,4.163
07/06/2024 03:00:00 PM,694.559,26.855,4.46,343.42,78.573,230.662,0,NA,NA,NA,NA,37.793,NA,0.371,7.883,3.133
07/06/2024 04:00:00 PM,694.438,26.658,3.251,335.977,77.579,131.547,0,NA,NA,NA,NA,39.983,NA,0.393,7.482,2.808
07/06/2024 05:00:00 PM,694.484,25.758,1.718,340.989,81.134,47.302,0,NA,NA,NA,NA,32.151,NA,1.457,8.145,3.062
07/06/2024 06:00:00 PM,694.602,25.164,1.639,33.101,83.828,20.122,0,NA,NA,NA,NA,20.208,NA,1.005,11.284,4.345
07/06/2024 07:00:00 PM,694.719,24.301,1.478,17.718,85.873,2.28,0,NA,NA,NA,NA,14.148,NA,0.768,12.38,5.796
07/06/2024 08:00:00 PM,695.272,23.742,0.857,46.045,88.432,0,0,NA,NA,NA,NA,11.162,NA,0.828,13.788,6.492
07/06/2024 09:00:00 PM,695.833,23.179,0.834,325.442,91.379,0,0,NA,NA,NA,NA,3.926,NA,1.541,25.109,11.724
07/06/2024 10:00:00 PM,696.26,22.851,1.464,72.539,88.91,0,0,NA,NA,NA,NA,4.328,NA,0.942,18.309,8.062
07/06/2024 11:00:00 PM,696.485,22.822,1.727,84.508,84.039,0,0,NA,NA,NA,NA,6.239,NA,0.799,15.734,5.72
07/07/2024 12:00:00 AM,696.407,22.583,1.322,95.554,83.772,0,0,NA,NA,NA,NA,5.459,NA,1.49,13.931,5.073
07/07/2024 01:00:00 AM,696.1,22.35,0.843,114.327,84.598,0,0,NA,NA,NA,NA,3.926,NA,2.654,15.42,5.552
07/07/2024 02:00:00 AM,695.659,21.604,0.594,226.449,91.657,0,0,NA,NA,NA,NA,3.926,NA,6.105,21.286,9.282
07/07/2024 03:00:00 AM,695.251,20.957,0.667,319.234,93.523,0,0,NA,NA,NA,NA,-999,NA,5.319,22.625,8.597
07/07/2024 04:00:00 AM,695.035,20.715,0.672,275.846,92.411,0,0,NA,NA,NA,NA,3.926,NA,3.934,18.526,7.91
07/07/2024 05:00:00 AM,695.27,20.533,0.54,308.848,95.417,0,0,NA,NA,NA,NA,3.926,NA,7.234,27.589,13.271
07/07/2024 06:00:00 AM,695.42,20.146,0.752,308.744,96.263,0.112,0,NA,NA,NA,NA,3.926,NA,6.026,26.698,13.742
07/07/2024 07:00:00 AM,695.552,20.463,0.762,140.679,95.004,36.717,0,NA,NA,NA,NA,3.926,NA,5.814,28.515,15.276
07/07/2024 08:00:00 AM,695.746,22.023,1.007,332.136,88.003,115.001,0,NA,NA,NA,NA,3.926,NA,5.558,27.587,16.38
07/07/2024 09:00:00 AM,695.918,22.704,1.102,5.68,84.168,88.756,0,NA,NA,NA,NA,3.926,NA,4.608,36.334,21.437
07/07/2024 10:00:00 AM,695.95,25.425,1.463,60.082,75.069,333.21,0,NA,NA,NA,NA,21.954,NA,3.152,25.628,14.318
07/07/2024 11:00:00 AM,695.477,26.502,1.633,2.516,70.441,245.549,0,NA,NA,NA,NA,43.437,NA,2.732,21.748,11.848
07/07/2024 12:00:00 PM,694.923,29.479,1.728,25.826,57.203,507.87,0,NA,NA,NA,NA,56.047,NA,1.397,11.325,6.152
07/07/2024 01:00:00 PM,694.458,29.921,4.777,343.645,56.786,453.801,0,NA,NA,NA,NA,60.448,NA,0.725,9.596,4.462
07/07/2024 02:00:00 PM,693.835,29.629,4.977,325.324,63.195,369.073,0,NA,NA,NA,NA,57.147,NA,0.862,10.505,5.304
07/07/2024 03:00:00 PM,693.366,29.3,4.192,333.303,64.838,204.095,0,NA,NA,NA,NA,46.11,NA,0.929,11.107,5.644
07/07/2024 04:00:00 PM,693.062,28.128,3.8,341.039,70.249,106.977,0,NA,NA,NA,NA,34.974,NA,1.321,9.222,5.007
07/07/2024 05:00:00 PM,692.958,27.723,2.032,296.049,72.475,89.706,0,NA,NA,NA,NA,32.631,NA,1.885,7.246,3.505
07/07/2024 06:00:00 PM,693.207,27.473,3.36,335.385,72.87,61.206,0,NA,NA,NA,NA,38.165,NA,2.133,6.733,3.468
07/07/2024 07:00:00 PM,693.932,26.484,1.925,324.811,74.18,0.692,0,NA,NA,NA,NA,36.99,NA,2.445,10.244,5.463
07/07/2024 08:00:00 PM,694.353,26.028,0.944,167.587,77.3,0,0,NA,NA,NA,NA,15.048,NA,2.668,13.371,7.095
07/07/2024 09:00:00 PM,694.66,24.766,1.227,146.363,83.527,0,0.4,NA,NA,NA,NA,6.059,NA,3.228,17,10.111
07/07/2024 10:00:00 PM,694.957,24.446,1.219,298.937,79.883,0,0,NA,NA,NA,NA,16.903,NA,2.789,10.642,5.532
07/07/2024 11:00:00 PM,695.408,23.51,0.999,341.596,82.181,0,0,NA,NA,NA,NA,9.929,NA,3.4,11.627,5.294
07/08/2024 12:00:00 AM,695.286,23.228,0.984,120.352,80.758,0,0,NA,NA,NA,NA,9.584,NA,3.298,11.479,5.011
07/08/2024 01:00:00 AM,695.169,22.281,0.977,116.153,88.497,0,0,NA,NA,NA,NA,3.926,NA,4.145,15.633,7.665
07/08/2024 02:00:00 AM,694.903,21.687,0.886,249.257,90.306,0,0,NA,NA,NA,NA,3.926,NA,3.811,16.078,8.557
07/08/2024 03:00:00 AM,694.564,21.341,0.844,171.917,89.322,0,0,NA,NA,NA,NA,3.926,NA,3.866,13.988,6.33
07/08/2024 04:00:00 AM,694.816,20.879,0.643,273.838,89.518,0,0,NA,NA,NA,NA,3.926,NA,4.483,15.178,7.144
07/08/2024 05:00:00 AM,694.903,21.066,0.77,255.08,89.513,0,0,NA,NA,NA,NA,3.926,NA,4.782,14.686,6.783
07/08/2024 06:00:00 AM,695.111,21.06,0.655,71.572,88.968,0.193,0,NA,NA,NA,NA,3.926,NA,4.093,16.047,6.963
07/08/2024 07:00:00 AM,695.368,21.354,0.835,47.27,89.176,74.61,0,NA,NA,NA,NA,3.926,NA,6.884,21.813,9.955
07/08/2024 08:00:00 AM,695.715,23.41,1.408,8.075,83.278,209.994,0,NA,NA,NA,NA,3.926,NA,10.67,35.976,16.973
07/08/2024 09:00:00 AM,695.907,24.908,1.473,352.674,77.749,309.139,0,NA,NA,NA,NA,11.051,NA,4.821,26.634,11.339
07/08/2024 10:00:00 AM,695.858,27.629,1.724,322.651,68.379,384.121,0,NA,NA,NA,NA,31.096,NA,3.108,28.33,9.66
07/08/2024 11:00:00 AM,695.439,28.296,1.332,291.82,63.635,214.39,0,NA,NA,NA,NA,49.524,NA,1.287,20.102,7.954
07/08/2024 12:00:00 PM,694.988,29.695,2.81,300.158,60.092,444.296,0,NA,NA,NA,NA,57.433,NA,0.592,12.681,7.095
07/08/2024 01:00:00 PM,694.346,30.041,4.398,325.782,59.245,502.827,0,NA,NA,NA,NA,51.86,NA,0.471,9.553,4.567
07/08/2024 02:00:00 PM,693.608,30.143,4.629,341.462,60.212,427.701,0,NA,NA,NA,NA,49.754,NA,-999,11.113,6.058
07/08/2024 03:00:00 PM,692.954,30.355,5.059,348.324,60.438,358.133,0,NA,NA,NA,NA,47.311,NA,0.377,9.568,4.347
07/08/2024 04:00:00 PM,692.437,29.991,3.138,328.256,59.376,169.488,0,NA,NA,NA,NA,44.059,NA,0.398,12.065,4.532
07/08/2024 05:00:00 PM,692.327,29.994,3.744,347.11,63.574,242.907,0,NA,NA,NA,NA,45.278,NA,0.453,10.359,4.546
07/08/2024 06:00:00 PM,693.008,25.542,2.5,310.029,79.285,85.533,25.999,NA,NA,NA,NA,41.996,NA,0.729,11.892,6.172
07/08/2024 07:00:00 PM,693.765,21.095,1.16,74.841,96.599,0.821,0,NA,NA,NA,NA,10.284,NA,2.406,14.203,6.013
07/08/2024 08:00:00 PM,694.128,21.88,0.765,184.934,93.334,0,0,NA,NA,NA,NA,3.926,NA,2.71,17.596,8.041
07/08/2024 09:00:00 PM,694.839,21.86,0.998,20.341,94.147,0,0,NA,NA,NA,NA,3.926,NA,4.936,25.892,11.499
07/08/2024 10:00:00 PM,695.169,21.989,0.772,177.376,92.482,0,0,NA,NA,NA,NA,3.926,NA,3.945,23.992,10.097
07/08/2024 11:00:00 PM,695.496,21.625,0.943,167.005,95.955,0,0,NA,NA,NA,NA,-999,NA,7.325,28.909,12.78
07/09/2024 12:00:00 AM,695.317,21.567,0.849,111.856,96.441,0,0,NA,NA,NA,NA,3.926,NA,10.784,29.626,13.646
07/09/2024 01:00:00 AM,695.192,21.614,0.871,68.741,96.571,0,0,NA,NA,NA,NA,3.926,NA,8.969,28.823,13.434
07/09/2024 02:00:00 AM,694.92,21.739,0.731,39.111,96.249,0,0,NA,NA,NA,NA,3.926,NA,7.223,27.062,12.944
07/09/2024 03:00:00 AM,694.374,21.395,0.506,341.209,96.192,0,0,NA,NA,NA,NA,3.926,NA,6.864,25.414,12.371
07/09/2024 04:00:00 AM,693.776,20.926,0.832,234.608,96.509,0,0,NA,NA,NA,NA,3.926,NA,11.597,27.588,14.42
07/09/2024 05:00:00 AM,693.679,20.606,0.982,197.867,96.881,0,0,NA,NA,NA,NA,3.926,NA,5.504,24.868,11.602
07/09/2024 06:00:00 AM,694.088,20.41,1.077,12.866,93.367,0.354,0,NA,NA,NA,NA,3.926,NA,3.058,20.498,8.055
07/09/2024 07:00:00 AM,694.388,21.06,0.749,84.131,88.522,54.729,0,NA,NA,NA,NA,3.926,NA,3.041,21.344,10.306
07/09/2024 08:00:00 AM,694.65,23.378,1.479,331.096,83.271,208.01,0,NA,NA,NA,NA,3.926,NA,4.511,26.224,12.129
07/09/2024 09:00:00 AM,694.713,25.303,1.161,32.385,78.602,302.002,0,NA,NA,NA,NA,9.611,NA,5.9,30.439,14.137
07/09/2024 10:00:00 AM,694.688,26.874,2.049,1.734,72.281,400.216,0,NA,NA,NA,NA,32.965,NA,3.631,30.627,14.646
07/09/2024 11:00:00 AM,694.387,28.584,2.519,11.203,64.254,460.052,0.2,NA,NA,NA,NA,64.596,NA,1.323,19.622,8.456
07/09/2024 12:00:00 PM,694.089,28.366,5.21,330.773,69.246,485.025,0,NA,NA,NA,NA,51.229,NA,0.805,12.845,6.36
07/09/2024 01:00:00 PM,693.688,28.863,4.953,325.865,67.813,447.679,0,NA,NA,NA,NA,45.007,NA,0.83,12.218,6.17
07/09/2024 02:00:00 PM,693.259,28.905,4.76,334.058,67.942,361.646,0,NA,NA,NA,NA,46.059,NA,1.521,10.575,5.487
07/09/2024 03:00:00 PM,692.651,28.754,4.799,327.533,67.152,297.072,0,NA,NA,NA,NA,45.727,NA,1.108,9.777,4.976
07/09/2024 04:00:00 PM,692.088,28.678,4.402,334.117,68.282,229.148,0,NA,NA,NA,NA,42.45,NA,1.186,10.697,5.296
07/09/2024 05:00:00 PM,691.842,29.084,3.319,326.326,66.529,199.696,0,NA,NA,NA,NA,43.261,NA,1.252,11.784,5.433
07/09/2024 06:00:00 PM,692.044,28.133,2.839,330.126,70.797,116.241,0,NA,NA,NA,NA,40.637,NA,1.385,12.467,6.576
07/09/2024 07:00:00 PM,692.477,26.725,1.942,325.253,76.441,4.043,0,NA,NA,NA,NA,28.612,NA,2.793,15.417,8.737
07/09/2024 08:00:00 PM,693.212,26.086,1.385,73.844,79.318,0,0,NA,NA,NA,NA,22.665,NA,2.897,18.634,9.303
07/09/2024 09:00:00 PM,693.806,25.465,1.568,95.946,81.102,0,0,NA,NA,NA,NA,21.332,NA,2.751,18.801,9.156
07/09/2024 10:00:00 PM,694.09,24.998,1.838,24.017,81.672,0,0,NA,NA,NA,NA,20.393,NA,2.298,14.369,7.224
07/09/2024 11:00:00 PM,694.772,24.627,1.438,56.887,82.379,0,0,NA,NA,NA,NA,14.055,NA,2.834,14.444,7.053
07/10/2024 12:00:00 AM,694.443,24.657,0.84,99.174,82.668,0,0,NA,NA,NA,NA,6.968,NA,3.423,16.47,8.089
07/10/2024 01:00:00 AM,694.39,23.968,0.861,44.224,85.888,0,0,NA,NA,NA,NA,3.926,NA,4.634,23.07,11.014
07/10/2024 02:00:00 AM,694.259,23.805,0.943,17.405,85.854,0,0,NA,NA,NA,NA,3.926,NA,3.355,20.057,10.376
07/10/2024 03:00:00 AM,693.594,23.096,0.966,95.517,84.544,0,0,NA,NA,NA,NA,10.457,NA,1.483,13.686,6.93
07/10/2024 04:00:00 AM,693.769,22.11,0.887,55.035,89.863,0,0,NA,NA,NA,NA,3.926,NA,3.095,16.614,7.123
07/10/2024 05:00:00 AM,694.005,21.709,0.814,113.744,88.815,0,0,NA,NA,NA,NA,3.926,NA,2.257,13.961,6.451
07/10/2024 06:00:00 AM,694.234,21.507,1.142,77.285,85.337,0.596,0,NA,NA,NA,NA,4.437,NA,1.776,12.415,5.476
07/10/2024 07:00:00 AM,694.346,21.557,0.86,102.333,85.828,42.066,0,NA,NA,NA,NA,3.926,NA,2.828,19.701,8.065
07/10/2024 08:00:00 AM,694.61,22.846,0.952,303.316,84.985,115.677,0,NA,NA,NA,NA,3.926,NA,6.99,32.841,14.07
07/10/2024 09:00:00 AM,694.591,24.158,1.077,285.623,82.782,155.118,0,NA,NA,NA,NA,7.136,NA,6.478,35.315,15.933
07/10/2024 10:00:00 AM,694.212,25.647,1.744,23.605,77.87,265.381,0,NA,NA,NA,NA,14.821,NA,4.404,42.83,19.329
07/10/2024 11:00:00 AM,693.898,27.073,2.171,47.192,71.33,303.05,0,NA,NA,NA,NA,51.379,NA,2.196,40.086,18.492
07/10/2024 12:00:00 PM,693.523,28.221,4.315,334.276,66.752,316.502,0,NA,NA,NA,NA,74.389,NA,0.615,19.622,9.725
07/10/2024 01:00:00 PM,693.032,27.949,3.896,327.054,66.944,197.489,0,NA,NA,NA,NA,59.168,NA,-999,11.934,6.216
07/10/2024 02:00:00 PM,692.365,28.361,3.324,316.859,66.236,280.494,0,NA,NA,NA,NA,56.857,NA,0.296,10.925,5.137
07/10/2024 03:00:00 PM,691.71,29.366,3.316,304.48,64.991,361.839,0,NA,NA,NA,NA,53.655,NA,-999,10.849,5.412
07/10/2024 04:00:00 PM,691.381,28.855,4.559,339.428,66.802,249.979,0,NA,NA,NA,NA,51.557,NA,0.323,11.352,6.063
07/10/2024 05:00:00 PM,691.487,28.041,4.42,332.419,70.415,164.478,0,NA,NA,NA,NA,56.956,NA,0.54,11.283,5.608
07/10/2024 06:00:00 PM,691.722,27.443,3.189,322.342,72.183,63.783,0,NA,NA,NA,NA,51.765,NA,0.481,10.026,5.752
07/10/2024 07:00:00 PM,692.264,26.582,2.211,337.507,72.457,2.513,0,NA,NA,NA,NA,37.836,NA,0.583,13.969,7.047
07/10/2024 08:00:00 PM,693.058,25.603,0.842,279.373,76.683,0,0,NA,NA,NA,NA,15.877,NA,1.023,21.619,10.872
07/10/2024 09:00:00 PM,693.848,24.655,1.325,94.01,77.92,0,0,NA,NA,NA,NA,26.864,NA,0.926,14.223,6.99
07/10/2024 10:00:00 PM,694.308,23.993,1.835,57.675,79.964,0,0,NA,NA,NA,NA,28.822,NA,0.797,15.828,6.795
07/10/2024 11:00:00 PM,694.325,23.745,1.735,107.032,79.525,0,0,NA,NA,NA,NA,25.601,NA,0.749,14.028,6.467
07/11/2024 12:00:00 AM,694.452,23.471,1.734,101.956,78.264,0,0,NA,NA,NA,NA,24.119,NA,0.882,13.036,6.088
07/11/2024 01:00:00 AM,694.287,23.007,1.148,82.111,78.561,0,0,NA,NA,NA,NA,17.043,NA,1.603,17.211,7.332
07/11/2024 02:00:00 AM,693.806,22.855,1.378,91.478,77.539,0,0,NA,NA,NA,NA,15.716,NA,2.504,17.896,8.362
07/11/2024 03:00:00 AM,693.729,22.087,0.912,100.329,83.884,0,0,NA,NA,NA,NA,4.916,NA,4.805,21.796,10.67
07/11/2024 04:00:00 AM,693.809,21.877,0.83,77.607,80.32,0,0,NA,NA,NA,NA,10.141,NA,2.992,20.554,9.279
07/11/2024 05:00:00 AM,694.068,22.249,1.443,148.923,75.571,0,0,NA,NA,NA,NA,11.387,NA,1.813,18.525,8.117
07/11/2024 06:00:00 AM,694.112,21.53,0.93,58.516,78.699,0.306,0,NA,NA,NA,NA,6.539,NA,4.617,23.748,10.349
07/11/2024 07:00:00 AM,694.287,21.408,0.935,1.65,84.077,61.367,0,NA,NA,NA,NA,3.926,NA,6.797,31.949,14.666
07/11/2024 08:00:00 AM,694.629,23.049,1.315,339.549,82.67,177.222,0,NA,NA,NA,NA,3.926,NA,8.145,45.038,21.195
07/11/2024 09:00:00 AM,694.91,25.175,1.041,26.601,72.171,262.981,0,NA,NA,NA,NA,17.931,NA,4.315,32.093,14.772
07/11/2024 10:00:00 AM,694.86,26.41,1.538,272.934,69.196,332.114,0,NA,NA,NA,NA,50.768,NA,3.265,31.584,15.253
07/11/2024 11:00:00 AM,694.538,27.937,2.145,258.459,63.444,440.864,0,NA,NA,NA,NA,67.937,NA,2.339,30.145,12.657
07/11/2024 12:00:00 PM,694.134,29.261,3.127,339.822,59.681,400.812,0,NA,NA,NA,NA,80.456,NA,0.542,18.255,8.436
07/11/2024 01:00:00 PM,693.773,29.466,3.163,335.82,62.344,384.024,0,NA,NA,NA,NA,67.64,NA,0.573,16.706,8.347
07/11/2024 02:00:00 PM,693.434,29.832,4.462,340.101,62.373,403.438,0,NA,NA,NA,NA,56.69,NA,-999,15.864,8.006
07/11/2024 03:00:00 PM,693.221,29.812,3.921,330.003,64.126,350.078,0,NA,NA,NA,NA,50.456,NA,0.598,18.999,10.118
07/11/2024 04:00:00 PM,692.879,29.482,4.652,313.402,66.632,277.191,0,NA,NA,NA,NA,49.353,NA,0.75,15.776,8.208
07/11/2024 05:00:00 PM,692.844,28.866,5.406,331.309,66.771,188.628,0,NA,NA,NA,NA,60.627,NA,0.98,22.674,14.11
07/11/2024 06:00:00 PM,693.362,28.409,3.333,331.727,68.607,108.46,0,NA,NA,NA,NA,58.02,NA,1.248,22.833,13.761
07/11/2024 07:00:00 PM,693.855,27.185,1.297,288.075,74.274,1.723,0,NA,NA,NA,NA,48.089,NA,1.437,31.861,18.715
07/11/2024 08:00:00 PM,694.486,26.354,0.925,340.799,78.203,0,0,NA,NA,NA,NA,24.986,NA,2.17,28.638,12.763
07/11/2024 09:00:00 PM,695.188,25.316,1.36,118.83,79.196,0,0,NA,NA,NA,NA,27.8,NA,2.429,23.051,11.204
07/11/2024 10:00:00 PM,695.817,24.431,1.703,82.617,78.758,0,0,NA,NA,NA,NA,26.467,NA,1.964,21.576,10.286
07/11/2024 11:00:00 PM,696.014,24.271,1.81,49.952,76.727,0,0,NA,NA,NA,NA,26.627,NA,1.814,21.465,10.324
07/12/2024 12:00:00 AM,695.776,24.048,1.945,99.446,74.449,0,0,NA,NA,NA,NA,26.532,NA,1.641,23.214,10.901
07/12/2024 01:00:00 AM,695.722,23.885,2.11,91.798,71.063,0,0,NA,NA,NA,NA,26.03,NA,1.543,27.73,12.063
07/12/2024 02:00:00 AM,695.238,23.78,2.25,101.457,68.957,0,0,NA,NA,NA,NA,26.722,NA,1.382,29.507,12.266
07/12/2024 03:00:00 AM,694.939,23.304,1.741,111.819,69.892,0,0,NA,NA,NA,NA,24.167,NA,1.665,29.933,12.547
07/12/2024 04:00:00 AM,695.165,22.796,0.877,120.194,73.39,0,0,NA,NA,NA,NA,15.175,NA,2.45,30.989,12.755
07/12/2024 05:00:00 AM,695.334,22.216,1.237,173.912,74.743,0,0,NA,NA,NA,NA,10.351,NA,2.435,30.815,13.326
07/12/2024 06:00:00 AM,695.352,22.673,1.475,96.44,68.037,0.177,0,NA,NA,NA,NA,15.458,NA,1.635,32.927,13.288
07/12/2024 07:00:00 AM,695.843,22.166,1.592,115.44,68.416,33.35,0,NA,NA,NA,NA,11.083,NA,2.041,36.784,14.445
07/12/2024 08:00:00 AM,696.197,22.717,1.586,66.921,69.852,129.356,0,NA,NA,NA,NA,9.003,NA,3.052,48.875,17.167
07/12/2024 09:00:00 AM,696.277,24.62,1.337,53.503,64.186,199.02,0,NA,NA,NA,NA,16.606,NA,1.683,52.452,17.429
07/12/2024 10:00:00 AM,696.359,26.66,1.796,359.437,64.513,337.302,0,NA,NA,NA,NA,30.135,NA,1.623,46.032,17.793
07/12/2024 11:00:00 AM,696.471,26.968,3.389,14.71,70.476,323.881,0,NA,NA,NA,NA,52.138,NA,0.953,33.66,14.67
07/12/2024 12:00:00 PM,696.369,26.495,3.902,340.601,75.287,133.335,0,NA,NA,NA,NA,43.533,NA,1.358,24.992,11.866
07/12/2024 01:00:00 PM,696.072,25.716,2.69,329.562,79.312,75.158,0,NA,NA,NA,NA,37.248,NA,1.796,24.802,11.883
07/12/2024 02:00:00 PM,695.445,25.281,1.7,0.397,82.984,88.353,0,NA,NA,NA,NA,30.447,NA,2.598,27.193,12.585
07/12/2024 03:00:00 PM,694.816,26.534,1.285,63.242,78.306,146.036,0,NA,NA,NA,NA,40.38,NA,2.476,30.326,14.243
07/12/2024 04:00:00 PM,694.796,26.678,1.32,13.554,76.86,80.426,0,NA,NA,NA,NA,34.629,NA,2.979,32.775,15.206
07/12/2024 05:00:00 PM,694.733,26.212,1.617,12.189,78.465,48.542,0,NA,NA,NA,NA,29.125,NA,2.654,36.987,16.833
07/12/2024 06:00:00 PM,694.676,25.578,1.328,18.743,81.308,22.781,0,NA,NA,NA,NA,14.412,NA,3.551,45.145,23.65
07/12/2024 07:00:00 PM,695.07,24.594,1.074,4.658,86.777,0.177,0.2,NA,NA,NA,NA,6.246,NA,3.526,45.379,26.095
07/12/2024 08:00:00 PM,695.5,23.996,0.947,350.184,89.174,0,0,NA,NA,NA,NA,3.926,NA,3.598,42.208,23.378
07/12/2024 09:00:00 PM,695.943,23.793,1.167,107.746,85.017,0,0,NA,NA,NA,NA,8.866,NA,2.536,31.123,15.605
07/12/2024 10:00:00 PM,696.558,23.744,1.45,74.245,82.004,0,0,NA,NA,NA,NA,12.942,NA,2.529,31.465,14.986
07/12/2024 11:00:00 PM,696.915,23.571,1.462,110.735,80.834,0,0,NA,NA,NA,NA,10.835,NA,2.484,28.343,14.229
07/13/2024 12:00:00 AM,696.635,23.126,1.288,111.008,80.132,0,0,NA,NA,NA,NA,12.657,NA,2.311,23.265,11.329
07/13/2024 01:00:00 AM,696.15,22.588,1.39,110.887,80.152,0,0,NA,NA,NA,NA,16.742,NA,1.689,19.897,9.823
07/13/2024 02:00:00 AM,695.924,22.559,1.075,110.624,78.708,0,0,NA,NA,NA,NA,15.811,NA,2.199,20.074,9.693
07/13/2024 03:00:00 AM,696.065,21.861,0.989,47.695,83.565,0,0,NA,NA,NA,NA,5.766,NA,3.326,23.987,12.205
07/13/2024 04:00:00 AM,695.973,21.559,1.161,121.127,82.336,0,0,NA,NA,NA,NA,11.431,NA,2.295,19.927,10.36
07/13/2024 05:00:00 AM,695.867,21.252,1.156,166.936,83.329,0,0,NA,NA,NA,NA,9.703,NA,2.557,20.561,10.333
07/13/2024 06:00:00 AM,696.171,20.875,1.06,119.164,84.958,0,0,NA,NA,NA,NA,4.659,NA,2.511,21.689,10.912
07/13/2024 07:00:00 AM,696.494,20.789,0.682,218.764,87.821,21.153,0,NA,NA,NA,NA,3.926,NA,4.412,31.853,16.089
07/13/2024 08:00:00 AM,696.97,21.722,1.054,37.588,84.89,67.408,0,NA,NA,NA,NA,3.926,NA,4.172,34.002,16.297
07/13/2024 09:00:00 AM,697.128,22.908,0.787,130.378,80.906,94.83,0,NA,NA,NA,NA,3.926,NA,3.409,47.114,18.934
07/13/2024 10:00:00 AM,697.102,23.933,1.333,321.026,79.29,176.416,0,NA,NA,NA,NA,8.972,NA,4.47,48.226,21.385
07/13/2024 11:00:00 AM,696.614,26.667,2.017,341.958,67.238,407.917,0,NA,NA,NA,NA,38.074,NA,1.781,35.837,16.896
07/13/2024 12:00:00 PM,696,27.682,1.835,46.062,62.633,285.569,0.2,NA,NA,NA,NA,55.517,NA,1.245,36.43,16.08
07/13/2024 01:00:00 PM,695.247,28.049,4.118,6.596,65.012,351.48,0,NA,NA,NA,NA,61.069,NA,0.964,33.734,15.687
07/13/2024 02:00:00 PM,694.526,28.242,4.283,341.2,67.836,310.09,0,NA,NA,NA,NA,54.903,NA,0.774,29.735,14.393
07/13/2024 03:00:00 PM,693.916,28.847,4.562,331.683,66.052,359.615,0,NA,NA,NA,NA,51.258,NA,0.775,25.013,11.693
07/13/2024 04:00:00 PM,693.811,29.329,3.881,312.936,63.27,305.096,0,NA,NA,NA,NA,49.745,NA,0.683,25.076,11.551
07/13/2024 05:00:00 PM,693.947,28.314,4.237,330.675,68.589,210.862,0,NA,NA,NA,NA,53.983,NA,0.813,22.659,11.042
07/13/2024 06:00:00 PM,694.446,27.138,2.929,327.41,70.613,38.747,0,NA,NA,NA,NA,52.315,NA,1.419,23.327,11.482
07/13/2024 07:00:00 PM,694.727,26.36,2.157,304.285,76.281,1.498,0,NA,NA,NA,NA,40.533,NA,2.001,25.939,13.435
07/13/2024 08:00:00 PM,694.933,25.121,1.439,6.487,83.446,0,0,NA,NA,NA,NA,26.385,NA,2.609,25.902,12.914
07/13/2024 09:00:00 PM,695.502,24.525,1.015,85.447,84.144,0,0,NA,NA,NA,NA,15.37,NA,3.049,36.414,18.216
07/13/2024 10:00:00 PM,696.011,24.318,0.864,61.411,84.245,0,0,NA,NA,NA,NA,10.759,NA,2.98,34.682,17.69
07/13/2024 11:00:00 PM,696.453,23.657,0.914,4.482,84.482,0,0,NA,NA,NA,NA,6.885,NA,2.965,30.763,16.329
07/14/2024 12:00:00 AM,696.592,23.083,1.316,106.338,84.593,0,0,NA,NA,NA,NA,5.154,NA,3.454,22.081,11.039
07/14/2024 01:00:00 AM,695.82,22.765,1.377,47.784,81.664,0,0,NA,NA,NA,NA,10.433,NA,2.323,17.079,8.645
07/14/2024 02:00:00 AM,695.515,22.178,0.796,53.27,82.195,0,0,NA,NA,NA,NA,7.389,NA,0.512,16.917,7.828
07/14/2024 03:00:00 AM,695.73,21.528,0.88,344.812,86.283,0,0,NA,NA,NA,NA,3.926,NA,1.323,18.594,8.807
07/14/2024 04:00:00 AM,695.968,21.466,0.693,28.594,85.708,0,0,NA,NA,NA,NA,3.926,NA,1.881,18.756,9.859
07/14/2024 05:00:00 AM,696.155,21.733,1.077,113.578,81.669,0,0,NA,NA,NA,NA,7.564,NA,1.21,14.129,6.931
07/14/2024 06:00:00 AM,696.388,21.728,0.892,41.925,81.445,0.241,0,NA,NA,NA,NA,4.221,NA,1.449,17.271,8.481
07/14/2024 07:00:00 AM,696.316,21.905,0.953,349.459,81.715,69.599,0,NA,NA,NA,NA,3.926,NA,2.456,22.025,12.723
07/14/2024 08:00:00 AM,696.488,24.087,1.044,328.536,77.222,210.813,0,NA,NA,NA,NA,8.819,NA,2.556,25.631,13.217
07/14/2024 09:00:00 AM,696.459,25.614,1.435,305.735,72.056,289.182,0,NA,NA,NA,NA,20.981,NA,1.168,27.342,15.644
07/14/2024 10:00:00 AM,696.003,27.899,1.585,280.178,66.532,383.831,0,NA,NA,NA,NA,51.911,NA,0.625,31.626,17.106
07/14/2024 11:00:00 AM,695.651,28.961,1.58,75.126,59.815,240.458,0,NA,NA,NA,NA,60.004,NA,-999,22.613,12.289
07/14/2024 12:00:00 PM,695.384,29.64,1.489,343.459,57.102,281.944,0,NA,NA,NA,NA,71.06,NA,-999,18.801,10.623
07/14/2024 01:00:00 PM,694.849,29.993,2.113,21.743,55.725,341.652,0,NA,NA,NA,NA,92.459,NA,-999,24.608,14.209
07/14/2024 02:00:00 PM,694.001,30.71,2.653,359.614,50.574,347.146,0,NA,NA,NA,NA,87.966,NA,-999,18.114,11.178
07/14/2024 03:00:00 PM,693.456,30.493,3.004,348.192,53.592,169.955,0,NA,NA,NA,NA,82.263,NA,-999,17.673,10.713
07/14/2024 04:00:00 PM,693.181,27.981,2.954,339.256,75.12,44.788,0,NA,NA,NA,NA,51.976,NA,-999,18.936,10.498
07/14/2024 05:00:00 PM,693.403,27.008,2.123,2.315,81.394,50.927,0,NA,NA,NA,NA,44.879,NA,-999,18.684,9.634
07/14/2024 06:00:00 PM,693.933,26.699,2.492,23.539,83.213,29.966,0,NA,NA,NA,NA,40.896,NA,0.615,17.634,9.377
07/14/2024 07:00:00 PM,694.426,26.107,1.78,336.954,85.598,1.337,0,NA,NA,NA,NA,35.506,NA,0.869,18.437,9.142
07/14/2024 08:00:00 PM,694.462,25.785,1.09,12.259,86.564,0,0,NA,NA,NA,NA,27.488,NA,0.86,19.309,10.218
07/14/2024 09:00:00 PM,694.256,25.562,1.086,278.105,86.419,0,0,NA,NA,NA,NA,29.949,NA,0.955,19.496,10.382
07/14/2024 10:00:00 PM,694.547,25.147,1.334,57.737,79.384,0,0,NA,NA,NA,NA,26.42,NA,0.89,15.926,9.087
07/14/2024 11:00:00 PM,695.039,24.503,1.771,46.156,77.11,0,0,NA,NA,NA,NA,23.272,NA,0.447,12.092,6.906
07/15/2024 12:00:00 AM,695.177,24.596,1.907,103.78,72.818,0,0,NA,NA,NA,NA,21.217,NA,1.122,9.484,4.909
07/15/2024 01:00:00 AM,695.01,24.351,1.856,115.495,71.493,0,0,NA,NA,NA,NA,18.982,NA,-999,9.078,4.398
07/15/2024 02:00:00 AM,694.679,24.194,1.316,107.658,71.814,0,0,NA,NA,NA,NA,15.889,NA,1.622,8.872,4.124
07/15/2024 03:00:00 AM,694.518,23.698,0.863,72.557,75.904,0,0,NA,NA,NA,NA,8.758,NA,-999,11.408,5.452
07/15/2024 04:00:00 AM,694.399,23.419,0.937,226.274,78.403,0,0,NA,NA,NA,NA,6.665,NA,3.566,12.669,6.446
07/15/2024 05:00:00 AM,694.643,23.174,0.744,78.411,79.225,0,0,NA,NA,NA,NA,-999,NA,-999,11.554,6.312
07/15/2024 06:00:00 AM,695.147,23.268,0.927,267.32,80.737,0.145,0,NA,NA,NA,NA,4.973,NA,-999,15.486,7.696
07/15/2024 07:00:00 AM,695.382,23.734,1.379,235.294,82.156,76.576,0,NA,NA,NA,NA,3.926,NA,3.584,23.657,12.005
07/15/2024 08:00:00 AM,695.787,25.715,1.291,40.619,70.811,208.832,0,NA,NA,NA,NA,14.453,NA,2.15,17.224,7.557
07/15/2024 09:00:00 AM,695.97,26.895,1.579,253.022,71.076,303.678,0,NA,NA,NA,NA,24.96,NA,-999,25.497,10.334
07/15/2024 10:00:00 AM,695.726,28.646,2.287,301.29,63.714,396.687,0,NA,NA,NA,NA,52.556,NA,-999,27.237,10.516
07/15/2024 11:00:00 AM,695.319,30.53,2.142,261.526,54.38,456.218,0,NA,NA,NA,NA,-999,NA,-999,20.354,8.457
07/15/2024 12:00:00 PM,694.974,31.841,1.703,305.36,49.042,359.761,0,NA,NA,NA,NA,75.854,NA,0.262,15.617,6.4
07/15/2024 01:00:00 PM,694.355,31.59,5.003,336.812,54.364,437.481,0,NA,NA,NA,NA,69.87,NA,0.262,14.191,7.074
07/15/2024 02:00:00 PM,693.882,29.729,3.319,304.601,65.581,120.865,0,NA,NA,NA,NA,54.372,NA,-999,15.914,8.285
07/15/2024 03:00:00 PM,693.754,25.439,3.501,356.888,74.232,29.483,0,NA,NA,NA,NA,33.923,NA,0.836,15.423,6.369
07/15/2024 04:00:00 PM,693.732,24.076,1.586,318.821,82.187,33.639,0.2,NA,NA,NA,NA,18.788,NA,-999,15.673,6.159
07/15/2024 05:00:00 PM,693.689,25.009,1.964,49.585,79.162,44.031,0,NA,NA,NA,NA,23.914,NA,-999,24.403,8.713
07/15/2024 06:00:00 PM,693.395,26.311,3.211,113.186,66.358,21.54,0,NA,NA,NA,NA,31.011,NA,0.655,10.082,3.872
07/15/2024 07:00:00 PM,694.223,25.312,2.203,105.72,72.49,1.611,0,NA,NA,NA,NA,17.612,NA,0.947,13.713,6.046
07/15/2024 08:00:00 PM,694.697,24.576,2.351,71.066,73.736,0,0,NA,NA,NA,NA,15.112,NA,-999,12.8,5.272
07/15/2024 09:00:00 PM,694.894,24.337,1.004,134.981,74.076,0,0,NA,NA,NA,NA,5.871,NA,2.66,14.728,6.421
07/15/2024 10:00:00 PM,694.909,23.824,0.926,252.227,76.857,0,0,NA,NA,NA,NA,3.926,NA,2.082,17.918,7.841
07/15/2024 11:00:00 PM,694.784,23.814,0.943,41.34,72.421,0,0,NA,NA,NA,NA,7.777,NA,1.664,11.685,5.068
07/16/2024 12:00:00 AM,694.922,24.026,1.679,131.277,69.105,0,0,NA,NA,NA,NA,14.215,NA,1.017,7.979,3.199
07/16/2024 01:00:00 AM,694.946,23.441,1.773,112.013,71.206,0,0,NA,NA,NA,NA,13.718,NA,-999,7.447,3.136
07/16/2024 02:00:00 AM,694.894,22.255,1.818,116.822,80.404,0,0,NA,NA,NA,NA,4.797,NA,6.616,13.862,6.13
07/16/2024 03:00:00 AM,694.645,21.847,0.9,247.345,84.884,0,0,NA,NA,NA,NA,3.926,NA,6.384,18.161,8.678
07/16/2024 04:00:00 AM,694.358,21.745,0.775,80.111,80.36,0,0,NA,NA,NA,NA,3.926,NA,4.38,10.098,4.939
07/16/2024 05:00:00 AM,694.547,22.203,0.956,137.41,77.23,0,0,NA,NA,NA,NA,7.677,NA,-999,8.439,3.669
07/16/2024 06:00:00 AM,694.606,21.984,0.9,200.981,79.493,0.241,0,NA,NA,NA,NA,3.926,NA,-999,11.078,4.614
07/16/2024 07:00:00 AM,694.939,22.417,1.271,270.673,79.3,73.708,0,NA,NA,NA,NA,3.926,NA,5.112,17.817,7.807
07/16/2024 08:00:00 AM,695.386,24.026,1.517,358.957,74.891,210.829,0,NA,NA,NA,NA,6.325,NA,-999,20.069,8.169
07/16/2024 09:00:00 AM,695.082,25.436,1.761,271.755,73.652,312.99,0,NA,NA,NA,NA,17.265,NA,-999,18.639,7.692
07/16/2024 10:00:00 AM,694.362,27.84,1.964,292.721,63.784,399.126,0,NA,NA,NA,NA,30.482,NA,3.604,21.198,6.737
07/16/2024 11:00:00 AM,694.059,29.735,2.724,9.47,56.813,446.406,0,NA,NA,NA,NA,57.67,NA,-999,23.226,7.284
07/16/2024 12:00:00 PM,693.768,30.959,3.608,329.463,53.597,465.014,0,NA,NA,NA,NA,70.309,NA,-999,13.268,5.066
07/16/2024 01:00:00 PM,693.339,30.552,5.652,345.763,60.608,462.209,0,NA,NA,NA,NA,68.538,NA,2.038,13.758,6.478
07/16/2024 02:00:00 PM,693.032,30.476,5.397,331.751,63.994,361.275,0,NA,NA,NA,NA,59.387,NA,-999,12.293,6.345
07/16/2024 03:00:00 PM,692.67,30.095,5.505,340.148,67.14,228.181,0,NA,NA,NA,NA,56.832,NA,2.383,14.613,7.005
07/16/2024 04:00:00 PM,692.676,28.119,5.041,338.691,76.725,48.526,0,NA,NA,NA,NA,55.07,NA,-999,16.878,9.292
07/16/2024 05:00:00 PM,693.384,24.793,2.966,350.279,87.207,16.143,0.4,NA,NA,NA,NA,32.144,NA,4.466,13.179,7.32
07/16/2024 06:00:00 PM,694.169,24.023,1.1,333.766,82.417,19.011,0,NA,NA,NA,NA,26.191,NA,3.869,10.722,4.976
07/16/2024 07:00:00 PM,695.213,24.268,1.861,76.39,82.657,0.145,0,NA,NA,NA,NA,11.435,NA,5.025,17.151,7.113
07/16/2024 08:00:00 PM,696.136,23.587,2.332,176.69,85.918,0,0.8,NA,NA,NA,NA,16.516,NA,4.672,16.313,8.003
07/16/2024 09:00:00 PM,696.165,21.9,3.101,206.755,91.168,0,0,NA,NA,NA,NA,19.777,NA,4.257,11.676,5.654
07/16/2024 10:00:00 PM,696.204,22.575,3.248,189.11,86.535,0,0,NA,NA,NA,NA,17.345,NA,4.918,10.909,5.366
07/16/2024 11:00:00 PM,696.578,22.138,1.608,220.126,89.977,0,0,NA,NA,NA,NA,8.933,NA,-999,15.155,6.813
07/17/2024 12:00:00 AM,696.349,21.839,1.687,228.554,90.491,0,0,NA,NA,NA,NA,15.231,NA,5.175,12.435,4.735
07/17/2024 01:00:00 AM,695.976,21.783,0.998,19.517,91.348,0,0,NA,NA,NA,NA,7.607,NA,-999,10.688,4.185
07/17/2024 02:00:00 AM,695.581,21.91,1.064,205.285,88.97,0,0,NA,NA,NA,NA,13.387,NA,-999,9.005,3.43
07/17/2024 03:00:00 AM,695.346,21.491,1.315,212.666,90.757,0,0,NA,NA,NA,NA,7.182,NA,2.332,9.714,3.534
07/17/2024 04:00:00 AM,694.722,21.419,1.438,199.597,90.312,0,0,NA,NA,NA,NA,9.722,NA,2.029,10.981,3.952
07/17/2024 05:00:00 AM,694.747,21.098,0.966,232.585,89.734,0,0,NA,NA,NA,NA,4.628,NA,-999,10.152,3.77
07/17/2024 06:00:00 AM,695.236,20.761,0.866,347.933,92.133,0.257,0,NA,NA,NA,NA,3.926,NA,-999,15.665,6.139
07/17/2024 07:00:00 AM,695.601,21.31,0.942,5.148,88.296,62.269,0,NA,NA,NA,NA,3.926,NA,-999,19.233,8.22
07/17/2024 08:00:00 AM,696.079,23.324,1.354,286.567,82.06,192.479,0,NA,NA,NA,NA,5.849,NA,4.254,17.381,6.547
07/17/2024 09:00:00 AM,696.058,25,1.554,11.087,76.333,301.245,0,NA,NA,NA,NA,10.672,NA,2.814,21.481,7.945
07/17/2024 10:00:00 AM,695.848,26.662,2.189,40.672,72.716,360.389,0,NA,NA,NA,NA,24.579,NA,2.146,28.21,9.512
07/17/2024 11:00:00 AM,695.279,28.21,2.282,11.559,64.702,441.444,0,NA,NA,NA,NA,56.191,NA,-999,16.142,6.633
07/17/2024 12:00:00 PM,694.903,29.074,3.489,325.648,61.422,371.377,0,NA,NA,NA,NA,71.583,NA,-999,12.613,5.274
07/17/2024 01:00:00 PM,694.583,28.993,5.675,4.852,62.758,360.776,0,NA,NA,NA,NA,54.726,NA,0.307,9.104,4.455
07/17/2024 02:00:00 PM,694.2,28.657,4.96,340.777,64.832,186.002,0,NA,NA,NA,NA,44.799,NA,0.262,10.68,6.005
07/17/2024 03:00:00 PM,693.854,27.359,2.752,358.832,71.922,55.744,0.2,NA,NA,NA,NA,32.953,NA,-999,17.083,6.329
07/17/2024 04:00:00 PM,693.828,24.111,2.176,117.986,84.433,15.047,3.8,NA,NA,NA,NA,18.621,NA,-999,19.498,7.538
07/17/2024 05:00:00 PM,693.826,23.122,1.179,257.701,88.96,24.392,0,NA,NA,NA,NA,10.469,NA,2.64,22.138,8.643
07/17/2024 06:00:00 PM,694.369,23.435,1.837,239.358,86.869,7.958,0,NA,NA,NA,NA,6.364,NA,-999,19.195,8.065
07/17/2024 07:00:00 PM,695.022,22.732,1.116,138.554,92.669,0.209,0.2,NA,NA,NA,NA,3.926,NA,3.717,28.117,13.488
07/17/2024 08:00:00 PM,695.651,22.466,1.041,120.152,94.385,0,0,NA,NA,NA,NA,3.926,NA,-999,27.566,12.688
07/17/2024 09:00:00 PM,696.307,22.435,0.961,343.473,94.499,0,0.2,NA,NA,NA,NA,3.926,NA,3.973,24.349,12.499
07/17/2024 10:00:00 PM,696.607,22.218,1.426,75.485,94.145,0,0,NA,NA,NA,NA,3.926,NA,6.318,27.617,15.269
07/17/2024 11:00:00 PM,696.633,22.169,1.355,112.17,90.942,0,0.6,NA,NA,NA,NA,3.926,NA,2.694,13.428,6.654
07/18/2024 12:00:00 AM,696.429,21.758,1.074,259.157,93.842,0,0,NA,NA,NA,NA,3.926,NA,3.665,18.764,8.763
07/18/2024 01:00:00 AM,696.388,21.358,0.882,4.579,95.407,0,0,NA,NA,NA,NA,3.926,NA,4.75,22.217,10.77
07/18/2024 02:00:00 AM,696.394,21.445,0.81,229.335,95.752,0,0,NA,NA,NA,NA,3.926,NA,-999,24.787,13.829
07/18/2024 03:00:00 AM,695.964,21.33,0.794,327.451,95.924,0,0,NA,NA,NA,NA,3.926,NA,4.484,23.545,11.182
07/18/2024 04:00:00 AM,695.528,21.242,0.677,265.278,96.899,0,0,NA,NA,NA,NA,3.926,NA,4.8,27.127,13.076
07/18/2024 05:00:00 AM,695.792,21.022,0.871,7.784,97.183,0,0,NA,NA,NA,NA,3.926,NA,3.797,24.81,11.746
07/18/2024 06:00:00 AM,696.05,21.066,1.081,294.67,94.832,0,0,NA,NA,NA,NA,-999,NA,-999,21.918,10.116
07/18/2024 07:00:00 AM,696.102,21.033,0.883,242.272,95.391,23.731,0,NA,NA,NA,NA,3.926,NA,-999,32.599,17.729
07/18/2024 08:00:00 AM,696.486,22.57,1.089,49.681,88.926,169.182,0,NA,NA,NA,NA,3.926,NA,4.094,27.61,11.803
07/18/2024 09:00:00 AM,696.682,24.452,1.291,285.665,83.574,291.884,0,NA,NA,NA,NA,-999,NA,-999,32.805,17.321
07/18/2024 10:00:00 AM,696.567,25.855,1.22,301.191,74.655,189.047,0,NA,NA,NA,NA,23.137,NA,1.379,38.432,12.745
07/18/2024 11:00:00 AM,696.309,26.614,1.34,48.87,71.303,185.97,0,NA,NA,NA,NA,35.154,NA,-999,29.427,8.886
07/18/2024 12:00:00 PM,695.882,28.458,0.954,44.321,66.445,184.617,0,NA,NA,NA,NA,56.664,NA,-999,57.411,14.147
07/18/2024 01:00:00 PM,695.292,28.838,2.255,228.981,67.868,272.213,0,NA,NA,NA,NA,57.73,NA,0.27,19.351,7.981
07/18/2024 02:00:00 PM,694.766,28.524,4.156,341.209,69.161,272.422,0.2,NA,NA,NA,NA,49.551,NA,-999,10.144,5.818
07/18/2024 03:00:00 PM,694.216,27.997,5.643,334.381,71.968,270.167,0,NA,NA,NA,NA,44.994,NA,-999,8.963,4.847
07/18/2024 04:00:00 PM,694.172,26.389,4.449,347.252,77.645,59.53,0,NA,NA,NA,NA,41.296,NA,0.554,9.278,5.184
07/18/2024 05:00:00 PM,694.5,24.593,3.595,342.781,77.317,23.731,0,NA,NA,NA,NA,35.448,NA,0.466,8.967,4.769
07/18/2024 06:00:00 PM,694.8,23.388,2.042,257.101,80.818,23.167,0,NA,NA,NA,NA,25.302,NA,-999,8.894,4.584
07/18/2024 07:00:00 PM,695.448,23.087,1.486,11.213,83.625,2.078,0,NA,NA,NA,NA,9.36,NA,2.579,18.41,9.943
07/18/2024 08:00:00 PM,695.912,22.854,0.898,318.371,86.756,0,0,NA,NA,NA,NA,4.209,NA,-999,24.335,11.735
07/18/2024 09:00:00 PM,696.549,22.245,0.722,283.946,90.243,0,0,NA,NA,NA,NA,3.926,NA,4.73,28.719,13.2
07/18/2024 10:00:00 PM,696.94,22.105,0.608,130.257,91.086,0,0,NA,NA,NA,NA,3.926,NA,3.834,28.449,13.36
07/18/2024 11:00:00 PM,697.139,22.105,0.695,243.496,91.751,0,0,NA,NA,NA,NA,3.926,NA,3.68,31.9,14.471
07/19/2024 12:00:00 AM,697.221,21.827,0.918,82.046,92.547,0,0,NA,NA,NA,NA,3.926,NA,3.197,27.779,13.669
07/19/2024 01:00:00 AM,696.758,21.562,0.789,31.191,92.862,0,0,NA,NA,NA,NA,3.926,NA,2.668,23.394,11.127
07/19/2024 02:00:00 AM,696.325,21.206,0.814,287.613,93.595,0,0,NA,NA,NA,NA,3.926,NA,-999,20.594,10.073
07/19/2024 03:00:00 AM,696.126,21.024,0.636,149.35,91.339,0,0,NA,NA,NA,NA,3.926,NA,-999,15.921,7.152
07/19/2024 04:00:00 AM,695.984,21.003,0.928,111.69,91.508,0,0,NA,NA,NA,NA,3.943,NA,1.73,16.085,6.873
07/19/2024 05:00:00 AM,696.175,20.601,0.802,101.96,91.353,0,0,NA,NA,NA,NA,3.926,NA,-999,13.037,5.91
07/19/2024 06:00:00 AM,696.244,20.492,0.728,354.661,90.502,0.032,0,NA,NA,NA,NA,3.926,NA,1.448,13.755,5.856
07/19/2024 07:00:00 AM,696.708,20.279,0.683,132.093,93.106,22.861,0,NA,NA,NA,NA,3.926,NA,2.483,22.181,9.216
07/19/2024 08:00:00 AM,697.052,22.264,0.9,312.713,88.158,132.433,0,NA,NA,NA,NA,3.926,NA,-999,25.362,12.779
07/19/2024 09:00:00 AM,697.188,23.694,1.434,346.747,84.308,240.957,0,NA,NA,NA,NA,5.438,NA,5.652,41.25,20.356
07/19/2024 10:00:00 AM,697.083,25.862,1.987,354.772,73.654,391.193,0,NA,NA,NA,NA,-999,NA,-999,30.011,14.353
07/19/2024 11:00:00 AM,696.793,28.196,1.526,234.712,61.83,376.242,0,NA,NA,NA,NA,49.804,NA,0.34,10.203,5.106
07/19/2024 12:00:00 PM,696.328,28.643,3.402,337.029,61.517,382.606,0,NA,NA,NA,NA,57.589,NA,0.298,8.997,5.167
07/19/2024 01:00:00 PM,695.934,28.405,3.925,330.966,64.488,357.296,0,NA,NA,NA,NA,-999,NA,-999,9.321,5.079
07/19/2024 02:00:00 PM,695.529,27.99,3.157,330.127,67.216,161.433,0,NA,NA,NA,NA,44.3,NA,0.314,9.01,4.753
07/19/2024 03:00:00 PM,695.018,28.081,4.406,321.485,68.79,286.729,0,NA,NA,NA,NA,42.045,NA,-999,8.244,4.631
07/19/2024 04:00:00 PM,694.6,27.36,3.952,358.028,72.808,176.384,0,NA,NA,NA,NA,42.769,NA,-999,9.712,6.37
07/19/2024 05:00:00 PM,694.513,27.39,3.18,331.216,72.884,148.141,0,NA,NA,NA,NA,41.013,NA,0.376,8.415,4.507
07/19/2024 06:00:00 PM,694.661,26.208,1.857,310.441,79.034,48.357,3.4,NA,NA,NA,NA,35.279,NA,-999,10.359,5.66
07/19/2024 07:00:00 PM,695.398,23.446,1.099,304.373,88.216,1.514,0.8,NA,NA,NA,NA,6.628,NA,1.712,14.714,6.365
07/19/2024 08:00:00 PM,695.993,23.138,0.672,162.404,90.667,0,0,NA,NA,NA,NA,3.926,NA,-999,16.566,8.946
07/19/2024 09:00:00 PM,696.486,23.243,0.872,138.272,92.294,0,0,NA,NA,NA,NA,4.849,NA,2.304,25.581,13.471
07/19/2024 10:00:00 PM,696.818,22.871,0.904,131.589,92.972,0,0,NA,NA,NA,NA,4.54,NA,-999,18.187,8.652
07/19/2024 11:00:00 PM,697.01,22.415,1.027,67.764,94.01,0,0,NA,NA,NA,NA,3.926,NA,1.939,18.917,9.741
07/20/2024 12:00:00 AM,696.863,22.009,0.947,317.785,95.258,0,0,NA,NA,NA,NA,3.926,NA,2.631,21.496,10.718
07/20/2024 01:00:00 AM,696.426,21.88,0.964,45.868,92.302,0,0,NA,NA,NA,NA,3.926,NA,-999,14.725,5.923
07/20/2024 02:00:00 AM,696.108,21.833,0.822,64.463,90.704,0,0,NA,NA,NA,NA,3.926,NA,0.497,12.976,5.332
07/20/2024 03:00:00 AM,695.868,21.654,0.655,55.064,91.784,0,0,NA,NA,NA,NA,3.926,NA,1.317,16.21,6.487
07/20/2024 04:00:00 AM,695.688,21.563,0.665,23.074,94.685,0,0,NA,NA,NA,NA,3.926,NA,3,18.569,8.727
07/20/2024 05:00:00 AM,695.475,21.282,0.608,232.57,96.024,0,0,NA,NA,NA,NA,3.926,NA,-999,23.338,10.414
07/20/2024 06:00:00 AM,695.7,20.693,0.804,24.249,95.833,0,0,NA,NA,NA,NA,3.926,NA,2.882,20.671,9.182
07/20/2024 07:00:00 AM,696.102,20.891,0.492,316.141,95.842,21.25,0,NA,NA,NA,NA,3.926,NA,5.416,31.853,16.785
07/20/2024 08:00:00 AM,696.47,21.633,0.975,322.398,92.124,85.356,0,NA,NA,NA,NA,3.926,NA,-999,31.074,17.518
07/20/2024 09:00:00 AM,696.697,24.388,1.358,14.218,79.377,244.115,0,NA,NA,NA,NA,5.84,NA,-999,24.656,11.219
07/20/2024 10:00:00 AM,696.631,25.963,1.168,57.095,72.253,285.907,0,NA,NA,NA,NA,24.437,NA,0.394,20.261,9.317
07/20/2024 11:00:00 AM,696.28,28.235,2.121,70.873,63.801,378.514,0,NA,NA,NA,NA,-999,NA,-999,22.582,9.058
07/20/2024 12:00:00 PM,695.886,27.347,4.085,330.054,72.062,207.929,0,NA,NA,NA,NA,59.583,NA,0.262,12.7,7.261
07/20/2024 01:00:00 PM,695.467,27.969,4.009,339.402,70.841,298.764,0,NA,NA,NA,NA,-999,NA,-999,11.316,6.223
07/20/2024 02:00:00 PM,694.968,28.343,4.058,329.656,69.469,307.496,0,NA,NA,NA,NA,51.639,NA,-999,10.218,5.903
07/20/2024 03:00:00 PM,694.309,28.989,4.519,322.946,66.512,342.49,0,NA,NA,NA,NA,45.786,NA,0.262,7.966,4.922
07/20/2024 04:00:00 PM,693.952,29.38,4.23,347.746,66.025,258.615,0,NA,NA,NA,NA,44.546,NA,-999,7.726,4.779
07/20/2024 05:00:00 PM,693.87,27.982,3.004,344.761,70.88,85.839,0,NA,NA,NA,NA,44.913,NA,0.262,9.683,6.273
07/20/2024 06:00:00 PM,694.193,27.962,2.693,316.592,71.634,104.657,0,NA,NA,NA,NA,53.703,NA,-999,9.528,6.33
07/20/2024 07:00:00 PM,694.687,26.761,1.868,317.174,76.41,2.336,0,NA,NA,NA,NA,51.204,NA,-999,11.709,7.046
07/20/2024 08:00:00 PM,695.159,26.136,1.446,16.745,79.402,0,0,NA,NA,NA,NA,33.814,NA,1.208,16.839,9.925
07/20/2024 09:00:00 PM,695.516,25.578,0.956,75.026,80.694,0,0,NA,NA,NA,NA,25.358,NA,-999,14.489,8.347
07/20/2024 10:00:00 PM,695.845,25.018,1.348,12.497,82.417,0,0,NA,NA,NA,NA,17.898,NA,1.234,18.384,10.264
07/20/2024 11:00:00 PM,695.986,24.516,1.195,84.975,83.392,0,0,NA,NA,NA,NA,16.156,NA,1.279,16.459,9.392
07/21/2024 12:00:00 AM,695.803,23.974,1.289,103.08,84.774,0,0,NA,NA,NA,NA,13.969,NA,1.16,13.785,7.702
07/21/2024 01:00:00 AM,695.362,23.637,1.183,102.161,84.613,0,0,NA,NA,NA,NA,9.74,NA,1.51,12.753,7.392
07/21/2024 02:00:00 AM,695.02,23.151,0.721,122.986,85.798,0,0,NA,NA,NA,NA,4.665,NA,1.98,12.996,7.316
07/21/2024 03:00:00 AM,694.576,22.493,0.843,281.576,87.751,0,0,NA,NA,NA,NA,3.926,NA,2.459,13.56,7.426
07/21/2024 04:00:00 AM,694.52,22.404,0.983,266.565,88.027,0,0,NA,NA,NA,NA,3.926,NA,2.859,14.437,7.633
07/21/2024 05:00:00 AM,694.459,22.164,1.66,334.272,84.514,0,0,NA,NA,NA,NA,6.105,NA,-999,11.271,6.021
07/21/2024 06:00:00 AM,694.821,22.197,1.241,72.884,81.425,0.064,0,NA,NA,NA,NA,7.247,NA,1.699,8.947,4.61
07/21/2024 07:00:00 AM,695.542,21.546,1.007,75.04,84.571,10.875,0,NA,NA,NA,NA,3.926,NA,-999,20.469,12.869
07/21/2024 08:00:00 AM,695.914,22.647,1.083,3.174,80.658,64.379,0,NA,NA,NA,NA,4.901,NA,2.447,14.756,7.642
07/21/2024 09:00:00 AM,695.685,24.069,1.647,225.358,81.135,198.053,0,NA,NA,NA,NA,11.381,NA,4.814,21.692,12.374
07/21/2024 10:00:00 AM,695.288,26.99,1.504,31.884,72.863,364.819,0,NA,NA,NA,NA,33.128,NA,3.648,25.888,15.111
07/21/2024 11:00:00 AM,694.821,28.455,2.17,288.636,67.177,319.982,0,NA,NA,NA,NA,61.323,NA,1.277,19.216,11.461
07/21/2024 12:00:00 PM,694.368,29.618,2.782,354.93,61.332,462.855,0,NA,NA,NA,NA,61.6,NA,-999,12.528,7.426
07/21/2024 01:00:00 PM,693.705,30.318,3.803,342.696,57.582,415.956,0,NA,NA,NA,NA,52.432,NA,-999,10.297,6.666
07/21/2024 02:00:00 PM,693.124,29.496,4.774,343.055,63.53,248.11,0,NA,NA,NA,NA,49.535,NA,0.421,11.141,7.115
07/21/2024 03:00:00 PM,692.637,28.919,4.064,332.171,68.64,194.638,0,NA,NA,NA,NA,45.319,NA,-999,13.042,9.01
07/21/2024 04:00:00 PM,692.422,29.248,4.597,336.319,69.612,267.927,0,NA,NA,NA,NA,53.135,NA,1.123,10.749,7.007
07/21/2024 05:00:00 PM,692.341,28.941,4.328,323.38,70.501,211.716,0,NA,NA,NA,NA,58.103,NA,0.884,10.602,6.927
07/21/2024 06:00:00 PM,692.755,28.013,3.533,283.023,73.138,124.361,0,NA,NA,NA,NA,57.629,NA,-999,10.994,7.424
07/21/2024 07:00:00 PM,693.137,26.944,1.848,329.575,77.003,7.162,0,NA,NA,NA,NA,51.033,NA,1.484,12.649,7.594
07/21/2024 08:00:00 PM,693.844,26.303,1.019,310.652,78.728,0,0,NA,NA,NA,NA,28.999,NA,3.097,16.384,10.219
07/21/2024 09:00:00 PM,694.57,25.707,1.225,29.053,79.064,0,0,NA,NA,NA,NA,20.313,NA,1.858,19.394,10.929
07/21/2024 10:00:00 PM,695.178,25.193,0.991,66.089,79.033,0,0,NA,NA,NA,NA,21.124,NA,2.787,18.713,9.898
07/21/2024 11:00:00 PM,695.245,24.841,1.124,78.028,80.448,0,0,NA,NA,NA,NA,20.205,NA,-999,17.29,9.364
07/22/2024 12:00:00 AM,695.359,24.479,1.076,173.652,81.95,0,0,NA,NA,NA,NA,16.743,NA,3.488,17.471,9.526
07/22/2024 01:00:00 AM,694.917,23.572,1.312,20.421,83.55,0,0,NA,NA,NA,NA,15.936,NA,3.137,16.227,9.109
07/22/2024 02:00:00 AM,694.371,23.393,1.596,192.792,83.927,0,0,NA,NA,NA,NA,26.441,NA,-999,11.943,6.575
07/22/2024 03:00:00 AM,694.39,23.082,1.058,168.522,83.413,0,0,NA,NA,NA,NA,16.76,NA,1.944,11.148,6.278
07/22/2024 04:00:00 AM,694.167,22.438,0.917,304.281,84.63,0,0,NA,NA,NA,NA,13.585,NA,-999,10.02,5.626
07/22/2024 05:00:00 AM,694.047,22.158,1.068,144.069,83.573,0,0,NA,NA,NA,NA,9.492,NA,1.866,9.025,5.091
07/22/2024 06:00:00 AM,694.446,21.89,0.952,152.589,86.259,0.032,0,NA,NA,NA,NA,4.636,NA,2.508,12.591,6.663
07/22/2024 07:00:00 AM,694.78,21.88,1.043,241.156,86.978,58.837,0,NA,NA,NA,NA,3.926,NA,3.353,17.455,8.685
07/22/2024 08:00:00 AM,694.887,24.074,1.013,290.743,79.401,177.657,0,NA,NA,NA,NA,6.823,NA,-999,20.458,9.295
07/22/2024 09:00:00 AM,694.857,26.142,1.679,253.955,71.143,305.498,0,NA,NA,NA,NA,23.271,NA,1.494,20.16,8.922
07/22/2024 10:00:00 AM,694.781,28.474,1.634,231.485,62.258,401.134,0,NA,NA,NA,NA,43.869,NA,0.733,18.588,7.601
07/22/2024 11:00:00 AM,694.361,29.868,1.794,265.052,56.243,449.677,0,NA,NA,NA,NA,59.533,NA,0.381,15.431,6.372
07/22/2024 12:00:00 PM,693.736,30.754,3.315,339.756,56.763,508.079,0,NA,NA,NA,NA,-999,NA,-999,15.957,7.712
07/22/2024 01:00:00 PM,693.353,30.104,4.104,327.391,63.355,401.182,0,NA,NA,NA,NA,58.55,NA,0.275,16.726,8.279
07/22/2024 02:00:00 PM,692.896,29.687,5.287,331.325,65.514,315.777,0,NA,NA,NA,NA,53.193,NA,0.352,12.604,7.337
07/22/2024 03:00:00 PM,692.472,28.773,4.287,344.502,68.453,146.401,0,NA,NA,NA,NA,52.984,NA,0.576,13.806,7.167
07/22/2024 04:00:00 PM,692.36,28.19,3.556,334.388,71.335,89.948,0,NA,NA,NA,NA,-999,NA,-999,19.36,14.04
07/22/2024 05:00:00 PM,692.343,27.554,3.504,1.013,72.149,57.822,0,NA,NA,NA,NA,50.658,NA,1.457,19.527,13.955
07/22/2024 06:00:00 PM,692.621,27.406,1.946,336.636,73.982,23.345,0,NA,NA,NA,NA,43.048,NA,-999,17.156,11.005
07/22/2024 07:00:00 PM,693.154,26.868,1.215,328.976,76.691,1.224,0,NA,NA,NA,NA,28.031,NA,2.085,26.233,15.177
07/22/2024 08:00:00 PM,693.802,26.2,1.239,115.333,79.719,0,0,NA,NA,NA,NA,-999,NA,-999,26.407,15.304
07/22/2024 09:00:00 PM,694.22,25.789,1.506,93.385,79.923,0,0,NA,NA,NA,NA,19.29,NA,1.922,23.417,13.676
07/22/2024 10:00:00 PM,694.421,25.508,1.536,82.909,80.188,0,0,NA,NA,NA,NA,20.067,NA,-999,19.455,12.785
07/22/2024 11:00:00 PM,694.767,25.019,1.4,82.756,81.699,0,0,NA,NA,NA,NA,11.804,NA,4.405,22.151,14.211
07/23/2024 12:00:00 AM,694.909,24.653,1.055,105.08,82.166,0,0,NA,NA,NA,NA,9.115,NA,4.316,23.511,14.994
07/23/2024 01:00:00 AM,694.517,24.528,0.909,69.978,82.299,0,0,NA,NA,NA,NA,5.915,NA,6.385,24.323,15.102
07/23/2024 02:00:00 AM,693.909,24.182,0.646,29.814,84.069,0,0,NA,NA,NA,NA,4.683,NA,-999,27.137,16.683
07/23/2024 03:00:00 AM,694.237,23.85,0.996,260.799,87.233,0,0,NA,NA,NA,NA,3.926,NA,11.95,34.619,19.292
07/23/2024 04:00:00 AM,694.518,23.602,0.841,72.855,84.407,0,0,NA,NA,NA,NA,4.099,NA,7.338,21.299,13.279
07/23/2024 05:00:00 AM,694.465,23.413,0.672,116.309,82.924,0,0,NA,NA,NA,NA,4.481,NA,-999,15.396,9.154
07/23/2024 06:00:00 AM,694.414,22.707,1.23,291.835,88.855,0.064,0,NA,NA,NA,NA,3.926,NA,8.145,30.268,16.296
07/23/2024 07:00:00 AM,694.957,22.564,0.944,327.713,85.144,33.221,0,NA,NA,NA,NA,3.926,NA,-999,27.058,13.186
07/23/2024 08:00:00 AM,695.722,24.13,1.132,22.378,75.979,123.507,0,NA,NA,NA,NA,5.43,NA,3.257,24.534,9.664
07/23/2024 09:00:00 AM,695.582,26.36,1.257,321.611,73.666,285.021,0,NA,NA,NA,NA,15.902,NA,4.925,33.079,15.854
07/23/2024 10:00:00 AM,695.678,28.333,1.969,337.898,67.283,397.864,0,NA,NA,NA,NA,55.016,NA,4.325,34.105,18.19
07/23/2024 11:00:00 AM,695.691,29.871,2.961,20.958,59.167,465.635,0,NA,NA,NA,NA,79.131,NA,-999,19.172,11.854
07/23/2024 12:00:00 PM,695.19,30.081,4.883,333.592,59.6,430.521,0,NA,NA,NA,NA,67.34,NA,1.478,16.933,9.779
07/23/2024 01:00:00 PM,694.915,29.892,5.753,330.265,65.662,381.317,0,NA,NA,NA,NA,61.839,NA,-999,18.378,10.114
07/23/2024 02:00:00 PM,694.792,28.568,4.608,330.845,71.169,140.601,0.2,NA,NA,NA,NA,45.834,NA,-999,15.348,8.478
07/23/2024 03:00:00 PM,694.292,28.042,3.551,338.092,74.436,251.333,0,NA,NA,NA,NA,43.665,NA,2.192,13.389,8.335
07/23/2024 04:00:00 PM,693.971,29.377,3.744,331.446,67.33,253.121,0,NA,NA,NA,NA,56.148,NA,2.014,14.647,9.077
07/23/2024 05:00:00 PM,694.225,28.062,3.372,332.927,73.69,26.438,0,NA,NA,NA,NA,55.009,NA,2.689,15.846,10.689
07/23/2024 06:00:00 PM,694.69,26.105,2.692,347.79,79.043,5.928,0,NA,NA,NA,NA,32.814,NA,-999,17.836,10.982
07/23/2024 07:00:00 PM,695.135,24.845,1.494,9.513,80.791,0.402,0,NA,NA,NA,NA,27.519,NA,3.498,15.667,7.861
07/23/2024 08:00:00 PM,695.524,24.491,1.915,81.425,82.751,0,0,NA,NA,NA,NA,18.728,NA,-999,19.207,8.493
07/23/2024 09:00:00 PM,696.171,24.149,2.118,108.976,80.978,0,0,NA,NA,NA,NA,14.429,NA,3.082,14.917,6.8
07/23/2024 10:00:00 PM,696.78,23.873,1.255,71.6,81.12,0,0,NA,NA,NA,NA,9.418,NA,3.608,14.843,6.481
07/23/2024 11:00:00 PM,697.136,23.644,1.335,93.997,82.377,0,0,NA,NA,NA,NA,7.14,NA,-999,13.5,6.352
07/24/2024 12:00:00 AM,697.164,23.301,0.976,111.714,83.664,0,0,NA,NA,NA,NA,5.197,NA,3.849,15.385,6.855
07/24/2024 01:00:00 AM,696.908,23.06,1.024,119.912,84.92,0,0,NA,NA,NA,NA,3.926,NA,2.591,12.207,6.191
07/24/2024 02:00:00 AM,696.768,23.14,1.39,1.139,84.627,0,0,NA,NA,NA,NA,4.628,NA,2.157,12.278,6.292
07/24/2024 03:00:00 AM,696.705,22.708,0.886,261.643,88.52,0,0,NA,NA,NA,NA,3.926,NA,-999,16.906,8.519
07/24/2024 04:00:00 AM,696.691,22.605,1.035,169.494,88.928,0,0,NA,NA,NA,NA,3.926,NA,5.905,18.906,8.992
07/24/2024 05:00:00 AM,696.852,22.283,0.944,4.247,90.574,0,0,NA,NA,NA,NA,3.926,NA,-999,19.406,9.071
07/24/2024 06:00:00 AM,697.092,22.3,0.84,301.947,90.077,0,0.2,NA,NA,NA,NA,3.926,NA,5.104,19.172,8.791
07/24/2024 07:00:00 AM,697.349,22.191,1.265,107.676,89.278,28.903,0,NA,NA,NA,NA,3.926,NA,-999,15.579,7.346
07/24/2024 08:00:00 AM,697.889,23.057,0.915,32.232,86.691,90.045,0,NA,NA,NA,NA,4.099,NA,2.76,28.297,10.471
07/24/2024 09:00:00 AM,698.147,24.907,1.226,264.296,82.729,200.245,0,NA,NA,NA,NA,5.746,NA,4.61,31.373,14.582
07/24/2024 10:00:00 AM,697.983,26.266,1.152,17.467,74.688,160.66,0,NA,NA,NA,NA,24.158,NA,-999,42.634,16.478
07/24/2024 11:00:00 AM,697.765,27.399,1.566,295.657,71.6,231.291,0,NA,NA,NA,NA,41.254,NA,3.269,33.656,17.423
07/24/2024 12:00:00 PM,697.225,28.725,1.965,4.795,65.694,327.232,0,NA,NA,NA,NA,71.728,NA,1.846,32.8,15.8
07/24/2024 01:00:00 PM,696.47,30.34,1.497,263.782,58.055,344.31,0.2,NA,NA,NA,NA,84.864,NA,-999,23.922,12.744
07/24/2024 02:00:00 PM,695.738,30.493,4.426,335.292,61.027,333.35,0,NA,NA,NA,NA,87.804,NA,-999,18.362,11.19
07/24/2024 03:00:00 PM,695.127,29.474,5.138,337.852,67.378,353.751,0,NA,NA,NA,NA,64.885,NA,0.312,17.145,12.141
07/24/2024 04:00:00 PM,694.868,27.553,3.178,343.337,77.27,91.72,1.6,NA,NA,NA,NA,49.208,NA,0.486,16.068,10.477
07/24/2024 05:00:00 PM,694.836,27.56,2.284,279.21,78.202,129.291,0,NA,NA,NA,NA,43.05,NA,0.862,16.329,11
07/24/2024 06:00:00 PM,695.018,27.829,3.337,327.183,74.612,138.12,0,NA,NA,NA,NA,41.667,NA,1.564,12.717,8.145
07/24/2024 07:00:00 PM,695.512,26.528,2.299,346.809,80.266,0.934,0,NA,NA,NA,NA,35.691,NA,-999,13.872,8.657
07/24/2024 08:00:00 PM,696.084,26.108,1.343,271.446,83.399,0,0,NA,NA,NA,NA,35.799,NA,1.178,16.133,9.44
07/24/2024 09:00:00 PM,696.611,25.663,0.981,318.765,86.203,0,0,NA,NA,NA,NA,19.731,NA,-999,19.351,11.515
07/24/2024 10:00:00 PM,697.167,25.088,0.872,87.931,87.379,0,0,NA,NA,NA,NA,9.028,NA,3.081,20.959,12.394
07/24/2024 11:00:00 PM,697.141,24.513,1.247,118.954,87.472,0,0,NA,NA,NA,NA,17.552,NA,2.059,17.319,10.607
07/25/2024 12:00:00 AM,696.776,23.884,1.168,86.08,87.821,0,0,NA,NA,NA,NA,13.385,NA,1.846,15.764,9.719
07/25/2024 01:00:00 AM,696.741,23.737,1.261,74.305,85.92,0,0,NA,NA,NA,NA,11.311,NA,1.79,14.471,8.701
07/25/2024 02:00:00 AM,696.252,23.548,0.959,105.349,86.582,0,0,NA,NA,NA,NA,7.149,NA,2.078,15.725,9.276
07/25/2024 03:00:00 AM,695.814,23.246,0.829,61.827,87.193,0,0,NA,NA,NA,NA,3.926,NA,-999,15.317,8.836
07/25/2024 04:00:00 AM,695.648,22.894,1.182,130.173,87.327,0,0,NA,NA,NA,NA,3.926,NA,-999,15.702,8.752
07/25/2024 05:00:00 AM,695.833,22.628,0.89,11.726,87.303,0,0,NA,NA,NA,NA,3.926,NA,2.108,17.46,8.412
07/25/2024 06:00:00 AM,695.839,22.423,1.071,180.048,85.757,0.161,0,NA,NA,NA,NA,3.926,NA,1.643,16.62,8.428
07/25/2024 07:00:00 AM,696.1,22.368,1.396,115.031,83.7,18.479,0,NA,NA,NA,NA,3.933,NA,1.652,17.108,8.063
07/25/2024 08:00:00 AM,696.46,23.768,1.021,33.143,77.651,114.711,0,NA,NA,NA,NA,4.463,NA,-999,21.725,8.517
07/25/2024 09:00:00 AM,696.791,26.011,1.334,62.355,72.836,230.308,0,NA,NA,NA,NA,10.713,NA,1.917,30.594,11.71
07/25/2024 10:00:00 AM,696.972,27.236,1.053,280.635,71.371,152.505,0,NA,NA,NA,NA,31.839,NA,1.677,30.006,15.407
07/25/2024 11:00:00 AM,696.697,28.997,0.935,1.771,64.188,222.542,0,NA,NA,NA,NA,56.248,NA,-999,20.652,12.566
07/25/2024 12:00:00 PM,695.968,29.976,2.073,6.823,58.266,309.865,0,NA,NA,NA,NA,55.06,NA,0.325,17.73,9.95
07/25/2024 01:00:00 PM,695.267,29.872,2.395,280.89,59.824,176.593,0,NA,NA,NA,NA,48.99,NA,0.302,19.704,10.308
07/25/2024 02:00:00 PM,694.88,29.106,3.212,334.201,62.511,130.403,0,NA,NA,NA,NA,47.929,NA,0.262,14.597,8.601
07/25/2024 03:00:00 PM,694.502,28.443,2.689,323.859,70.705,83.809,0,NA,NA,NA,NA,39.701,NA,0.467,16.725,10.115
07/25/2024 04:00:00 PM,694.101,28.176,3.927,333.027,73.089,177.383,0,NA,NA,NA,NA,42.636,NA,0.528,13.056,8.617
07/25/2024 05:00:00 PM,693.946,27.598,3.507,330.666,75.543,103.707,0,NA,NA,NA,NA,49.862,NA,0.584,15.831,11.16
07/25/2024 06:00:00 PM,694.231,26.728,1.97,353.747,80.901,45.771,0,NA,NA,NA,NA,45.678,NA,0.98,17.304,12.417
07/25/2024 07:00:00 PM,694.782,26.151,1.312,331.89,81.626,3.141,0,NA,NA,NA,NA,35.954,NA,-999,19.14,11.335
07/25/2024 08:00:00 PM,695.546,25.793,1.281,34.033,84.626,0,0,NA,NA,NA,NA,24.187,NA,-999,23.425,13.829
07/25/2024 09:00:00 PM,696.056,25.331,1.166,35.678,87.056,0,0,NA,NA,NA,NA,19.799,NA,2.482,22.505,14.733
07/25/2024 10:00:00 PM,696.302,24.803,0.968,65.908,86.492,0,0,NA,NA,NA,NA,12.545,NA,2.682,20.992,13.111
07/25/2024 11:00:00 PM,696.487,24.546,1.239,120.086,84.826,0,0,NA,NA,NA,NA,14.966,NA,2.204,16.861,10.922
07/26/2024 12:00:00 AM,696.258,24.216,1.375,84.568,84.297,0,0,NA,NA,NA,NA,16.358,NA,1.952,16.296,9.819
07/26/2024 01:00:00 AM,695.895,23.946,1.346,118.629,83.398,0,0,NA,NA,NA,NA,14.523,NA,-999,13.563,8.794
07/26/2024 02:00:00 AM,695.078,23.753,1.007,30.819,85.049,0,0,NA,NA,NA,NA,8.988,NA,4.75,17.89,11.368
07/26/2024 03:00:00 AM,695.311,23.296,1.486,111.914,87.777,0,0,NA,NA,NA,NA,3.926,NA,-999,20.008,12.653
07/26/2024 04:00:00 AM,695.286,22.776,1.491,322.805,92.008,0,0,NA,NA,NA,NA,28.118,NA,-999,11.691,7.926
07/26/2024 05:00:00 AM,695.498,22.643,1.585,30.538,92.836,0,0,NA,NA,NA,NA,23.732,NA,0.483,12.025,8.339
07/26/2024 06:00:00 AM,695.726,22.573,0.855,353.546,93.025,0.487,0,NA,NA,NA,NA,11.711,NA,-999,15.936,9.814
07/26/2024 07:00:00 AM,695.841,23.164,1.22,128.744,88.587,38.199,0,NA,NA,NA,NA,4.836,NA,1.453,18.89,12.007
07/26/2024 08:00:00 AM,695.862,24.482,1.595,158.8,82.312,143.63,0,NA,NA,NA,NA,21.088,NA,-999,16.694,9.587
07/26/2024 09:00:00 AM,696.218,26.337,1.517,225.925,75.74,227.134,0,NA,NA,NA,NA,33.411,NA,2.047,20.044,10.175
07/26/2024 10:00:00 AM,696.145,27.609,1.329,357.131,70.069,243.519,0,NA,NA,NA,NA,52.895,NA,1.08,21.462,10.102
07/26/2024 11:00:00 AM,695.51,29.391,1.367,280.57,62.923,308.616,0,NA,NA,NA,NA,71.078,NA,0.262,15.06,8.387
07/26/2024 12:00:00 PM,694.902,29.162,2.773,278.115,64.583,308.608,0,NA,NA,NA,NA,65.102,NA,-999,12.68,6.866
07/26/2024 01:00:00 PM,694.256,29.342,4.783,307.567,64.943,303.291,0,NA,NA,NA,NA,51.795,NA,0.262,10.476,6.252
07/26/2024 02:00:00 PM,693.778,29.574,5.312,332.209,65.473,345.116,0,NA,NA,NA,NA,48.657,NA,-999,11.056,6.27
07/26/2024 03:00:00 PM,693.245,28.52,5.622,330.502,72.145,255.763,0,NA,NA,NA,NA,52.169,NA,0.262,10.859,6.174
07/26/2024 04:00:00 PM,692.923,27.564,4.716,334.638,75.568,157.163,0,NA,NA,NA,NA,54.386,NA,-999,14.952,9.709
07/26/2024 05:00:00 PM,693.001,25.424,5.093,332.108,79.193,63.204,6.2,NA,NA,NA,NA,47.172,NA,0.279,13.031,6.97
07/26/2024 06:00:00 PM,694.387,20.493,3.505,206.257,97.27,0.37,34.399,NA,NA,NA,NA,27.135,NA,-999,11.695,4.04
07/26/2024 07:00:00 PM,694.769,20.64,1.085,12.225,98.113,0,0.8,NA,NA,NA,NA,13.39,NA,1.701,15.238,5.687
07/26/2024 08:00:00 PM,695.351,20.731,1.173,106.399,98.405,0,0.4,NA,NA,NA,NA,4.39,NA,4.322,21.891,10.366
07/26/2024 09:00:00 PM,695.489,20.712,1.163,141.464,98.564,0,0,NA,NA,NA,NA,3.926,NA,3.099,21.076,10.438
07/26/2024 10:00:00 PM,695.799,20.585,0.93,153.807,98.699,0,0,NA,NA,NA,NA,3.926,NA,3.39,26.856,12.72
07/26/2024 11:00:00 PM,696.006,20.413,0.899,186.149,98.81,0,0,NA,NA,NA,NA,3.926,NA,-999,24.177,10.681
07/27/2024 12:00:00 AM,695.629,20.42,0.761,326.515,98.854,0,0,NA,NA,NA,NA,3.926,NA,2.225,28.312,12.971
07/27/2024 01:00:00 AM,695.555,20.249,0.848,193.875,98.917,0,0,NA,NA,NA,NA,3.926,NA,3.352,20.636,9.406
07/27/2024 02:00:00 AM,695.026,20.076,0.946,252.059,98.945,0,0,NA,NA,NA,NA,3.926,NA,-999,25.591,10.683
07/27/2024 03:00:00 AM,694.811,19.8,1.026,32.875,98.989,0,0,NA,NA,NA,NA,3.926,NA,5.243,19.14,7.59
07/27/2024 04:00:00 AM,694.84,19.947,0.835,84.058,98.993,0,0,NA,NA,NA,NA,3.926,NA,6.328,26.177,10.749
07/27/2024 05:00:00 AM,694.811,19.579,0.627,55.557,99.019,0,0,NA,NA,NA,NA,3.926,NA,3.878,17.22,6.208
07/27/2024 06:00:00 AM,695.117,19.61,0.866,87.321,99.076,0.193,0,NA,NA,NA,NA,3.926,NA,-999,22.631,8.904
07/27/2024 07:00:00 AM,695.645,19.808,0.776,269.647,99.038,18.978,0,NA,NA,NA,NA,3.926,NA,5.816,31.114,11.726
07/27/2024 08:00:00 AM,696.187,20.352,0.767,103.291,98.833,61.995,0,NA,NA,NA,NA,3.926,NA,5.627,32.512,13.7
07/27/2024 09:00:00 AM,696.253,21.592,0.972,276.174,98.252,128.808,0,NA,NA,NA,NA,3.926,NA,6.674,59.405,28.823
07/27/2024 10:00:00 AM,696.132,23.682,1.083,14.113,94.094,257.552,0,NA,NA,NA,NA,4.719,NA,-999,66.094,32.842
07/27/2024 11:00:00 AM,695.572,26.872,1.939,282.729,74.582,380.411,0.2,NA,NA,NA,NA,36.288,NA,-999,38.815,18.77
07/27/2024 12:00:00 PM,695.067,28.286,2.518,351.705,64.837,364.852,0,NA,NA,NA,NA,69.098,NA,2.694,23.021,11.286
07/27/2024 01:00:00 PM,694.611,27.831,3.749,348.305,67.274,122.911,0,NA,NA,NA,NA,56.242,NA,1.656,15.451,8.516
07/27/2024 02:00:00 PM,694.277,26.364,1.809,325.121,79.007,102.16,0.2,NA,NA,NA,NA,43.406,NA,1.89,12.116,7.839
07/27/2024 03:00:00 PM,693.873,26.313,2.414,345.162,83.043,117.175,0,NA,NA,NA,NA,37.136,NA,2.758,14.488,7.911
07/27/2024 04:00:00 PM,693.556,25.908,1.249,354.94,86.559,104.657,0.4,NA,NA,NA,NA,-999,NA,-999,11.515,7.842
07/27/2024 05:00:00 PM,693.309,26.84,1.089,89.941,81.452,133.609,0,NA,NA,NA,NA,34.546,NA,2.794,12.098,7.646
07/27/2024 06:00:00 PM,693.568,27.131,1.129,68.27,79.731,69.003,0,NA,NA,NA,NA,35.129,NA,3.124,19.87,9.695
07/27/2024 07:00:00 PM,694.317,25.774,0.799,331.782,86.563,1.707,0,NA,NA,NA,NA,8.444,NA,3.92,39.617,14.918
07/27/2024 08:00:00 PM,694.862,24.841,0.844,16.863,89.733,0,0,NA,NA,NA,NA,5.408,NA,3.163,35.533,15.876
07/27/2024 09:00:00 PM,695.372,24.353,0.6,132.225,89.167,0,0,NA,NA,NA,NA,3.926,NA,-999,34.905,14.361
07/27/2024 10:00:00 PM,695.621,23.593,0.884,24.665,89.376,0,0,NA,NA,NA,NA,7.023,NA,3.869,31.212,13.687
07/27/2024 11:00:00 PM,695.623,23.256,0.87,347.789,89.827,0,0,NA,NA,NA,NA,5.037,NA,4.132,33.963,17.127
07/28/2024 12:00:00 AM,695.627,22.776,0.695,71.814,89.202,0,0,NA,NA,NA,NA,3.926,NA,3.818,25.725,13.18
07/28/2024 01:00:00 AM,695.372,22.53,0.862,30.237,88.504,0,0,NA,NA,NA,NA,4.595,NA,-999,24.224,10.503
07/28/2024 02:00:00 AM,694.963,22.208,1.402,59.686,86.956,0,0,NA,NA,NA,NA,7.96,NA,2.287,17.384,7.572
07/28/2024 03:00:00 AM,695.084,21.969,1.312,108.829,85.894,0,0,NA,NA,NA,NA,8.054,NA,-999,13.143,6.298
07/28/2024 04:00:00 AM,695.033,21.557,1.159,14.421,86.91,0,0,NA,NA,NA,NA,6.15,NA,-999,14.426,6.698
07/28/2024 05:00:00 AM,695.26,21.266,0.852,1.661,89.891,0,0,NA,NA,NA,NA,3.926,NA,4.191,19.133,9.376
07/28/2024 06:00:00 AM,695.914,20.79,0.61,121.692,93.057,0.032,0,NA,NA,NA,NA,3.926,NA,-999,22.755,10.791
07/28/2024 07:00:00 AM,696.191,20.884,0.765,44.802,93.484,44.853,0,NA,NA,NA,NA,3.926,NA,5.141,29.969,14.865
07/28/2024 08:00:00 AM,696.588,23.315,0.9,265.721,84.807,193.091,0,NA,NA,NA,NA,3.926,NA,4.203,35.688,18.839
07/28/2024 09:00:00 AM,696.817,24.778,1.343,314.921,81.501,239.652,0,NA,NA,NA,NA,8.991,NA,5.063,44.641,26.16
07/28/2024 10:00:00 AM,696.644,26.894,1.636,37.414,74.693,384.974,0,NA,NA,NA,NA,31.413,NA,3.9,36.648,22.623
07/28/2024 11:00:00 AM,696.116,28.722,2.47,293.256,63.259,397.445,0,NA,NA,NA,NA,62.482,NA,1.538,16.448,9.616
07/28/2024 12:00:00 PM,695.513,28.815,3.716,10.574,65.24,321.594,0,NA,NA,NA,NA,64.988,NA,1.168,14.851,9.476
07/28/2024 01:00:00 PM,694.856,29.099,4.261,329.48,67.048,423.158,0.2,NA,NA,NA,NA,53.112,NA,1.251,12.544,7.905
07/28/2024 02:00:00 PM,694.183,29.138,5.613,333.727,67.115,434.242,0,NA,NA,NA,NA,52.662,NA,-999,12.679,9.031
07/28/2024 03:00:00 PM,693.513,29.079,4.046,358.364,68.587,275.789,0,NA,NA,NA,NA,53.049,NA,1.302,16.831,11.981
07/28/2024 04:00:00 PM,693.096,29.02,4.146,337.089,69.796,194.396,0,NA,NA,NA,NA,56.071,NA,1.769,13.67,9.01
07/28/2024 05:00:00 PM,693.077,29.484,4.177,353.098,68.301,215.212,0,NA,NA,NA,NA,56.538,NA,1.632,12.861,8.467
07/28/2024 06:00:00 PM,693.595,26.112,2.867,350.126,79.875,24.569,0,NA,NA,NA,NA,40.569,NA,-999,12.625,7.035
07/28/2024 07:00:00 PM,694.276,25.415,0.868,23.139,83.008,1.594,0,NA,NA,NA,NA,21.03,NA,2.409,20.106,8.754
07/28/2024 08:00:00 PM,694.995,24.46,2.341,339.812,89.664,0,0,NA,NA,NA,NA,18.862,NA,3.677,23.333,10.666
07/28/2024 09:00:00 PM,695.789,23.585,2.339,329.074,87.55,0,0,NA,NA,NA,NA,30.326,NA,2.84,11.197,4.687
07/28/2024 10:00:00 PM,696.273,23.496,1.32,4.772,87.459,0,0,NA,NA,NA,NA,19.557,NA,-999,10.536,4.33
07/28/2024 11:00:00 PM,696.605,23.44,0.956,293.123,88.512,0,0,NA,NA,NA,NA,6.42,NA,4.638,15.288,5.501
07/29/2024 12:00:00 AM,696.423,22.943,0.752,121.349,90.932,0,0,NA,NA,NA,NA,7.293,NA,5.505,14.414,5.95
07/29/2024 01:00:00 AM,696.221,22.629,0.792,355.226,93.401,0,0,NA,NA,NA,NA,4.5,NA,4.247,16.478,6.365
07/29/2024 02:00:00 AM,695.717,22.624,0.914,235.656,93.608,0,0,NA,NA,NA,NA,3.926,NA,5.764,18.159,6.631
07/29/2024 03:00:00 AM,695.432,22.188,1.001,306.641,94.995,0,0,NA,NA,NA,NA,4.082,NA,3.399,17.801,6.511
07/29/2024 04:00:00 AM,695.334,22.107,0.726,27.267,94.282,0,0,NA,NA,NA,NA,4.169,NA,-999,14.429,5.823
07/29/2024 05:00:00 AM,695.348,22.005,1.334,143.796,94.705,0,0,NA,NA,NA,NA,5.436,NA,1.466,12.985,5.332
07/29/2024 06:00:00 AM,695.459,22.388,1.324,216.197,91.313,0.032,0,NA,NA,NA,NA,6.415,NA,-999,17.793,5.667
07/29/2024 07:00:00 AM,695.498,22.541,1.103,296.57,89.447,32.351,0,NA,NA,NA,NA,3.926,NA,-999,38.849,8.939
07/29/2024 08:00:00 AM,695.86,24.353,1.138,11.813,81.268,164.22,0,NA,NA,NA,NA,4.331,NA,-999,26.883,8.396
07/29/2024 09:00:00 AM,695.807,25.942,1.596,272.408,76.286,301.149,0,NA,NA,NA,NA,24.961,NA,0.575,21.946,6.953
07/29/2024 10:00:00 AM,695.622,27.189,2.323,251.156,71.396,389.679,0,NA,NA,NA,NA,46.005,NA,0.319,28.049,8.187
07/29/2024 11:00:00 AM,695.146,29.248,2.009,267.502,63.158,438.109,0.2,NA,NA,NA,NA,-999,NA,-999,21.817,8.048
07/29/2024 12:00:00 PM,694.454,30.708,1.702,291.376,54.388,319.966,0,NA,NA,NA,NA,69.366,NA,0.262,17.009,6.759
07/29/2024 01:00:00 PM,693.699,31.459,3.145,314.216,52.447,371.211,0,NA,NA,NA,NA,60.642,NA,-999,12.406,5.054
07/29/2024 02:00:00 PM,693.135,31.473,4.228,317.701,57.592,385.377,0,NA,NA,NA,NA,54.636,NA,-999,10.287,4.635
07/29/2024 03:00:00 PM,692.914,31.059,3.184,308.169,61.353,204.031,0,NA,NA,NA,NA,-999,NA,-999,10.764,5.09
07/29/2024 04:00:00 PM,692.705,29.875,3.4,284.424,65.773,48.961,0,NA,NA,NA,NA,48.542,NA,0.294,14.748,6.542
07/29/2024 05:00:00 PM,692.914,28.131,3.914,319.428,73.707,39.278,0,NA,NA,NA,NA,44.009,NA,-999,14.384,7.046
07/29/2024 06:00:00 PM,693.461,27.084,2.155,299.247,78.427,23.78,0,NA,NA,NA,NA,33.55,NA,0.306,19.74,7.36
07/29/2024 07:00:00 PM,693.791,26.93,1.435,8.414,71.712,1.514,0,NA,NA,NA,NA,20.485,NA,-999,15.74,6.404
07/29/2024 08:00:00 PM,694.413,26.464,2.116,69.448,69.404,0,0,NA,NA,NA,NA,18.414,NA,0.262,15.136,5.297
07/29/2024 09:00:00 PM,694.558,26.327,3.155,90.452,70.128,0,0,NA,NA,NA,NA,19.596,NA,-999,12.847,4.844
07/29/2024 10:00:00 PM,694.557,26.246,2.697,88.01,70.63,0,0,NA,NA,NA,NA,18.687,NA,-999,11.388,4.475
07/29/2024 11:00:00 PM,694.534,26.106,1.546,116.444,70.871,0,0,NA,NA,NA,NA,12.6,NA,0.427,12.969,5.455
07/30/2024 12:00:00 AM,694.53,25.546,1.269,79.495,75.252,0,0,NA,NA,NA,NA,7.091,NA,1.602,26.604,8.956
07/30/2024 01:00:00 AM,694.414,24.913,0.97,45.085,78.921,0,0,NA,NA,NA,NA,4.795,NA,3.584,31.443,10.126
07/30/2024 02:00:00 AM,694.117,24.332,0.756,330.7,80.517,0,0,NA,NA,NA,NA,6.569,NA,4.469,20.666,8.606
07/30/2024 03:00:00 AM,693.941,23.944,0.63,316.998,78.772,0,0,NA,NA,NA,NA,7.212,NA,-999,12.176,5.371
07/30/2024 04:00:00 AM,693.916,23.83,0.963,175.016,77.938,0,0,NA,NA,NA,NA,12.352,NA,2.796,11.912,4.821
07/30/2024 05:00:00 AM,694.127,22.973,1.223,167.574,83.606,0,0,NA,NA,NA,NA,5.799,NA,6.752,15.995,6.594
07/30/2024 06:00:00 AM,694.4,22.349,0.861,36.171,85.711,0,0,NA,NA,NA,NA,3.926,NA,-999,22.641,8.284
07/30/2024 07:00:00 AM,694.525,22.435,0.982,343.658,84.812,9.183,0,NA,NA,NA,NA,3.926,NA,-999,38.839,11.573
07/30/2024 08:00:00 AM,694.878,23.228,1.21,225.914,82.134,69.712,0,NA,NA,NA,NA,3.926,NA,4.222,43.094,10.997
07/30/2024 09:00:00 AM,695.18,24.616,1.675,194.936,77.284,81.973,0,NA,NA,NA,NA,5.846,NA,-999,43.301,10.842
07/30/2024 10:00:00 AM,695.869,24.738,1.446,180.225,77.319,56.791,0,NA,NA,NA,NA,6.631,NA,7.968,36.652,10.099
07/30/2024 11:00:00 AM,696.256,24.497,3.598,150.675,74.444,79.862,0,NA,NA,NA,NA,6.916,NA,4.589,33.129,9.335
07/30/2024 12:00:00 PM,696.034,24.844,3.682,138.343,70.058,71.066,0,NA,NA,NA,NA,9.514,NA,2.4,21.799,6.758
07/30/2024 01:00:00 PM,695.313,26.108,2.162,129.921,66.081,147.915,0,NA,NA,NA,NA,20.058,NA,2.281,19.791,5.933
07/30/2024 02:00:00 PM,694.309,26.835,2.197,87.585,61.604,132.288,0.2,NA,NA,NA,NA,23.996,NA,1.723,20.169,5.442
07/30/2024 03:00:00 PM,693.522,27.023,2.566,85.654,57.136,131.128,0,NA,NA,NA,NA,26.517,NA,1.376,35.784,6.843
07/30/2024 04:00:00 PM,692.858,27.987,2.253,85.269,52.496,124.087,0,NA,NA,NA,NA,28.851,NA,1.408,17.141,3.603
07/30/2024 05:00:00 PM,692.585,28.654,1.217,23.203,59.521,154.731,0,NA,NA,NA,NA,24.352,NA,1.406,20.245,5.327
07/30/2024 06:00:00 PM,692.488,28.082,1.728,294.686,63.157,111.021,0,NA,NA,NA,NA,21.198,NA,1.613,24.578,7.46
07/30/2024 07:00:00 PM,692.765,25.671,1.122,296.933,73.649,3.48,0,NA,NA,NA,NA,6.823,NA,2.475,34.122,12.994
07/30/2024 08:00:00 PM,693.725,24.639,1.806,82.208,73.855,0,0,NA,NA,NA,NA,7.465,NA,1.939,21.81,6.586
07/30/2024 09:00:00 PM,694.644,23.992,1.602,82.909,73.875,0,0,NA,NA,NA,NA,6.735,NA,2.158,14.673,4.945
07/30/2024 10:00:00 PM,695.132,23.684,1.884,52.211,70.284,0,0,NA,NA,NA,NA,7.874,NA,2.273,12.189,3.858
07/30/2024 11:00:00 PM,695.819,23.751,2.132,83.092,67.618,0,0,NA,NA,NA,NA,9.565,NA,2.482,9.079,2.69
07/31/2024 12:00:00 AM,696.09,23.331,1.288,151.057,71.674,0,0,NA,NA,NA,NA,5.098,NA,3.484,18.326,7.537
07/31/2024 01:00:00 AM,695.313,22.939,0.881,189.072,74.351,0,0,NA,NA,NA,NA,3.926,NA,4.732,22.484,9.115
07/31/2024 02:00:00 AM,694.775,21.831,0.636,85.365,80.392,0,0,NA,NA,NA,NA,3.926,NA,6.223,25.993,11.585
07/31/2024 03:00:00 AM,694.638,21.832,1.121,154.449,83.442,0,0,NA,NA,NA,NA,4.169,NA,6.412,23.679,11.462
07/31/2024 04:00:00 AM,694.907,20.899,0.721,67.875,88.263,0,0,NA,NA,NA,NA,3.926,NA,8.943,35.119,20.403
07/31/2024 05:00:00 AM,695.04,20.786,1.094,342.454,88.534,0,0,NA,NA,NA,NA,3.926,NA,9.684,31.142,15.408
07/31/2024 06:00:00 AM,695.275,20.501,0.698,91.001,88.101,0,0,NA,NA,NA,NA,3.926,NA,8.285,39.629,14.162
07/31/2024 07:00:00 AM,695.774,21.315,1.188,165.322,84.124,55.744,0,NA,NA,NA,NA,3.926,NA,5.459,38.215,11.354
07/31/2024 08:00:00 AM,696.153,23.299,1.411,219.169,76.693,158.984,0,NA,NA,NA,NA,6.191,NA,3.853,29.884,8.314
07/31/2024 09:00:00 AM,696.289,24.727,1.643,242.889,73.362,293.769,0,NA,NA,NA,NA,13.538,NA,3.611,21.074,7.102
07/31/2024 10:00:00 AM,696.003,26.775,2.347,295.589,65.958,387.182,0,NA,NA,NA,NA,33.189,NA,4.098,27.865,8.025
07/31/2024 11:00:00 AM,695.561,28.314,2.323,231.554,57.582,407.353,0,NA,NA,NA,NA,58.569,NA,2.793,17.392,5.535
07/31/2024 12:00:00 PM,695.356,30.227,2.859,261.451,50.211,421.128,0,NA,NA,NA,NA,69.68,NA,2.228,18.641,6.033
07/31/2024 01:00:00 PM,694.841,30.078,3.829,330.738,51.61,243.97,0,NA,NA,NA,NA,57.431,NA,1.716,14.661,5.943
07/31/2024 02:00:00 PM,694.345,29.547,4.552,314.475,57.169,240.844,0,NA,NA,NA,NA,60.593,NA,2.048,13.409,5.971
07/31/2024 03:00:00 PM,693.805,28.32,3.798,313.127,66.412,128.051,0,NA,NA,NA,NA,54.097,NA,2.099,13.597,6.126
07/31/2024 04:00:00 PM,693.667,28.023,2.975,338.572,69.922,110.828,0,NA,NA,NA,NA,46.523,NA,3.202,13.762,5.92
07/31/2024 05:00:00 PM,693.494,27.394,2.729,312.628,71.49,56.759,0,NA,NA,NA,NA,48.712,NA,3.038,15.97,7.414
07/31/2024 06:00:00 PM,693.907,26.994,1.081,157.783,77.036,29.934,0,NA,NA,NA,NA,31.455,NA,3.864,31.291,12.554
07/31/2024 07:00:00 PM,694.358,26.289,1.246,334.838,81.485,0.386,0,NA,NA,NA,NA,28.061,NA,4.22,23.05,11.518
07/31/2024 08:00:00 PM,694.691,25.697,1.151,78.383,81.613,0,0,NA,NA,NA,NA,17.811,NA,4.053,18.73,9.357
07/31/2024 09:00:00 PM,695.236,25.245,1.265,3.052,81.81,0,0,NA,NA,NA,NA,10.882,NA,4.607,25.678,11.662
07/31/2024 10:00:00 PM,695.985,25.033,1.684,88.252,77.021,0,0,NA,NA,NA,NA,16.215,NA,4.01,14.493,6.733
07/31/2024 11:00:00 PM,696.03,24.969,1.193,79.26,76.098,0,0,NA,NA,NA,NA,13.443,NA,3.861,13.015,6.433
08/01/2024 12:00:00 AM,695.945,24.707,0.93,115.185,78.303,0,0,NA,NA,NA,NA,8.368,NA,5.195,16.059,8.145
08/01/2024 01:00:00 AM,695.835,24.23,0.629,84.993,79.002,0,0,NA,NA,NA,NA,7.771,NA,3.378,14.549,7.381
08/01/2024 02:00:00 AM,695.707,23.926,0.687,133.22,81.854,0,0.2,NA,NA,NA,NA,4.355,NA,3.079,17.239,8.012
08/01/2024 03:00:00 AM,695.293,23.604,1.339,345.619,81.347,0,0,NA,NA,NA,NA,7.862,NA,2.994,14.477,7.484
08/01/2024 04:00:00 AM,695.072,23.043,1.71,92.832,78.749,0,0,NA,NA,NA,NA,18.5,NA,1.717,7.958,4.229
08/01/2024 05:00:00 AM,695.044,22.575,1.412,70.463,78.135,0,0,NA,NA,NA,NA,17.428,NA,1.408,8.037,4.066
08/01/2024 06:00:00 AM,695.302,21.981,1.314,5.649,79.428,0.209,0,NA,NA,NA,NA,6.914,NA,1.803,12.504,6.68
08/01/2024 07:00:00 AM,695.76,21.969,1.495,69.547,78.096,34.467,0,NA,NA,NA,NA,6.072,NA,1.767,13.079,5.602
08/01/2024 08:00:00 AM,696.198,22.857,1.498,20.575,75.156,160.112,0,NA,NA,NA,NA,7.798,NA,1.939,17.808,6.446
08/01/2024 09:00:00 AM,696.462,25.209,1.953,302.361,74.75,330.052,0,NA,NA,NA,NA,18.982,NA,4.399,25.44,10.638
08/01/2024 10:00:00 AM,696.504,27.158,2.044,236.835,71.001,396.011,0,NA,NA,NA,NA,50.463,NA,2.691,32.379,16.629
08/01/2024 11:00:00 AM,696.191,28.087,1.602,1.681,65.037,212.489,0,NA,NA,NA,NA,80.516,NA,1.573,53.015,19.416
08/01/2024 12:00:00 PM,696.019,29.115,2.105,246.912,62.738,198.633,0,NA,NA,NA,NA,78.35,NA,0.787,29.454,12.703
08/01/2024 01:00:00 PM,695.585,27.755,4.264,316.311,72.028,171.518,0,NA,NA,NA,NA,62.26,NA,0.767,17.516,10.319
08/01/2024 02:00:00 PM,694.977,28.081,2.414,292.985,70.08,158.404,0,NA,NA,NA,NA,59.825,NA,1.036,17.536,10.389
08/01/2024 03:00:00 PM,694.372,28.303,2.107,259.694,70.681,138.954,0,NA,NA,NA,NA,58.428,NA,1.164,24.407,12.827
08/01/2024 04:00:00 PM,694.087,28.095,2.143,267.927,71.956,112.407,0,NA,NA,NA,NA,58.75,NA,1.296,24.427,13.862
08/01/2024 05:00:00 PM,694.034,27.683,1.865,313.287,73.689,50.282,0,NA,NA,NA,NA,55.015,NA,1.359,23.844,13.884
08/01/2024 06:00:00 PM,694.294,26.943,2.646,313.187,77.643,15.192,0,NA,NA,NA,NA,47.364,NA,1.739,21.28,12.347
08/01/2024 07:00:00 PM,695.026,24.972,2.605,336.941,76.659,0.306,0,NA,NA,NA,NA,48.235,NA,2.263,17.01,9.182
08/01/2024 08:00:00 PM,695.704,23.477,0.967,193.369,84.367,0,0.2,NA,NA,NA,NA,24.231,NA,2.726,14.721,8.595
08/01/2024 09:00:00 PM,696.332,23.17,1.148,76.748,87.047,0,0,NA,NA,NA,NA,12.849,NA,3.426,28.616,13.379
08/01/2024 10:00:00 PM,696.561,22.808,1.013,74.689,88.664,0,0,NA,NA,NA,NA,7.385,NA,3.745,25.33,12.331
08/01/2024 11:00:00 PM,697.229,22.459,1.127,344.111,90.973,0,0,NA,NA,NA,NA,4.709,NA,4.51,22.389,11.54
08/02/2024 12:00:00 AM,697.569,22.699,0.812,94,88.903,0,0,NA,NA,NA,NA,5.266,NA,3.53,21.038,10.38
08/02/2024 01:00:00 AM,697.34,22.242,1.088,137.339,89.207,0,0,NA,NA,NA,NA,4.704,NA,2.66,15.838,8.887
08/02/2024 02:00:00 AM,697.093,21.946,1.061,74.994,89.151,0,0,NA,NA,NA,NA,9.56,NA,2.03,15.625,8.007
08/02/2024 03:00:00 AM,696.589,21.848,0.813,76.684,88.144,0,0,NA,NA,NA,NA,9.819,NA,1.829,12.504,6.692
08/02/2024 04:00:00 AM,696.252,21.349,0.836,323.778,92.282,0,0,NA,NA,NA,NA,4.015,NA,5.714,19.185,10.618
08/02/2024 05:00:00 AM,696.626,20.741,1.047,335.915,95.78,0,0,NA,NA,NA,NA,3.926,NA,9.427,27.648,16.06
08/02/2024 06:00:00 AM,697.026,21.075,1.267,101.903,93.035,0.032,0,NA,NA,NA,NA,3.926,NA,4.809,24.839,14.55
08/02/2024 07:00:00 AM,697.26,21.427,1.391,31.444,86.754,54.101,0,NA,NA,NA,NA,3.926,NA,1.943,18.526,8.601
08/02/2024 08:00:00 AM,697.23,23.733,1.347,72.417,79.851,178.688,0,NA,NA,NA,NA,4.743,NA,4.492,25.864,11.762
08/02/2024 09:00:00 AM,697.031,25.055,1.801,17.499,79.275,332.034,0,NA,NA,NA,NA,15.153,NA,5.98,43.975,19.521
08/02/2024 10:00:00 AM,696.57,26.827,2.35,233.667,71.511,390.581,0,NA,NA,NA,NA,53.628,NA,1.992,26.063,13.163
08/02/2024 11:00:00 AM,696.273,27.652,1.899,238.207,67.439,461.244,7,NA,NA,NA,NA,77.189,NA,0.922,24.489,11.367
08/02/2024 12:00:00 PM,-999,-999,-999,-999,-999,-999,0,NA,NA,NA,NA,79.658,NA,0.477,18.167,9.295
08/02/2024 01:00:00 PM,-999,-999,-999,-999,-999,-999,0,NA,NA,NA,NA,66.096,NA,0.3,16.863,8.743
08/02/2024 02:00:00 PM,-999,-999,-999,-999,-999,-999,0,NA,NA,NA,NA,58.632,NA,0.4,14.18,7.85
08/02/2024 03:00:00 PM,-999,-999,-999,-999,-999,-999,0,NA,NA,NA,NA,60.543,NA,0.872,13.58,7.826
08/02/2024 04:00:00 PM,-999,-999,-999,-999,-999,-999,0,NA,NA,NA,NA,58.287,NA,0.655,15.838,8.603
08/02/2024 05:00:00 PM,-999,-999,-999,-999,-999,-999,0,NA,NA,NA,NA,59.229,NA,0.808,16.533,9.495
08/02/2024 06:00:00 PM,-999,-999,-999,-999,-999,-999,0,NA,NA,NA,NA,54.018,NA,1.538,15.799,8.545
08/02/2024 07:00:00 PM,-999,-999,-999,-999,-999,-999,0,NA,NA,NA,NA,46.313,NA,1.77,20.819,10.46
08/02/2024 08:00:00 PM,-999,-999,-999,-999,-999,-999,0,NA,NA,NA,NA,32.335,NA,2.878,23.107,11.725
08/02/2024 09:00:00 PM,-999,-999,-999,-999,-999,-999,0,NA,NA,NA,NA,23.503,NA,2.284,22.394,11.875
08/02/2024 10:00:00 PM,-999,-999,-999,-999,-999,-999,0,NA,NA,NA,NA,22.878,NA,1.952,17.293,9.737
08/02/2024 11:00:00 PM,-999,-999,-999,-999,-999,-999,0,NA,NA,NA,NA,22.721,NA,2.669,18.308,10.38
08/03/2024 12:00:00 AM,-999,-999,-999,-999,-999,-999,0,NA,NA,NA,NA,24.069,NA,1.853,14.45,8.318
08/03/2024 01:00:00 AM,-999,-999,-999,-999,-999,-999,0,NA,NA,NA,NA,22.976,NA,1.387,12.161,7.602
08/03/2024 02:00:00 AM,-999,-999,-999,-999,-999,-999,0,NA,NA,NA,NA,21.337,NA,1.725,11.556,7.631
08/03/2024 03:00:00 AM,-999,-999,-999,-999,-999,-999,0,NA,NA,NA,NA,21.232,NA,1.548,12.155,7.119
08/03/2024 04:00:00 AM,-999,-999,-999,-999,-999,-999,0,NA,NA,NA,NA,20.512,NA,1.612,11.125,6.713
08/03/2024 05:00:00 AM,-999,-999,-999,-999,-999,-999,0,NA,NA,NA,NA,12.466,NA,1.514,12.081,7.083
08/03/2024 06:00:00 AM,-999,-999,-999,-999,-999,-999,0,NA,NA,NA,NA,11.107,NA,2.035,12.937,7.687
08/03/2024 07:00:00 AM,-999,-999,-999,-999,-999,-999,0,NA,NA,NA,NA,8.779,NA,1.636,15.953,7.997
08/03/2024 08:00:00 AM,-999,-999,-999,-999,-999,-999,0,NA,NA,NA,NA,9.257,NA,3.334,20.308,10.008
08/03/2024 09:00:00 AM,-999,-999,-999,-999,-999,-999,0,NA,NA,NA,NA,11.338,NA,8.986,33.255,17.157
08/03/2024 10:00:00 AM,-999,-999,-999,-999,-999,-999,0,NA,NA,NA,NA,48.16,NA,5.093,44.235,21.959
08/03/2024 11:00:00 AM,-999,-999,-999,-999,-999,-999,0,NA,NA,NA,NA,72.61,NA,1.542,27.415,14.454
08/03/2024 12:00:00 PM,-999,-999,-999,-999,-999,-999,0,NA,NA,NA,NA,82.792,NA,0.619,22.889,13.543
08/03/2024 01:00:00 PM,-999,-999,-999,-999,-999,-999,0,NA,NA,NA,NA,61.837,NA,0.626,19.979,11.6
08/03/2024 02:00:00 PM,-999,-999,-999,-999,-999,-999,0,NA,NA,NA,NA,54.508,NA,0.827,15.528,9.797
08/03/2024 03:00:00 PM,-999,-999,-999,-999,-999,-999,0,NA,NA,NA,NA,57.833,NA,0.971,12.81,7.88
08/03/2024 04:00:00 PM,-999,-999,-999,-999,-999,-999,0,NA,NA,NA,NA,60.338,NA,0.759,13.314,8.084
08/03/2024 05:00:00 PM,-999,-999,-999,-999,-999,-999,0,NA,NA,NA,NA,60.553,NA,1.187,13.431,8.311
08/03/2024 06:00:00 PM,-999,-999,-999,-999,-999,-999,0,NA,NA,NA,NA,57.389,NA,1.823,15.649,9.49
08/03/2024 07:00:00 PM,-999,-999,-999,-999,-999,-999,0,NA,NA,NA,NA,50.646,NA,2.357,21.275,11.624
08/03/2024 08:00:00 PM,-999,-999,-999,-999,-999,-999,0,NA,NA,NA,NA,35.758,NA,2.807,24.338,13.54
08/03/2024 09:00:00 PM,-999,-999,-999,-999,-999,-999,0,NA,NA,NA,NA,33.317,NA,2.651,23.266,13.927
08/03/2024 10:00:00 PM,-999,-999,-999,-999,-999,-999,0,NA,NA,NA,NA,28.004,NA,2.732,19.039,10.805
08/03/2024 11:00:00 PM,-999,-999,-999,-999,-999,-999,0,NA,NA,NA,NA,28.468,NA,2.47,15.474,8.568
08/04/2024 12:00:00 AM,-999,-999,-999,-999,-999,-999,0,NA,NA,NA,NA,29.361,NA,1.956,11.83,7.29
08/04/2024 01:00:00 AM,-999,-999,-999,-999,-999,-999,0,NA,NA,NA,NA,27.731,NA,2.027,11.979,6.671
08/04/2024 02:00:00 AM,-999,-999,-999,-999,-999,-999,0,NA,NA,NA,NA,27.618,NA,1.817,10.802,6.044
08/04/2024 03:00:00 AM,-999,-999,-999,-999,-999,-999,0,NA,NA,NA,NA,25.768,NA,1.807,11.075,6.045
08/04/2024 04:00:00 AM,-999,-999,-999,-999,-999,-999,0,NA,NA,NA,NA,26.067,NA,2.188,11.233,6.087
08/04/2024 05:00:00 AM,-999,-999,-999,-999,-999,-999,0,NA,NA,NA,NA,23.393,NA,2.252,14.51,8.564
08/04/2024 06:00:00 AM,-999,-999,-999,-999,-999,-999,0,NA,NA,NA,NA,18.412,NA,2.517,14.527,8.168
08/04/2024 07:00:00 AM,-999,-999,-999,-999,-999,-999,0,NA,NA,NA,NA,19.597,NA,1.945,18.153,9.448
08/04/2024 08:00:00 AM,-999,-999,-999,-999,-999,-999,0,NA,NA,NA,NA,19.223,NA,3.711,23.84,11.997
08/04/2024 09:00:00 AM,-999,-999,-999,-999,-999,-999,0,NA,NA,NA,NA,18.655,NA,5.077,31.216,16.939
08/04/2024 10:00:00 AM,-999,-999,-999,-999,-999,-999,0,NA,NA,NA,NA,39.22,NA,4.43,31.903,17.817
08/04/2024 11:00:00 AM,-999,-999,-999,-999,-999,-999,0,NA,NA,NA,NA,62.708,NA,2.118,19.635,11.86
08/04/2024 12:00:00 PM,-999,-999,-999,-999,-999,-999,0,NA,NA,NA,NA,64.217,NA,1.286,17.795,11.291
08/04/2024 01:00:00 PM,-999,-999,-999,-999,-999,-999,0,NA,NA,NA,NA,52.946,NA,1.329,20.242,12.712
08/04/2024 02:00:00 PM,-999,-999,-999,-999,-999,-999,0,NA,NA,NA,NA,50.669,NA,1.499,17.531,10.275
08/04/2024 03:00:00 PM,-999,-999,-999,-999,-999,-999,0,NA,NA,NA,NA,52.913,NA,1.792,15.94,9.365
08/04/2024 04:00:00 PM,-999,-999,-999,-999,-999,-999,0,NA,NA,NA,NA,53.76,NA,2.027,14.417,8.259
08/04/2024 05:00:00 PM,-999,-999,-999,-999,-999,-999,0,NA,NA,NA,NA,54.49,NA,2.122,13.446,7.274
08/04/2024 06:00:00 PM,-999,-999,-999,-999,-999,-999,0,NA,NA,NA,NA,53.726,NA,2.607,15.045,8.29
08/04/2024 07:00:00 PM,-999,-999,-999,-999,-999,-999,0,NA,NA,NA,NA,46.329,NA,2.761,20.332,9.26
08/04/2024 08:00:00 PM,-999,-999,-999,-999,-999,-999,0,NA,NA,NA,NA,33.189,NA,3.309,22.424,10.14
08/04/2024 09:00:00 PM,-999,-999,-999,-999,-999,-999,0,NA,NA,NA,NA,24.014,NA,4.008,26.54,13.884
08/04/2024 10:00:00 PM,-999,-999,-999,-999,-999,-999,0,NA,NA,NA,NA,23.112,NA,3.888,22.856,11.277
08/04/2024 11:00:00 PM,-999,-999,-999,-999,-999,-999,-999,NA,NA,NA,NA,23.183,NA,3.244,19.95,9.634
08/05/2024 12:00:00 AM,-999,-999,-999,-999,-999,-999,-999,NA,NA,NA,NA,24.157,NA,3.009,17.425,8.898
08/05/2024 01:00:00 AM,-999,-999,-999,-999,-999,-999,-999,NA,NA,NA,NA,19.917,NA,2.058,16.764,8.912
08/05/2024 02:00:00 AM,-999,-999,-999,-999,-999,-999,-999,NA,NA,NA,NA,21.241,NA,1.543,15.372,8.344
08/05/2024 03:00:00 AM,-999,-999,-999,-999,-999,-999,-999,NA,NA,NA,NA,17.208,NA,2.005,15.078,8.153
08/05/2024 04:00:00 AM,-999,-999,-999,-999,-999,-999,-999,NA,NA,NA,NA,13.101,NA,2.589,16.04,8.834
08/05/2024 05:00:00 AM,-999,-999,-999,-999,-999,-999,-999,NA,NA,NA,NA,6.816,NA,6.277,21.344,11.451
08/05/2024 06:00:00 AM,-999,-999,-999,-999,-999,-999,-999,NA,NA,NA,NA,3.926,NA,6.826,24.032,12.275
08/05/2024 07:00:00 AM,-999,-999,-999,-999,-999,-999,-999,NA,NA,NA,NA,3.926,NA,8.205,38.584,15.857
08/05/2024 08:00:00 AM,-999,-999,-999,-999,-999,-999,-999,NA,NA,NA,NA,3.926,NA,8.905,45.303,20.394
08/05/2024 09:00:00 AM,-999,-999,-999,-999,-999,-999,-999,NA,NA,NA,NA,11.531,NA,4.664,37.668,15.732
08/05/2024 10:00:00 AM,-999,-999,-999,-999,-999,-999,-999,NA,NA,NA,NA,15.203,NA,4.042,52.823,20.755
08/05/2024 11:00:00 AM,695.506,27.637,2.962,351.744,66.229,960.9,-999,NA,NA,NA,NA,65.279,NA,2.123,37.607,17.024
08/05/2024 12:00:00 PM,695.261,28.625,4.307,2.742,66.119,1055.645,-999,NA,NA,NA,NA,64.065,NA,0.869,24.087,11.716
08/05/2024 01:00:00 PM,694.995,28.501,4.798,339.773,67.483,794.858,-999,NA,NA,NA,NA,48.586,NA,0.686,19.002,10.116
08/05/2024 02:00:00 PM,694.376,28.097,4.74,339.634,70.233,597.675,-999,NA,NA,NA,NA,42.929,NA,1.048,17.091,9.328
08/05/2024 03:00:00 PM,693.665,26.931,4.927,333.084,76.029,376.323,-999,NA,NA,NA,NA,48.852,NA,1.263,17.239,10.248
08/05/2024 04:00:00 PM,693.699,25.647,3.761,9.897,79.442,184.359,-999,NA,NA,NA,NA,43.84,NA,2.38,19.28,12.224
08/05/2024 05:00:00 PM,694.202,24.205,1.833,318.903,86.821,41.937,-999,NA,NA,NA,NA,30.932,NA,2.014,22.036,13.113
08/05/2024 06:00:00 PM,694.254,22.906,1.107,329.898,91.873,21.669,-999,NA,NA,NA,NA,12.463,NA,3.289,25.359,15.065
08/05/2024 07:00:00 PM,694.628,22.988,1.303,283.473,91.238,0.902,-999,NA,NA,NA,NA,6.465,NA,4.021,33.032,14.808
08/05/2024 08:00:00 PM,695.302,22.896,1.025,153.391,90.61,0,-999,NA,NA,NA,NA,4.829,NA,5.049,36.019,15.261
08/05/2024 09:00:00 PM,695.732,22.403,0.832,109.231,94.825,0,-999,NA,NA,NA,NA,3.926,NA,6.164,44.769,21.221
08/05/2024 10:00:00 PM,696.041,22.17,0.865,201.563,92.8,0,-999,NA,NA,NA,NA,3.926,NA,3.674,30.2,15.375
08/05/2024 11:00:00 PM,696.862,21.892,0.852,79.41,90.152,0,-999,NA,NA,NA,NA,3.926,NA,2.624,20.142,10.283
08/06/2024 12:00:00 AM,697.222,21.696,1.149,83.052,90.371,0,-999,NA,NA,NA,NA,3.926,NA,2.714,17.7,8.9
08/06/2024 01:00:00 AM,696.216,21.681,1.284,128.957,90.444,0,-999,NA,NA,NA,NA,4.976,NA,3.059,17.656,8.808
08/06/2024 02:00:00 AM,696.001,20.796,0.762,76.916,91.922,0,-999,NA,NA,NA,NA,4.282,NA,3.445,17.089,8.81
08/06/2024 03:00:00 AM,695.961,20.773,1.051,119.448,91.444,0,-999,NA,NA,NA,NA,3.926,NA,3.837,16.993,8.79
08/06/2024 04:00:00 AM,695.569,20.978,0.712,146.345,91.523,0,-999,NA,NA,NA,NA,3.926,NA,4.192,18.674,9.812
08/06/2024 05:00:00 AM,695.418,20.714,0.785,75.253,88.879,0,-999,NA,NA,NA,NA,3.926,NA,2.405,14.806,6.788
08/06/2024 06:00:00 AM,695.864,20.884,0.546,280.378,90.202,0.724,-999,NA,NA,NA,NA,3.926,NA,3.333,17.996,8.324
08/06/2024 07:00:00 AM,696.28,20.526,1.007,47.518,92.876,33.817,-999,NA,NA,NA,NA,3.926,NA,5.795,29.789,12.951
08/06/2024 08:00:00 AM,696.557,22.136,1.006,251.751,87.884,236.462,-999,NA,NA,NA,NA,3.926,NA,5.014,30.082,13.274
08/06/2024 09:00:00 AM,696.607,23.857,1.641,265.093,84.278,639.063,-999,NA,NA,NA,NA,11.666,NA,7.09,29.267,17.048
08/06/2024 10:00:00 AM,696.344,25.545,2.284,266.729,77.801,896.631,-999,NA,NA,NA,NA,26.193,NA,-999,23.28,11.172
08/06/2024 11:00:00 AM,695.875,27.379,2.208,278.14,68.568,1028.976,-999,NA,NA,NA,NA,45.692,NA,-999,15.125,6.812
08/06/2024 12:00:00 PM,695.186,29.274,2.408,281.578,58.391,1002.706,-999,NA,NA,NA,NA,3.926,NA,3.474,11.784,4.858
08/06/2024 01:00:00 PM,694.528,28.75,4.583,0.496,65.971,806.36,-999,NA,NA,NA,NA,70.718,NA,5.683,13.422,7.477
08/06/2024 02:00:00 PM,693.798,28.729,5.654,336.036,69.022,792.778,-999,NA,NA,NA,NA,63.046,NA,5.243,12.906,7.668
08/06/2024 03:00:00 PM,693.296,27.733,4.695,333.082,72.335,374.14,-999,NA,NA,NA,NA,54.294,NA,5.701,11.489,6.583
08/06/2024 04:00:00 PM,692.933,27.002,5.808,334.64,75.001,369.016,-999,NA,NA,NA,NA,55.177,NA,5.895,11.243,6.4
08/06/2024 05:00:00 PM,693.157,24.997,2.977,356.545,83.28,72.645,-999,NA,NA,NA,NA,43.274,NA,6.594,13.554,7.079
08/06/2024 06:00:00 PM,693.694,24.364,1.419,270.841,89.044,78.751,-999,NA,NA,NA,NA,31.499,NA,7.035,12.667,7.407
08/06/2024 07:00:00 PM,694.224,24.177,1.731,49.985,88.453,1.401,-999,NA,NA,NA,NA,22.349,NA,7.679,15.598,8.282
08/06/2024 08:00:00 PM,694.793,23.602,1.972,100.761,85.273,0,-999,NA,NA,NA,NA,21.027,NA,7.431,15.089,6.81
08/06/2024 09:00:00 PM,695.444,23.133,1.459,110.866,84.688,0,-999,NA,NA,NA,NA,11.815,NA,7.599,13.898,5.822
08/06/2024 10:00:00 PM,696.135,22.145,1.136,138.003,90.261,0,-999,NA,NA,NA,NA,5.545,NA,7.834,17.753,7.594
08/06/2024 11:00:00 PM,696.656,21.545,0.897,3.127,92.44,0,-999,NA,NA,NA,NA,7.845,NA,8.193,18.498,7.635
08/07/2024 12:00:00 AM,696.496,21.378,0.575,175.192,94.196,0,-999,NA,NA,NA,NA,4.194,NA,8.022,23.78,7.984
08/07/2024 01:00:00 AM,695.915,21.406,0.721,274.08,95.203,0,-999,NA,NA,NA,NA,3.926,NA,5.195,20.64,8.749
08/07/2024 02:00:00 AM,695.145,21.018,0.817,27.377,95.962,0,-999,NA,NA,NA,NA,3.926,NA,2.824,16.063,6.894
08/07/2024 03:00:00 AM,694.719,20.787,0.751,271.361,95.659,0,-999,NA,NA,NA,NA,3.926,NA,2.324,16.175,5.275
08/07/2024 04:00:00 AM,694.845,20.601,1.099,86.577,93.937,0,-999,NA,NA,NA,NA,4.222,NA,2.232,13.813,3.633
08/07/2024 05:00:00 AM,695.061,20.479,1.374,117.473,92.389,0,-999,NA,NA,NA,NA,4.863,NA,1.864,10.375,2.799
08/07/2024 06:00:00 AM,694.852,20.269,0.804,78.373,92.539,0.145,-999,NA,NA,NA,NA,4.026,NA,2.651,11.957,4.227
08/07/2024 07:00:00 AM,695.209,20.158,0.897,354.761,91.234,25.88,-999,NA,NA,NA,NA,3.926,NA,2.89,13.554,4.592
08/07/2024 08:00:00 AM,-999,-999,-999,-999,-999,-999,-999,NA,NA,NA,NA,-999,NA,-999,-999,-999
08/07/2024 09:00:00 AM,695.892,23.89,1.247,59.31,74.888,726.498,-999,NA,NA,NA,NA,10.055,NA,1.946,19.053,4.852
08/07/2024 10:00:00 AM,695.993,25.14,1.655,339.778,69.439,897.211,-999,NA,NA,NA,NA,23.764,NA,1.726,14.06,6.03
08/07/2024 11:00:00 AM,695.908,26.169,3.353,333.945,69.177,1101.372,-999,NA,NA,NA,NA,38.541,NA,1.43,10.946,5.095
08/07/2024 12:00:00 PM,695.508,27.303,3.586,329.71,66.931,909.477,-999,NA,NA,NA,NA,47.807,NA,1.205,7.91,4.223
08/07/2024 01:00:00 PM,694.727,27.877,3.955,11.638,65.581,912.838,-999,NA,NA,NA,NA,46.665,NA,0.986,7.607,4.25
08/07/2024 02:00:00 PM,693.796,28.31,4.213,338.454,65.186,806.625,-999,NA,NA,NA,NA,48.391,NA,1.005,6.824,3.801
08/07/2024 03:00:00 PM,693.043,28.747,4.13,337.368,63.687,1000.732,-999,NA,NA,NA,NA,49.338,NA,0.878,6.145,3.052
08/07/2024 04:00:00 PM,692.584,28.992,3.339,315.839,62.69,482.157,-999,NA,NA,NA,NA,47.664,NA,0.719,6.026,2.771
08/07/2024 05:00:00 PM,692.408,28.303,3.514,316.815,67.693,198.939,-999,NA,NA,NA,NA,49.875,NA,1.231,5.476,2.813
08/07/2024 06:00:00 PM,692.65,27.474,2.384,295.468,72.526,90.512,-999,NA,NA,NA,NA,51.668,NA,1.271,8.582,4.061
08/07/2024 07:00:00 PM,693.005,25.963,1.818,323.914,78.399,5.203,-999,NA,NA,NA,NA,40.598,NA,2.055,16.481,12.191
08/07/2024 08:00:00 PM,693.557,25.188,1.759,325.994,82.794,0,-999,NA,NA,NA,NA,34.55,NA,2.88,29.562,23.967
08/07/2024 09:00:00 PM,694.3,24.48,1.006,9.572,86.901,0,-999,NA,NA,NA,NA,27.418,NA,3.599,14.478,8.798
08/07/2024 10:00:00 PM,694.783,24.111,1.073,104.569,87.67,0,-999,NA,NA,NA,NA,19.71,NA,3,13.368,6.82
08/07/2024 11:00:00 PM,695.09,23.591,1.082,80.834,88.871,0,-999,NA,NA,NA,NA,15.766,NA,2.858,12.19,6.048
08/08/2024 12:00:00 AM,694.96,22.948,1.522,84.906,88.383,0,-999,NA,NA,NA,NA,8.153,NA,2.768,10.805,5.327
08/08/2024 01:00:00 AM,694.671,22.453,1.869,89.499,87.208,0,-999,NA,NA,NA,NA,8.2,NA,2.009,9.969,4.42
08/08/2024 02:00:00 AM,694.306,22.436,1.525,110.605,85.505,0,-999,NA,NA,NA,NA,6.947,NA,1.153,9.418,4.271
08/08/2024 03:00:00 AM,694.152,22.108,1.093,96.965,85.809,0,-999,NA,NA,NA,NA,7.945,NA,1.462,10.565,5.245
08/08/2024 04:00:00 AM,694.007,21.701,1.053,83.474,85.35,0,-999,NA,NA,NA,NA,7.276,NA,1.232,9.968,4.735
08/08/2024 05:00:00 AM,694.305,21.175,1.163,1.999,85.876,0,-999,NA,NA,NA,NA,5.76,NA,1.461,10.435,5.082
08/08/2024 06:00:00 AM,694.734,21.283,0.915,69.641,83.487,0.145,-999,NA,NA,NA,NA,4.893,NA,1.414,14.204,6.046
08/08/2024 07:00:00 AM,694.997,21.099,1.203,26.027,83.742,46.126,-999,NA,NA,NA,NA,3.926,NA,1.341,18.206,7.496
08/08/2024 08:00:00 AM,695.116,22.954,1.751,72.454,76.612,204.014,-999,NA,NA,NA,NA,7.394,NA,1.398,19.765,7.113
08/08/2024 09:00:00 AM,695.332,25.743,1.264,97.436,70.904,766.309,-999,NA,NA,NA,NA,18.447,NA,0.928,24.828,9.8
08/08/2024 10:00:00 AM,695.453,27.758,1.661,283.287,65.862,1068.455,-999,NA,NA,NA,NA,45.338,NA,0.338,14.101,7.48
08/08/2024 11:00:00 AM,695.47,27.885,3.601,354.878,67.312,902.169,-999,NA,NA,NA,NA,53.228,NA,0.288,13.641,8.575
08/08/2024 12:00:00 PM,695.198,27.091,4.09,337.838,72.32,621.743,-999,NA,NA,NA,NA,52.047,NA,0.463,12.123,8.544
08/08/2024 01:00:00 PM,694.666,27.807,4.291,333.953,69.327,1019.285,-999,NA,NA,NA,NA,50.56,NA,0.318,11.655,8.309
08/08/2024 02:00:00 PM,693.886,28.039,3.909,332.157,69.296,629.084,-999,NA,NA,NA,NA,48.202,NA,0.509,11.667,8.107
08/08/2024 03:00:00 PM,693.154,28.642,4.763,320.304,66.175,893.315,-999,NA,NA,NA,NA,49.496,NA,0.39,10.576,7.294
08/08/2024 04:00:00 PM,692.852,27.934,4.919,341.584,67.277,313.666,-999,NA,NA,NA,NA,52.182,NA,0.619,11.463,7.733
08/08/2024 05:00:00 PM,692.86,27.6,4.284,331.433,68.347,179.3,-999,NA,NA,NA,NA,50.461,NA,1.217,13.624,9.13
08/08/2024 06:00:00 PM,693.173,27.024,3.271,350.201,71.974,90.29,-999,NA,NA,NA,NA,44.065,NA,1.252,14.516,9.486
08/08/2024 07:00:00 PM,693.805,25.993,1.769,313.51,76.103,3.173,-999,NA,NA,NA,NA,42.46,NA,1.317,16.578,9.869
08/08/2024 08:00:00 PM,694.326,25.423,0.988,233.753,78.802,0,-999,NA,NA,NA,NA,36.576,NA,2.416,23.303,13.016
08/08/2024 09:00:00 PM,694.96,25.139,1.255,56.797,80.22,0,-999,NA,NA,NA,NA,24.662,NA,2.391,20.789,12.83
08/08/2024 10:00:00 PM,695.283,24.655,0.911,78.465,81.904,0,-999,NA,NA,NA,NA,13.228,NA,2.474,22.662,13.591
08/08/2024 11:00:00 PM,695.362,23.92,0.899,72.678,83.763,0,-999,NA,NA,NA,NA,16.289,NA,2.542,20.969,13.432
08/09/2024 12:00:00 AM,695.417,23.313,1.27,93.41,84.403,0,-999,NA,NA,NA,NA,16.628,NA,1.858,17.85,11.607
08/09/2024 01:00:00 AM,695.27,23.156,1.345,70.214,83.712,0,-999,NA,NA,NA,NA,13.126,NA,3.236,16.383,11.16
08/09/2024 02:00:00 AM,695.032,22.837,1.316,18.235,84.396,0,-999,NA,NA,NA,NA,11.325,NA,3.12,16.71,11.353
08/09/2024 03:00:00 AM,694.36,22.579,1.589,102.142,84.902,0,-999,NA,NA,NA,NA,10.502,NA,2.562,15.286,10.433
08/09/2024 04:00:00 AM,694.345,22.113,1.031,113.078,87.994,0,-999,NA,NA,NA,NA,5.91,NA,3.227,16.012,11.05
08/09/2024 05:00:00 AM,694.585,21.757,1.21,279.549,91.8,0,-999,NA,NA,NA,NA,3.926,NA,5.408,21.422,13.904
08/09/2024 06:00:00 AM,695.263,21.633,1.045,169.503,90.713,0,-999,NA,NA,NA,NA,3.926,NA,5.216,19.555,12.424
08/09/2024 07:00:00 AM,695.023,21.688,0.825,111.769,89.358,18.042,-999,NA,NA,NA,NA,3.926,NA,4.528,18.451,12.245
08/09/2024 08:00:00 AM,695.193,22.108,1.581,211.927,92.23,174.354,-999,NA,NA,NA,NA,3.926,NA,8.278,32.39,19.109
08/09/2024 09:00:00 AM,695.921,23.988,1.474,39.321,85.077,461.438,-999,NA,NA,NA,NA,6.091,NA,7.101,43.543,23.267
08/09/2024 10:00:00 AM,695.904,25.521,1.6,43.873,78.983,593.581,-999,NA,NA,NA,NA,25.94,NA,4.121,53.515,25.976
08/09/2024 11:00:00 AM,695.638,26.448,1.695,331.858,75.766,293.351,-999,NA,NA,NA,NA,43.171,NA,3.336,35.005,22.829
08/09/2024 12:00:00 PM,695.723,25.308,3.999,348.561,83.354,580.789,-999,NA,NA,NA,NA,36.778,NA,2.207,18.533,12.125
08/09/2024 01:00:00 PM,695.117,26.06,4.279,320.63,79.357,768.426,-999,NA,NA,NA,NA,44.28,NA,1.674,11.877,7.743
08/09/2024 02:00:00 PM,694.317,26.427,4.76,326.651,76.982,721.745,-999,NA,NA,NA,NA,49.705,NA,1.635,10.075,6.226
08/09/2024 03:00:00 PM,693.646,26.918,4.506,337.657,74.927,810.526,-999,NA,NA,NA,NA,50.328,NA,1.435,9.684,5.391
08/09/2024 04:00:00 PM,693.229,27.708,3.438,296.226,71.247,516.022,-999,NA,NA,NA,NA,49.965,NA,1.56,8.808,5.207
08/09/2024 05:00:00 PM,693.247,27.466,3.302,322.082,71.263,201.662,-999,NA,NA,NA,NA,44.44,NA,1.209,9.469,5.81
08/09/2024 06:00:00 PM,693.447,26.172,2.888,335.843,76.794,72.326,-999,NA,NA,NA,NA,44.632,NA,1.8,12.89,8.663
08/09/2024 07:00:00 PM,694.33,25.476,1.317,333.006,81.445,4.64,-999,NA,NA,NA,NA,34.987,NA,2.358,17.589,8.667
08/09/2024 08:00:00 PM,694.995,25.142,1.158,340.204,83.67,0,-999,NA,NA,NA,NA,29.296,NA,2.654,17.963,9.107
08/09/2024 09:00:00 PM,695.582,24.876,1.19,35.766,84.95,0,-999,NA,NA,NA,NA,21.492,NA,3.396,18.815,11.326
08/09/2024 10:00:00 PM,695.975,24.433,0.912,252.345,86.081,0,-999,NA,NA,NA,NA,13.39,NA,3.738,22.498,11.004
08/09/2024 11:00:00 PM,696.068,24.104,1.249,119.501,84.535,0,-999,NA,NA,NA,NA,16.285,NA,3.106,13.735,7.713
08/10/2024 12:00:00 AM,695.636,23.854,1.459,114.873,84.115,0,-999,NA,NA,NA,NA,16.732,NA,3.256,13.129,7.967
08/10/2024 01:00:00 AM,695.681,23.305,1.186,21.155,87.009,0,-999,NA,NA,NA,NA,8.955,NA,4.364,13.611,8.411
08/10/2024 02:00:00 AM,695.507,22.775,0.881,110.121,88.726,0,-999,NA,NA,NA,NA,8.839,NA,3.757,16.246,10.027
08/10/2024 03:00:00 AM,695.281,22.274,1.219,124.498,85.901,0,-999,NA,NA,NA,NA,12.71,NA,2.504,10.178,6.172
08/10/2024 04:00:00 AM,695.051,21.9,0.983,72.792,86.607,0,-999,NA,NA,NA,NA,11.017,NA,2.412,10.125,5.718
08/10/2024 05:00:00 AM,695.393,21.635,1.358,24.295,85.54,0,-999,NA,NA,NA,NA,8.92,NA,2.575,9.651,5.453
08/10/2024 06:00:00 AM,696.096,21.514,1.306,110.305,85.553,0.128,-999,NA,NA,NA,NA,4.24,NA,2.704,11.542,6.89
08/10/2024 07:00:00 AM,696.293,21.884,1.315,41.21,81.402,52.554,-999,NA,NA,NA,NA,5.937,NA,1.958,11.686,5.833
08/10/2024 08:00:00 AM,696.621,24.255,1.227,103.25,73.864,222.269,-999,NA,NA,NA,NA,7.283,NA,3.126,17.639,7.677
08/10/2024 09:00:00 AM,696.964,25.92,1.325,323.946,74.104,697.047,-999,NA,NA,NA,NA,15.866,NA,9.653,31.738,14.432
08/10/2024 10:00:00 AM,696.601,27.537,1.623,294.399,65.513,1059.371,-999,NA,NA,NA,NA,46.812,NA,2.602,21.769,10.784
08/10/2024 11:00:00 AM,696.109,28.747,3.015,304.847,62.105,1104.143,-999,NA,NA,NA,NA,60.469,NA,0.947,13.319,8.158
08/10/2024 12:00:00 PM,695.687,28.759,4.34,334.609,63.576,790.847,-999,NA,NA,NA,NA,58.557,NA,0.642,11.368,6.591
08/10/2024 01:00:00 PM,695.174,28.639,4.428,324.164,66.988,881.019,-999,NA,NA,NA,NA,56.805,NA,1.066,13.054,7.277
08/10/2024 02:00:00 PM,694.437,28.119,5.347,315.114,70.754,725.741,-999,NA,NA,NA,NA,55.216,NA,1.078,12.697,7.337
08/10/2024 03:00:00 PM,694.299,25.574,3.657,7.29,82.21,155.15,-999,NA,NA,NA,NA,43.124,NA,1.818,15.219,8.662
08/10/2024 04:00:00 PM,694.013,22.521,2.195,84.006,89.443,59.272,-999,NA,NA,NA,NA,33.599,NA,2.532,13.894,6.424
08/10/2024 05:00:00 PM,693.903,22.738,1.506,33.895,88.95,168.232,-999,NA,NA,NA,NA,30.772,NA,2.505,13.778,7.249
08/10/2024 06:00:00 PM,694.55,22.923,1.44,349.941,89.138,45.046,-999,NA,NA,NA,NA,18.864,NA,3.192,19.108,9.863
08/10/2024 07:00:00 PM,694.815,22.807,0.814,84.001,89.818,2.916,-999,NA,NA,NA,NA,7.05,NA,3.348,21.045,10.083
08/10/2024 08:00:00 PM,695.457,22.289,1.555,110.414,92.214,0,-999,NA,NA,NA,NA,4.201,NA,3.882,23.371,11.269
08/10/2024 09:00:00 PM,696.326,22.152,1.632,17.251,89.699,0,-999,NA,NA,NA,NA,9.319,NA,3.182,13.621,6.383
08/10/2024 10:00:00 PM,697.072,21.643,1.416,61.482,92.697,0,-999,NA,NA,NA,NA,5.089,NA,3.843,16.474,8.985
08/10/2024 11:00:00 PM,697.162,21.365,1.216,139.115,93.506,0,-999,NA,NA,NA,NA,6.403,NA,3.359,14.035,7.272
08/11/2024 12:00:00 AM,697.298,21.08,0.849,11.614,94.414,0,-999,NA,NA,NA,NA,6.221,NA,3.024,13.393,5.417
08/11/2024 01:00:00 AM,697.013,20.931,1.067,122.549,95.445,0,-999,NA,NA,NA,NA,7.738,NA,1.821,12.593,5.779
08/11/2024 02:00:00 AM,696.699,20.836,1.215,52.476,95.435,0,-999,NA,NA,NA,NA,10.512,NA,1.452,10.255,4.789
08/11/2024 03:00:00 AM,696.331,20.724,1.457,74.444,95.196,0,-999,NA,NA,NA,NA,7.736,NA,1.695,13.448,4.568
08/11/2024 04:00:00 AM,696.562,20.975,1.153,41.845,93.095,0,-999,NA,NA,NA,NA,7.87,NA,1.556,11.925,4.25
08/11/2024 05:00:00 AM,696.773,20.817,0.867,283.085,94.935,0,-999,NA,NA,NA,NA,6.765,NA,2.909,17.572,9.165
08/11/2024 06:00:00 AM,697.056,20.485,0.894,354.997,96.241,0.064,-999,NA,NA,NA,NA,4.441,NA,2.267,13.208,7.072
08/11/2024 07:00:00 AM,696.984,20.715,0.769,330.562,95.4,62.478,-999,NA,NA,NA,NA,3.926,NA,2.242,14.233,6.479
08/11/2024 08:00:00 AM,697.222,22.118,0.982,356.25,91.134,198.73,-999,NA,NA,NA,NA,4.509,NA,2.584,17.642,9.629
08/11/2024 09:00:00 AM,697.275,23.261,1.626,142.703,87.877,625.546,-999,NA,NA,NA,NA,11.963,NA,3.099,25.552,14.696
08/11/2024 10:00:00 AM,696.854,25.898,1.973,246.759,77.369,1222.4,-999,NA,NA,NA,NA,35.551,NA,2.03,17.165,10.738
08/11/2024 11:00:00 AM,696.24,27.326,1.983,247.395,65.5,1111.304,-999,NA,NA,NA,NA,61.918,NA,0.48,8.013,4.429
08/11/2024 12:00:00 PM,695.813,28.277,3.883,340.102,63.847,933.606,-999,NA,NA,NA,NA,74.371,NA,0.452,10.394,6.132
08/11/2024 01:00:00 PM,695.155,28.359,3.977,322.657,64.665,989.749,-999,NA,NA,NA,NA,64.931,NA,0.377,8.777,4.925
08/11/2024 02:00:00 PM,694.35,29.107,4.469,334.358,64.808,1039.005,-999,NA,NA,NA,NA,53.066,NA,0.418,7.99,4.54
08/11/2024 03:00:00 PM,693.595,29.426,4.6,341.427,61.386,1068.119,-999,NA,NA,NA,NA,52.669,NA,0.262,6.717,3.931
08/11/2024 04:00:00 PM,693.174,28.835,3.667,331.14,63.476,374.744,-999,NA,NA,NA,NA,53.439,NA,0.339,5.371,3.398
08/11/2024 05:00:00 PM,693.36,26.002,3.3,349.145,74.876,53.021,-999,NA,NA,NA,NA,39.958,NA,0.514,8.398,3.659
08/11/2024 06:00:00 PM,693.843,24.537,2.976,112.331,74.972,56.727,-999,NA,NA,NA,NA,33.574,NA,1.112,9.081,2.881
08/11/2024 07:00:00 PM,694.385,24.488,1.938,108.392,73.158,2.642,-999,NA,NA,NA,NA,24.393,NA,1.535,10.041,2.825
08/11/2024 08:00:00 PM,695.293,23.54,1.598,122.936,78.43,0,-999,NA,NA,NA,NA,16.165,NA,1.391,8.646,2.903
08/11/2024 09:00:00 PM,696.085,23.565,0.966,60.864,78.996,0,-999,NA,NA,NA,NA,11.02,NA,2.383,13.44,4.929
08/11/2024 10:00:00 PM,696.284,23.177,1.439,255.871,81.625,0,-999,NA,NA,NA,NA,11.012,NA,3.382,12.839,4.841
08/11/2024 11:00:00 PM,696.617,22.372,1.337,36.698,88.087,0,-999,NA,NA,NA,NA,6.271,NA,5.841,17.265,7.97
08/12/2024 12:00:00 AM,696.772,21.758,1.125,27.077,90.926,0,0,NA,NA,NA,NA,7.442,NA,4.431,17.033,7.614
08/12/2024 01:00:00 AM,696.497,21.881,1.136,246.998,88.47,0,0,NA,NA,NA,NA,16.678,NA,2.547,13.947,6.504
08/12/2024 02:00:00 AM,696.326,21.422,1.589,217.182,88.422,0,0,NA,NA,NA,NA,18.964,NA,1.935,9.056,3.392
08/12/2024 03:00:00 AM,695.986,21.152,0.724,170.552,88.674,0,0,NA,NA,NA,NA,9.585,NA,1.519,10.511,3.711
08/12/2024 04:00:00 AM,695.532,21.193,1.511,204.173,88.215,0,0,NA,NA,NA,NA,18.956,NA,1.714,9.161,3.575
08/12/2024 05:00:00 AM,695.618,20.915,0.747,346.959,89.414,0,0,NA,NA,NA,NA,5.243,NA,2.475,10.951,4.274
08/12/2024 06:00:00 AM,695.828,21.14,2.346,215.179,88.715,0.209,0,NA,NA,NA,NA,10.666,NA,2.179,11.17,4.505
08/12/2024 07:00:00 AM,696.08,21.47,1.478,212.901,86.812,33.752,0,NA,NA,NA,NA,3.926,NA,2.64,20.79,7.002
08/12/2024 08:00:00 AM,696.249,23.443,0.944,258.428,80.964,157.437,0,NA,NA,NA,NA,5.869,NA,3.784,19.713,7.653
08/12/2024 09:00:00 AM,696.112,25.102,1.521,38.467,75.744,805.218,0,NA,NA,NA,NA,16.474,NA,2.068,20.552,7.563
08/12/2024 10:00:00 AM,695.699,25.99,2.888,257.899,72.455,1122.929,0,NA,NA,NA,NA,36.568,NA,1.581,15.771,5.954
08/12/2024 11:00:00 AM,695.146,27.743,2.938,270.846,65.737,1156.631,0,NA,NA,NA,NA,57.198,NA,0.95,19.026,6.7
08/12/2024 12:00:00 PM,694.558,29.983,1.993,256.403,53.823,1212.038,0,NA,NA,NA,NA,75.726,NA,0.483,16.357,6.312
08/12/2024 01:00:00 PM,693.767,31.111,5.068,194.139,53.674,1062.303,0,NA,NA,NA,NA,70.062,NA,0.27,11.519,4.731
08/12/2024 02:00:00 PM,693.464,29.17,4.275,329.234,65.935,497.366,0,NA,NA,NA,NA,61.649,NA,0.443,10.534,4.651
08/12/2024 03:00:00 PM,693.114,29.048,4.189,326.097,67.26,425.836,0,NA,NA,NA,NA,62.724,NA,0.448,11.173,4.683
08/12/2024 04:00:00 PM,692.848,29.577,4.364,330.796,65.018,364.851,0,NA,NA,NA,NA,65.578,NA,0.69,10.107,4.964
08/12/2024 05:00:00 PM,692.832,28.739,5.693,331.765,69.212,242.778,0,NA,NA,NA,NA,63.972,NA,0.547,11.743,5.675
08/12/2024 06:00:00 PM,693.522,27.346,3.41,336.188,73.605,67.344,0,NA,NA,NA,NA,57.103,NA,1.28,14.497,8.203
08/12/2024 07:00:00 PM,694.092,26.836,1.372,357.023,75.932,2.626,0,NA,NA,NA,NA,43.419,NA,1.978,17.966,10.319
08/12/2024 08:00:00 PM,694.522,26.002,1.599,69.94,78.838,0,0,NA,NA,NA,NA,31.815,NA,2.038,20.548,9.973
08/12/2024 09:00:00 PM,695.029,25.277,2.364,35.665,77.126,0,0,NA,NA,NA,NA,32.411,NA,1.647,16.342,7.768
08/12/2024 10:00:00 PM,695.434,25.017,1.835,108.769,74.334,0,0,NA,NA,NA,NA,32.816,NA,1.844,11.546,6.45
08/12/2024 11:00:00 PM,696.051,24.166,1.529,76.906,76.472,0,0,NA,NA,NA,NA,23.787,NA,1.955,11.336,6.221
08/13/2024 12:00:00 AM,695.915,23.19,1.072,347.41,80.275,0,0,NA,NA,NA,NA,15.807,NA,2.417,16.741,9.347
08/13/2024 01:00:00 AM,695.669,22.993,1.515,215.611,81.879,0,0,NA,NA,NA,NA,16.288,NA,2.804,19.082,9.051
08/13/2024 02:00:00 AM,695.606,22.534,1.704,118.079,78.254,0,0,NA,NA,NA,NA,22.872,NA,1.656,8.37,3.883
08/13/2024 03:00:00 AM,694.915,22.444,1.377,36.474,78.021,0,0,NA,NA,NA,NA,17.809,NA,1.831,9.701,4.491
08/13/2024 04:00:00 AM,695.08,21.558,0.996,213.367,85.864,0,0,NA,NA,NA,NA,6.576,NA,5.483,17.693,8.169
08/13/2024 05:00:00 AM,695.553,21.196,1.351,35.587,85.731,0,0,NA,NA,NA,NA,6.734,NA,3.756,13.319,7.341
08/13/2024 06:00:00 AM,696.128,21.161,1.875,124.069,81.427,0.322,0,NA,NA,NA,NA,10.69,NA,1.898,9.507,4.366
08/13/2024 07:00:00 AM,696.523,21.206,1.181,104.736,81.481,46.464,0,NA,NA,NA,NA,4.234,NA,1.975,14.129,6.234
08/13/2024 08:00:00 AM,697.267,22.094,1.11,280.582,82.104,175.482,0,NA,NA,NA,NA,3.926,NA,5.47,25.902,9.804
08/13/2024 09:00:00 AM,697.638,22.725,2.084,16.824,84.803,411.379,0,NA,NA,NA,NA,11.683,NA,5.323,49.046,15.689
08/13/2024 10:00:00 AM,697.335,23.406,2.379,6.537,85.496,357.908,0,NA,NA,NA,NA,31.532,NA,1.654,10.033,5.505
08/13/2024 11:00:00 AM,696.56,26.335,2.174,336.317,73.18,888.721,0,NA,NA,NA,NA,47.701,NA,1.07,10.258,6.444
08/13/2024 12:00:00 PM,695.801,27.332,2.327,328.494,69.335,902.924,0,NA,NA,NA,NA,55.607,NA,0.942,10.891,6.497
08/13/2024 01:00:00 PM,694.819,28.521,3.708,329.25,63.707,988.996,0,NA,NA,NA,NA,59.571,NA,0.708,8.482,5.982
08/13/2024 02:00:00 PM,693.99,29.075,4.126,351.334,61.875,857.046,0,NA,NA,NA,NA,57.458,NA,0.59,7.482,5.199
08/13/2024 03:00:00 PM,693.411,28.335,3.693,350.94,66.259,380.737,0,NA,NA,NA,NA,49.115,NA,0.897,7.659,4.939
08/13/2024 04:00:00 PM,693.228,28.509,4.089,331.049,67.085,413.008,0,NA,NA,NA,NA,46.722,NA,0.562,6.958,4.522
08/13/2024 05:00:00 PM,693.404,27.137,3.942,351.195,74.529,104.416,0,NA,NA,NA,NA,42.463,NA,1.272,11.103,6.583
08/13/2024 06:00:00 PM,693.954,25.898,2.806,334.552,82.107,39.633,0,NA,NA,NA,NA,34.814,NA,1.622,8.231,4.687
08/13/2024 07:00:00 PM,694.33,24.466,1.905,353.738,87.367,2.029,1.4,NA,NA,NA,NA,15.986,NA,2.731,12.934,7.67
08/13/2024 08:00:00 PM,694.401,23.55,1.842,102.44,83.394,0,0,NA,NA,NA,NA,16.127,NA,2.387,14.297,5.921
08/13/2024 09:00:00 PM,695.112,23.256,1.755,122.466,81.669,0,0,NA,NA,NA,NA,12.955,NA,2.549,12.808,4.8
08/13/2024 10:00:00 PM,695.851,22.838,1.863,105.263,82,0,0,NA,NA,NA,NA,10.516,NA,2.273,9.078,3.427
08/13/2024 11:00:00 PM,696.062,22.784,1.673,56.6,80.952,0,0,NA,NA,NA,NA,7.943,NA,2.613,10.387,3.918
08/14/2024 12:00:00 AM,696.135,22.745,1.657,58.131,80.165,0,0,NA,NA,NA,NA,8.795,NA,2.2,8.231,2.866
08/14/2024 01:00:00 AM,695.773,23.117,1.311,119.345,77.038,0,0,NA,NA,NA,NA,10.174,NA,2.318,8.279,2.781
08/14/2024 02:00:00 AM,695.582,22.425,1.302,158.046,83.084,0,0,NA,NA,NA,NA,5.598,NA,4.666,16.107,6.974
08/14/2024 03:00:00 AM,695.477,21.764,1.011,111.235,85.871,0,0,NA,NA,NA,NA,3.926,NA,4.785,16.941,7.692
08/14/2024 04:00:00 AM,695.452,21.17,0.968,17.717,90.05,0,0,NA,NA,NA,NA,3.926,NA,6.067,18.011,8.708
08/14/2024 05:00:00 AM,695.64,20.701,1.049,278.268,89.896,0,0,NA,NA,NA,NA,3.926,NA,4.669,16.561,7.027
08/14/2024 06:00:00 AM,696.107,20.731,1.069,56.392,86.004,0.837,0,NA,NA,NA,NA,3.926,NA,2.896,16.656,8.363
08/14/2024 07:00:00 AM,696.288,20.922,0.907,57.725,85.839,59.176,0,NA,NA,NA,NA,3.926,NA,3.422,17.919,6.692
08/14/2024 08:00:00 AM,696.475,22.976,1.399,301.484,81.24,210.04,0,NA,NA,NA,NA,4.259,NA,5.805,20.854,8.685
08/14/2024 09:00:00 AM,696.595,24.345,2.024,41.712,79.842,787.35,0,NA,NA,NA,NA,6.719,NA,9.994,35.049,14.978
08/14/2024 10:00:00 AM,696.452,26.685,1.795,341.023,73.175,1120.32,0,NA,NA,NA,NA,35.697,NA,4.2,30.113,13.968
08/14/2024 11:00:00 AM,695.774,29.019,1.771,321.618,63.259,1139.185,0,NA,NA,NA,NA,70.25,NA,2.335,23.688,10.15
08/14/2024 12:00:00 PM,694.861,30.363,1.99,260.592,52.864,1162.368,0,NA,NA,NA,NA,82.54,NA,1.64,15.731,7.205
08/14/2024 01:00:00 PM,694.047,30.595,5.2,324.003,57.671,1162.483,0.2,NA,NA,NA,NA,77.765,NA,1.139,11.87,6.168
08/14/2024 02:00:00 PM,693.588,29.299,4.579,323.524,66.262,769.934,0,NA,NA,NA,NA,67.153,NA,1.152,10.899,5.301
08/14/2024 03:00:00 PM,693.115,29.241,5.126,337.785,65.52,822.092,0,NA,NA,NA,NA,65.192,NA,1.32,8.787,4.37
08/14/2024 04:00:00 PM,692.865,28.566,4.401,332.877,68.453,293.673,0,NA,NA,NA,NA,60.511,NA,1.562,7.324,3.882
08/14/2024 05:00:00 PM,692.981,28.138,4.25,307.572,70.992,196.217,0,NA,NA,NA,NA,62.662,NA,1.908,9.092,5.143
08/14/2024 06:00:00 PM,693.507,27.297,3.607,332.847,72.289,54.6,0,NA,NA,NA,NA,57.656,NA,2.151,9.32,4.961
08/14/2024 07:00:00 PM,694.303,26.661,2.271,321.385,75.494,5.422,0,NA,NA,NA,NA,44.761,NA,2.521,17.073,8.605
08/14/2024 08:00:00 PM,694.9,26.229,1.488,17.781,78.054,0,0,NA,NA,NA,NA,33.33,NA,3.575,14.524,8.79
08/14/2024 09:00:00 PM,695.283,25.779,1.305,36.026,79.79,0,0,NA,NA,NA,NA,22.162,NA,3.698,16.771,9.325
08/14/2024 10:00:00 PM,695.585,25.096,1.385,8.524,80.669,0,0,NA,NA,NA,NA,20.179,NA,3.616,17.495,8.301
08/14/2024 11:00:00 PM,695.76,25.08,0.984,103.569,79.059,0,0,NA,NA,NA,NA,18.505,NA,2.972,13.222,7.07
08/15/2024 12:00:00 AM,695.495,24.446,0.756,43.715,79.838,0,0,NA,NA,NA,NA,16.844,NA,3.31,14.73,8.042
08/15/2024 01:00:00 AM,695.351,23.779,0.726,343.674,82.762,0,0,NA,NA,NA,NA,7.808,NA,4.271,15.954,7.989
08/15/2024 02:00:00 AM,695.071,23.131,0.704,109.445,83.299,0,0,NA,NA,NA,NA,9.644,NA,2.857,14.047,7.068
08/15/2024 03:00:00 AM,694.953,22.884,1.126,39.455,83.542,0,0,NA,NA,NA,NA,9.637,NA,3.13,14.338,7.246
08/15/2024 04:00:00 AM,694.631,22.71,0.964,229.962,86.907,0,0,NA,NA,NA,NA,4.693,NA,5.595,19.448,9.631
08/15/2024 05:00:00 AM,694.713,22.105,0.906,48.095,85.021,0,0,NA,NA,NA,NA,6.307,NA,5.714,15.289,7.693
08/15/2024 06:00:00 AM,694.972,21.971,0.675,292.712,86.316,0.225,0,NA,NA,NA,NA,3.926,NA,5.614,24.324,10.387
08/15/2024 07:00:00 AM,695.252,22.257,0.916,93.066,80.179,39.601,0,NA,NA,NA,NA,4.827,NA,3.015,24.657,9.765
08/15/2024 08:00:00 AM,695.579,24.444,1.259,354.356,72.116,292.11,0,NA,NA,NA,NA,8.51,NA,2.626,26.108,10.429
08/15/2024 09:00:00 AM,695.703,26.978,1.213,326.451,66.646,736.116,0,NA,NA,NA,NA,29.13,NA,1.664,22.765,9.932
08/15/2024 10:00:00 AM,695.747,27.559,1.917,246.673,62.593,752.856,0,NA,NA,NA,NA,41.226,NA,1.106,19.456,8.889
08/15/2024 11:00:00 AM,695.503,28.607,3.294,15.172,62.275,1106.833,0,NA,NA,NA,NA,66.95,NA,0.305,17.482,8.323
08/15/2024 12:00:00 PM,695.279,29.467,4.31,5.827,63.52,934.534,0,NA,NA,NA,NA,65.876,NA,0.262,14.122,7.995
08/15/2024 01:00:00 PM,694.723,29.842,4.663,331.316,63.13,947.172,0,NA,NA,NA,NA,62.659,NA,0.291,14.211,8.462
08/15/2024 02:00:00 PM,694.032,29.922,4.738,325.167,60.512,828.046,0,NA,NA,NA,NA,61.168,NA,0.278,12.462,7.762
08/15/2024 03:00:00 PM,693.373,30.749,3.987,338.17,57.715,756.191,0,NA,NA,NA,NA,62.146,NA,0.262,10.784,7.515
08/15/2024 04:00:00 PM,692.977,30.806,4.601,334.311,60.687,417.004,0,NA,NA,NA,NA,69.9,NA,0.384,12.744,8.869
08/15/2024 05:00:00 PM,693.047,29.867,3.997,329.88,65.963,209.831,0,NA,NA,NA,NA,72.742,NA,0.336,16.854,11.449
08/15/2024 06:00:00 PM,693.372,28.563,3.383,331.747,71.347,78.573,0,NA,NA,NA,NA,70.927,NA,0.833,18.088,11.822
08/15/2024 07:00:00 PM,693.974,27.813,3.335,339.661,72.453,0.918,0,NA,NA,NA,NA,64.377,NA,1.216,17.828,13.246
08/15/2024 08:00:00 PM,694.34,27.027,2.419,347.218,76.259,0,0,NA,NA,NA,NA,60.085,NA,1.657,18.476,12.97
08/15/2024 09:00:00 PM,694.786,26.605,0.862,325.962,79.157,0,0,NA,NA,NA,NA,49.596,NA,2.244,24.406,14.263
08/15/2024 10:00:00 PM,695.08,25.911,1.564,57.475,80.413,0,0,NA,NA,NA,NA,33.935,NA,3.233,25.152,16.045
08/15/2024 11:00:00 PM,695.347,25.214,1.537,107.509,80.359,0,0,NA,NA,NA,NA,36.134,NA,2.097,20.151,12.939
08/16/2024 12:00:00 AM,695.362,24.746,1.292,108.376,79.359,0,0,NA,NA,NA,NA,33.03,NA,2.149,18.974,12.434
08/16/2024 01:00:00 AM,695.206,24.232,1.638,71.948,77.87,0,0,NA,NA,NA,NA,31.851,NA,1.42,14.443,10.104
08/16/2024 02:00:00 AM,694.943,23.987,1.793,113.192,76.225,0,0,NA,NA,NA,NA,28.839,NA,1.816,13.362,9.113
08/16/2024 03:00:00 AM,694.66,23.491,1.745,68.863,75.964,0,0,NA,NA,NA,NA,23.878,NA,1.875,13.785,8.883
08/16/2024 04:00:00 AM,694.485,23.193,0.972,86.628,74.754,0,0,NA,NA,NA,NA,23.462,NA,1.907,11.655,8.196
08/16/2024 05:00:00 AM,694.691,22.581,0.856,30.738,77.289,0,0,NA,NA,NA,NA,14.496,NA,3.465,14.377,9.361
08/16/2024 06:00:00 AM,695.535,22.501,1.788,112.39,75.071,0.547,0,NA,NA,NA,NA,12.991,NA,2.565,14.312,8.711
08/16/2024 07:00:00 AM,695.779,23.05,2.345,69.499,69.677,53.649,0,NA,NA,NA,NA,18.909,NA,1.454,13.871,7.669
08/16/2024 08:00:00 AM,696.477,24.335,1.474,55.103,68.647,218.966,0,NA,NA,NA,NA,13.208,NA,2.602,23.884,10.69
08/16/2024 09:00:00 AM,696.532,26.481,1.446,302.165,67.751,786.157,0,NA,NA,NA,NA,22.36,NA,5.257,34.189,14.756
08/16/2024 10:00:00 AM,695.869,27.561,1.757,276.834,68.21,1176.145,0,NA,NA,NA,NA,64.06,NA,4.261,26.993,15.236
08/16/2024 11:00:00 AM,695.269,29.352,2.459,261.71,61.42,999.711,0,NA,NA,NA,NA,80.288,NA,1.118,20.527,13.3
08/16/2024 12:00:00 PM,694.668,30.428,2.495,334.743,56.983,1226.153,0,NA,NA,NA,NA,85.663,NA,0.282,21.315,14.116
08/16/2024 01:00:00 PM,694.049,30.886,4.349,323.911,59.794,979.368,0,NA,NA,NA,NA,67.838,NA,0.455,19.569,12.201
08/16/2024 02:00:00 PM,693.707,30.357,5.685,313.093,63.787,871.61,0,NA,NA,NA,NA,58.232,NA,0.808,29.951,22.649
08/16/2024 03:00:00 PM,693.384,30.007,5.733,336.096,62.5,768.499,0,NA,NA,NA,NA,56.218,NA,0.955,23.844,18.595
08/16/2024 04:00:00 PM,693.116,29.421,4.618,339.515,66.586,375.05,0.2,NA,NA,NA,NA,63.61,NA,1.225,17.769,11.67
08/16/2024 05:00:00 PM,693.207,27.411,2.687,331.578,77.537,66.844,0.4,NA,NA,NA,NA,57.53,NA,1.513,20.448,13.295
08/16/2024 06:00:00 PM,693.547,26.517,1.961,255.373,73.129,22.007,0,NA,NA,NA,NA,45.049,NA,2.516,22.298,12.111
08/16/2024 07:00:00 PM,693.895,25.922,0.998,25.479,77.759,1.836,0,NA,NA,NA,NA,31.288,NA,3.027,21.927,12.471
08/16/2024 08:00:00 PM,694.447,25.184,1.083,285.687,81.891,0,0,NA,NA,NA,NA,11.413,NA,4.555,32.507,16.662
08/16/2024 09:00:00 PM,695.293,24.555,0.807,217.621,85.476,0,0,NA,NA,NA,NA,5.724,NA,6.808,42.38,20.283
08/16/2024 10:00:00 PM,695.964,24.489,1.09,85.723,84.706,0,0,NA,NA,NA,NA,6.604,NA,6.594,41.113,25.512
08/16/2024 11:00:00 PM,695.82,24.159,0.929,151.869,86.194,0,0,NA,NA,NA,NA,3.926,NA,7.205,41.309,26.683
08/17/2024 12:00:00 AM,695.447,23.237,0.909,339.135,92.342,0,0,NA,NA,NA,NA,3.926,NA,9.156,45.28,27.592
08/17/2024 01:00:00 AM,695.537,23.113,0.776,348.425,89.907,0,0,NA,NA,NA,NA,4.433,NA,5.746,31.533,19.839
08/17/2024 02:00:00 AM,695.429,23.684,1.452,68.248,79.191,0,0,NA,NA,NA,NA,15.553,NA,2.097,16.275,10.843
08/17/2024 03:00:00 AM,694.738,22.996,1.887,196.569,84.641,0,0,NA,NA,NA,NA,16.313,NA,3.854,17.009,9.937
08/17/2024 04:00:00 AM,695.594,22.125,1.401,305.645,90.41,0,0,NA,NA,NA,NA,7.125,NA,4.485,18.909,11.307
08/17/2024 05:00:00 AM,696.246,22.173,1.297,322.658,90.898,0,1.2,NA,NA,NA,NA,10.372,NA,3.183,18.627,11.682
08/17/2024 06:00:00 AM,696.363,21.862,1.357,352.907,92.972,0.177,13.399,NA,NA,NA,NA,5.894,NA,3.164,18.072,12.023
08/17/2024 07:00:00 AM,696.496,21.983,0.568,282.305,93.265,55.744,7,NA,NA,NA,NA,3.926,NA,2.776,19.763,13.095
08/17/2024 08:00:00 AM,696.805,22.553,1.408,12.809,91.49,192.978,0,NA,NA,NA,NA,6.006,NA,6.104,22.671,14.668
08/17/2024 09:00:00 AM,696.675,23.614,1.59,273.221,87.511,510.754,0,NA,NA,NA,NA,21.707,NA,4.58,23.147,14.472
08/17/2024 10:00:00 AM,696.275,25.748,2.344,263.813,78.483,1033.237,0,NA,NA,NA,NA,45.274,NA,3.001,29.665,17.359
08/17/2024 11:00:00 AM,695.819,28.142,2.232,339.988,65.686,913.564,0,NA,NA,NA,NA,67.754,NA,1.118,23.38,13.993
08/17/2024 12:00:00 PM,695.194,30.148,1.433,331.772,53.823,989.013,0,NA,NA,NA,NA,76.734,NA,0.833,16.577,11.058
08/17/2024 01:00:00 PM,694.403,31.712,2.912,326.713,48.165,936.699,0,NA,NA,NA,NA,79.499,NA,0.262,14.999,9.524
08/17/2024 02:00:00 PM,694.021,29.869,4.808,333.756,62.28,726.627,0,NA,NA,NA,NA,66.743,NA,0.262,12.805,8.506
08/17/2024 03:00:00 PM,693.581,29.603,3.874,315.313,66.693,889.655,0,NA,NA,NA,NA,59.202,NA,0.263,12.936,7.835
08/17/2024 04:00:00 PM,693.307,28.902,4.287,290.104,67.744,406.193,0,NA,NA,NA,NA,70.347,NA,0.645,11.636,7.718
08/17/2024 05:00:00 PM,693.24,28.672,4.378,318.928,69.014,282.46,0,NA,NA,NA,NA,70.895,NA,0.595,13.04,8.133
08/17/2024 06:00:00 PM,693.437,27.779,4.885,330.822,70.74,92.348,0,NA,NA,NA,NA,66.958,NA,0.785,13.382,8.292
08/17/2024 07:00:00 PM,693.993,26.653,2.453,332.125,73.587,3.286,0,NA,NA,NA,NA,58.893,NA,1.216,16.508,9.606
08/17/2024 08:00:00 PM,694.483,26.125,1.072,291.805,75.985,0,0,NA,NA,NA,NA,44.467,NA,1.624,22.097,12.3
08/17/2024 09:00:00 PM,695.033,25.703,0.857,12.019,77.722,0,0,NA,NA,NA,NA,18.895,NA,2.928,33.061,16.427
08/17/2024 10:00:00 PM,695.531,25.084,0.766,292.536,80.111,0,0,NA,NA,NA,NA,11.559,NA,3.536,35.178,17.507
08/17/2024 11:00:00 PM,695.661,24.866,0.793,121.047,81.053,0,0,NA,NA,NA,NA,9.997,NA,5.67,33.541,17.66
08/18/2024 12:00:00 AM,695.883,24.333,0.878,22.212,84.493,0,0,NA,NA,NA,NA,5.154,NA,19.56,42.918,22.309
08/18/2024 01:00:00 AM,695.885,23.657,0.903,85.747,86.784,0,0,NA,NA,NA,NA,3.926,NA,15.276,41.852,22.164
08/18/2024 02:00:00 AM,695.572,23.141,0.659,39.289,87.912,0,0,NA,NA,NA,NA,3.926,NA,11.791,36.402,20.242
08/18/2024 03:00:00 AM,695.344,22.403,1.149,359.98,89.189,0,0,NA,NA,NA,NA,3.926,NA,11.745,31.155,16.73
08/18/2024 04:00:00 AM,695.511,22.661,1.206,129.55,84.09,0,0,NA,NA,NA,NA,4.584,NA,6.788,22.712,13.438
08/18/2024 05:00:00 AM,695.608,22.481,1.316,72.428,80.729,0,0,NA,NA,NA,NA,13.29,NA,2.656,15.991,9.74
08/18/2024 06:00:00 AM,695.536,21.73,1.21,36.345,79.861,0.177,0,NA,NA,NA,NA,12.496,NA,2.119,12.069,7.795
08/18/2024 07:00:00 AM,695.758,21.62,1.086,92.32,80.843,25.181,0,NA,NA,NA,NA,8.28,NA,5.988,16.101,9.462
08/18/2024 08:00:00 AM,696.117,22.554,1.237,1.021,79.52,138.636,0,NA,NA,NA,NA,7.389,NA,6.882,24.585,14.341
08/18/2024 09:00:00 AM,696.278,24.524,1.152,32.116,73.416,761.378,0,NA,NA,NA,NA,20.283,NA,3.8,23.99,14.646
08/18/2024 10:00:00 AM,696.042,27.289,1.332,337.837,65.294,1178.125,0,NA,NA,NA,NA,57.875,NA,2.449,37.451,22.954
08/18/2024 11:00:00 AM,695.674,28.786,1.911,315.205,57.22,1081.627,0,NA,NA,NA,NA,93.194,NA,0.758,25.481,16.072
08/18/2024 12:00:00 PM,695.118,29.682,2.997,311.731,57.24,1056.584,0,NA,NA,NA,NA,84.12,NA,0.357,20.693,10.777
08/18/2024 01:00:00 PM,694.417,29.79,3.829,299.611,59.032,1058.572,0,NA,NA,NA,NA,69.946,NA,0.262,16.498,9.854
08/18/2024 02:00:00 PM,693.966,29.53,4.515,313.756,60.376,655.722,0,NA,NA,NA,NA,67.047,NA,0.443,16.073,10.351
08/18/2024 03:00:00 PM,693.574,29.606,4.267,332.151,60.066,604.255,0,NA,NA,NA,NA,68.336,NA,0.37,14.667,10.264
08/18/2024 04:00:00 PM,693.192,28.604,3.907,355.072,65.082,168.522,0,NA,NA,NA,NA,70.412,NA,0.977,14.915,10.46
08/18/2024 05:00:00 PM,692.978,28.602,2.69,340.424,68.172,207.059,0,NA,NA,NA,NA,70.876,NA,0.86,15.244,9.486
08/18/2024 06:00:00 PM,693.087,28.129,2.911,304.233,70.571,100.732,0,NA,NA,NA,NA,69.935,NA,0.704,15.592,9.396
08/18/2024 07:00:00 PM,693.479,26.779,2.378,331.295,75.123,6.396,0,NA,NA,NA,NA,64.877,NA,1.368,16.871,9.697
08/18/2024 08:00:00 PM,694.37,26.141,0.911,301.231,77.68,0,0,NA,NA,NA,NA,52.057,NA,1.793,18.897,10.594
08/18/2024 09:00:00 PM,694.957,25.633,1.325,80.401,79.151,0,0,NA,NA,NA,NA,31.525,NA,3.08,22.5,13.155
08/18/2024 10:00:00 PM,695.29,25.163,1.255,73.729,79.372,0,0,NA,NA,NA,NA,31.155,NA,2.915,21.128,11.99
08/18/2024 11:00:00 PM,695.757,24.42,1.358,78.751,76.893,0,0,NA,NA,NA,NA,32.84,NA,2.751,21.03,11.796
08/19/2024 12:00:00 AM,695.783,24.068,1.737,73.847,72.744,0,-999,NA,NA,NA,NA,37.63,NA,2.319,14.147,9.104
08/19/2024 01:00:00 AM,695.508,24.065,1.182,97.598,69.667,0,-999,NA,NA,NA,NA,38.649,NA,2.658,13.352,8.222
08/19/2024 02:00:00 AM,695.069,23.628,0.855,264.789,73.24,0,-999,NA,NA,NA,NA,28.513,NA,4.145,16.308,9.745
08/19/2024 03:00:00 AM,694.828,23.24,0.866,313.651,74.766,0,-999,NA,NA,NA,NA,17.678,NA,5.94,17.578,10.646
08/19/2024 04:00:00 AM,694.63,22.16,1.01,92.248,82.22,0,-999,NA,NA,NA,NA,5.253,NA,9.508,23.832,13.589
08/19/2024 05:00:00 AM,694.632,21.947,1.086,358.243,76.709,0,-999,NA,NA,NA,NA,19.396,NA,5.471,15.34,9.642
08/19/2024 06:00:00 AM,694.904,21.882,0.958,117.398,77.89,0.08,-999,NA,NA,NA,NA,13.512,NA,5.211,16.166,9.475
08/19/2024 07:00:00 AM,695.066,21.522,0.805,52.341,82.926,35.106,-999,NA,NA,NA,NA,3.926,NA,7.551,26.753,12.478
08/19/2024 08:00:00 AM,695.332,21.842,0.929,37.866,83.274,130.274,-999,NA,NA,NA,NA,3.926,NA,8.073,30.235,15.527
08/19/2024 09:00:00 AM,695.525,24.111,1.22,317.178,77.123,541.235,-999,NA,NA,NA,NA,6.65,NA,8.495,40.718,20.059
08/19/2024 10:00:00 AM,695.805,27.028,1.677,336.21,69.724,896.986,-999,NA,NA,NA,NA,38.639,NA,4.86,41.129,20.686
08/19/2024 11:00:00 AM,695.723,28.104,2.665,354.175,64.242,822.421,-999,NA,NA,NA,NA,69.445,NA,1.989,26.157,15.423
08/19/2024 12:00:00 PM,695.311,28.671,2.659,345.393,64.218,530.651,-999,NA,NA,NA,NA,65.669,NA,1.419,19.984,12.078
08/19/2024 01:00:00 PM,694.901,28.497,2.72,292.591,68.11,349.772,-999,NA,NA,NA,NA,61.769,NA,1.679,20.264,11.389
08/19/2024 02:00:00 PM,694.336,28.753,2.506,294.778,66.148,375.131,-999,NA,NA,NA,NA,59.677,NA,1.958,19.941,11.516
08/19/2024 03:00:00 PM,693.856,29.449,3.656,347.618,59.649,632.257,-999,NA,NA,NA,NA,65.525,NA,1.862,16.139,11.657
08/19/2024 04:00:00 PM,693.297,29.669,4.49,356.664,58.399,316.003,-999,NA,NA,NA,NA,66.1,NA,1.925,16.474,11.539
08/19/2024 05:00:00 PM,693.099,29.715,3.325,359.244,57.686,170.213,-999,NA,NA,NA,NA,64.84,NA,1.773,16.404,11.125
08/19/2024 06:00:00 PM,693.259,29.048,2.675,334.195,64.515,65.685,-999,NA,NA,NA,NA,68.534,NA,1.77,23.459,16.23
08/19/2024 07:00:00 PM,693.798,27.434,2.147,325.313,73.257,1.53,-999,NA,NA,NA,NA,72.322,NA,2.397,31.134,22.38
08/19/2024 08:00:00 PM,694.532,26.954,1.07,281.984,75.717,0,-999,NA,NA,NA,NA,60.901,NA,3.244,38.913,24.598
08/19/2024 09:00:00 PM,695.191,26.535,1.484,30.06,74.166,0,-999,NA,NA,NA,NA,46.798,NA,3.751,41.421,28.028
08/19/2024 10:00:00 PM,695.622,25.727,1.327,30.201,75.63,0,-999,NA,NA,NA,NA,37.912,NA,3.434,32.725,21.988
08/19/2024 11:00:00 PM,696.073,25.338,1.155,44.947,76.778,0,-999,NA,NA,NA,NA,33.911,NA,3.649,27.381,19.836
08/20/2024 12:00:00 AM,695.906,24.775,0.908,49.909,79.076,0,-999,NA,NA,NA,NA,18.543,NA,3.817,27.565,19.194
08/20/2024 01:00:00 AM,695.377,24.004,0.557,17.945,82.456,0,-999,NA,NA,NA,NA,10.591,NA,3.814,30.483,21.854
08/20/2024 02:00:00 AM,695.17,23.674,1.174,321.725,80.144,0,-999,NA,NA,NA,NA,15.842,NA,2.478,23.232,16.608
08/20/2024 03:00:00 AM,694.967,23.536,1.372,92.563,77.765,0,-999,NA,NA,NA,NA,18.465,NA,2.6,18.205,13.088
08/20/2024 04:00:00 AM,694.579,22.886,0.865,135.447,80.707,0,-999,NA,NA,NA,NA,7.916,NA,3.048,20.305,14.406
08/20/2024 05:00:00 AM,694.468,22.6,0.947,52.937,81.431,0,-999,NA,NA,NA,NA,7.565,NA,3.976,21.895,15.812
08/20/2024 06:00:00 AM,694.895,22.182,1.024,72.657,84.787,0.563,-999,NA,NA,NA,NA,4.369,NA,5.785,28.138,18.581
08/20/2024 07:00:00 AM,695.315,22.045,1.122,269.253,85,43.467,-999,NA,NA,NA,NA,4.897,NA,5.863,35.318,21.141
08/20/2024 08:00:00 AM,695.639,25.055,1.863,104.442,66.899,208.01,-999,NA,NA,NA,NA,18.941,NA,2.655,23.395,13.19
08/20/2024 09:00:00 AM,695.874,26.194,1.774,26.859,66.608,666.709,-999,NA,NA,NA,NA,26.664,NA,1.445,30.75,14.028
08/20/2024 10:00:00 AM,695.803,28.73,1.462,322.028,60.181,1182.655,-999,NA,NA,NA,NA,-999,NA,-999,28.964,15.467
08/20/2024 11:00:00 AM,695.342,29.766,2.541,316.566,57.591,1102.312,-999,NA,NA,NA,NA,-999,NA,-999,23.442,14.027
08/20/2024 12:00:00 PM,695.06,30.446,3.957,341.609,60.624,1058.305,-999,NA,NA,NA,NA,-999,NA,2.413,23.961,14.624
08/20/2024 01:00:00 PM,694.71,30.066,3.781,335.432,61.457,531.537,-999,NA,NA,NA,NA,72.703,NA,3.006,21.844,13.511
08/20/2024 02:00:00 PM,694.213,29.475,4.554,329.114,63.746,382.848,-999,NA,NA,NA,NA,64.087,NA,4.01,21.405,13.64
08/20/2024 03:00:00 PM,693.717,29.166,4.713,8.993,68.17,780.795,-999,NA,NA,NA,NA,63.192,NA,4.394,23.285,16.535
08/20/2024 04:00:00 PM,693.405,28.4,5.157,350.242,70.33,360.244,-999,NA,NA,NA,NA,61.878,NA,4.177,22.516,15.091
08/20/2024 05:00:00 PM,693.613,25.876,2.099,315.438,73.27,104.142,-999,NA,NA,NA,NA,54.787,NA,4.335,21.565,15.011
08/20/2024 06:00:00 PM,693.639,25.708,1.409,16.909,73.855,25.938,-999,NA,NA,NA,NA,40.603,NA,4.933,22.533,12.078
08/20/2024 07:00:00 PM,693.982,25.304,0.896,191.171,76.09,1.385,-999,NA,NA,NA,NA,22.213,NA,5.227,33.632,15.409
08/20/2024 08:00:00 PM,694.474,24.905,0.937,32.92,77.557,0,-999,NA,NA,NA,NA,18.555,NA,6.33,36.182,18.504
08/20/2024 09:00:00 PM,694.846,24.718,1.151,66.75,77.201,0,-999,NA,NA,NA,NA,18.104,NA,5.84,34.86,16.826
08/20/2024 10:00:00 PM,695.337,24.163,0.779,347.408,81.373,0,-999,NA,NA,NA,NA,5.528,NA,10.81,44.036,20.21
08/20/2024 11:00:00 PM,695.874,23.92,0.911,48.308,82.328,0,-999,NA,NA,NA,NA,7.531,NA,8.496,37.998,19.484
08/21/2024 12:00:00 AM,695.625,23.644,0.795,35.499,80.263,0,-999,NA,NA,NA,NA,13.165,NA,6.81,26.488,14.917
08/21/2024 01:00:00 AM,695.313,23.149,1.04,61.779,81.61,0,-999,NA,NA,NA,NA,5.588,NA,5.659,22.818,13.868
08/21/2024 02:00:00 AM,695.022,23.092,1.248,58.403,80.464,0,-999,NA,NA,NA,NA,9.698,NA,7.339,24.954,14.977
08/21/2024 03:00:00 AM,694.991,21.937,0.78,94.51,88.596,0,-999,NA,NA,NA,NA,3.926,NA,11.383,28.948,18.185
08/21/2024 04:00:00 AM,694.829,21.554,0.945,0.134,89.559,0,-999,NA,NA,NA,NA,3.926,NA,11.588,29.19,18.81
08/21/2024 05:00:00 AM,695.052,21.708,1.113,98.888,86.301,0,-999,NA,NA,NA,NA,4.71,NA,9.232,26.549,16.913
08/21/2024 06:00:00 AM,694.685,22.323,0.958,158.1,79.737,0.869,-999,NA,NA,NA,NA,5.681,NA,4.379,23.616,13.346
08/21/2024 07:00:00 AM,694.675,22.708,0.887,25.246,80.921,51.458,-999,NA,NA,NA,NA,3.926,NA,5.714,36.507,19.714
08/21/2024 08:00:00 AM,695.023,23.543,1.337,7.08,78.309,199.938,-999,NA,NA,NA,NA,5.972,NA,7.688,46.292,24.24
08/21/2024 09:00:00 AM,695.554,25.949,1.909,288.98,73.334,822.746,-999,NA,NA,NA,NA,29.371,NA,4.205,41.806,23.793
08/21/2024 10:00:00 AM,695.64,26.756,2.897,73.874,70.675,502.751,-999,NA,NA,NA,NA,48.746,NA,1.237,31.092,17.773
08/21/2024 11:00:00 AM,695.71,26.778,3.606,344.312,75.048,850.941,-999,NA,NA,NA,NA,58.052,NA,0.466,24.344,15.5
08/21/2024 12:00:00 PM,695.201,28.983,2.019,325.128,66.64,1010.763,-999,NA,NA,NA,NA,67.678,NA,0.376,22.821,14.794
08/21/2024 01:00:00 PM,694.319,29.431,3.54,276.971,63.511,795.018,-999,NA,NA,NA,NA,65.29,NA,0.286,22.417,12.714
08/21/2024 02:00:00 PM,693.724,29.961,4.986,332.979,62.11,879.49,-999,NA,NA,NA,NA,62.615,NA,0.722,19.359,12.751
08/21/2024 03:00:00 PM,693.168,29.67,4.181,355.673,60.876,556.558,-999,NA,NA,NA,NA,60.29,NA,0.815,17.859,11.613
08/21/2024 04:00:00 PM,692.687,29.774,4.377,355.278,60.455,285.472,-999,NA,NA,NA,NA,58.724,NA,0.989,17.138,11.137
08/21/2024 05:00:00 PM,692.544,29.28,4.326,343.963,63.064,222.204,-999,NA,NA,NA,NA,64.635,NA,0.84,17.547,11.894
08/21/2024 06:00:00 PM,692.558,28.432,4.62,347.726,68.363,53.037,-999,NA,NA,NA,NA,72.501,NA,0.941,20.301,13.159
08/21/2024 07:00:00 PM,693.257,27.3,3.447,335.463,75.375,0.934,-999,NA,NA,NA,NA,62.207,NA,1.126,21.827,13.595
08/21/2024 08:00:00 PM,693.765,26.57,2.647,330.279,74.606,0,-999,NA,NA,NA,NA,55.905,NA,1.892,22.122,13.699
08/21/2024 09:00:00 PM,694.693,25.299,1.695,54.435,81.07,0,-999,NA,NA,NA,NA,36.445,NA,2.443,23.66,14.489
08/21/2024 10:00:00 PM,695.415,23.085,1.688,75.741,87.748,0,-999,NA,NA,NA,NA,35.762,NA,1.989,17.955,12.419
08/21/2024 11:00:00 PM,695.47,23.217,1.705,78.023,85.337,0,-999,NA,NA,NA,NA,31.418,NA,2.572,18.201,12.12
08/22/2024 12:00:00 AM,694.759,22.809,1.32,151.007,86.797,0,-999,NA,NA,NA,NA,21.141,NA,3.085,19.512,12.859
08/22/2024 01:00:00 AM,694.954,22.553,1.759,179.225,88.279,0,-999,NA,NA,NA,NA,21.837,NA,2.805,21.161,14.457
08/22/2024 02:00:00 AM,695.181,22.43,1.648,310.858,87.908,0,-999,NA,NA,NA,NA,24.867,NA,3.643,18.885,12.703
08/22/2024 03:00:00 AM,694.895,22.263,1.119,187.014,87.526,0,-999,NA,NA,NA,NA,31.063,NA,1.661,15.822,9.619
08/22/2024 04:00:00 AM,694.998,21.863,1.318,0.323,88.874,0,-999,NA,NA,NA,NA,17.532,NA,1.737,15.632,10.524
08/22/2024 05:00:00 AM,695.074,22.13,1.206,232.916,87.384,0,-999,NA,NA,NA,NA,18.945,NA,2.416,15.379,9.793
08/22/2024 06:00:00 AM,694.687,22.154,1.102,167.669,87.048,0.66,-999,NA,NA,NA,NA,10.111,NA,1.776,16.327,10.412
08/22/2024 07:00:00 AM,694.572,22.398,1.792,187.777,85.753,40.148,-999,NA,NA,NA,NA,11.981,NA,2.737,21.132,10.263
08/22/2024 08:00:00 AM,694.878,22.457,1.001,17.084,88.408,167.217,-999,NA,NA,NA,NA,3.951,NA,6.004,30.663,15.435
08/22/2024 09:00:00 AM,695.039,24.34,1.082,331.406,82.682,546.102,-999,NA,NA,NA,NA,14.693,NA,5.082,36.262,17.803
08/22/2024 10:00:00 AM,694.995,26.467,1.457,261.833,73.44,1112.033,-999,NA,NA,NA,NA,42.608,NA,2.728,37.79,17.868
08/22/2024 11:00:00 AM,694.576,28.873,1.742,334.274,60.341,1072.353,-999,NA,NA,NA,NA,77.514,NA,0.414,23.576,12.302
08/22/2024 12:00:00 PM,693.895,30.231,2.57,308.389,52.868,1268.365,-999,NA,NA,NA,NA,100.896,NA,0.262,15.994,8.611
08/22/2024 01:00:00 PM,693.492,30.406,5.205,333.648,54.878,1145.98,-999,NA,NA,NA,NA,82.807,NA,0.262,13.143,7.02
08/22/2024 02:00:00 PM,692.966,30.496,5.786,341.99,57.347,1062.093,-999,NA,NA,NA,NA,77.322,NA,0.262,9.927,5.95
08/22/2024 03:00:00 PM,692.455,29.862,6.319,330.871,60.764,974.134,-999,NA,NA,NA,NA,78.093,NA,0.262,10.517,6.02
08/22/2024 04:00:00 PM,692.346,29.417,4.767,336.273,62.485,453.495,-999,NA,NA,NA,NA,80.312,NA,0.262,9.79,6.145
08/22/2024 05:00:00 PM,692.474,29.115,4.733,331.535,65.578,329.472,-999,NA,NA,NA,NA,79.34,NA,0.262,11.584,7.311
08/22/2024 06:00:00 PM,692.689,28.446,3.751,329.276,71.168,138.748,-999,NA,NA,NA,NA,70.966,NA,0.304,14.983,9.518
08/22/2024 07:00:00 PM,693.165,26.861,3.117,332.553,77.809,5.606,-999,NA,NA,NA,NA,66.353,NA,0.405,14.889,8.554
08/22/2024 08:00:00 PM,693.745,26.372,1.758,300.35,80.693,0,-999,NA,NA,NA,NA,52.057,NA,1.564,16.795,10.283
08/22/2024 09:00:00 PM,694.52,25.936,2.23,18.699,82.086,0,-999,NA,NA,NA,NA,47.428,NA,1.317,15.161,10.24
08/22/2024 10:00:00 PM,695.359,25.198,2.139,334.207,85.578,0,-999,NA,NA,NA,NA,51.302,NA,1.617,15.269,10.067
08/22/2024 11:00:00 PM,695.689,24.599,1.966,29.108,89.24,0,-999,NA,NA,NA,NA,47.493,NA,2.035,13.469,9.287
08/23/2024 12:00:00 AM,695.728,24.281,1.084,55.13,90.314,0,-999,NA,NA,NA,NA,46.117,NA,1.187,14.542,9.714
08/23/2024 01:00:00 AM,695.542,24.051,1.156,59.046,87.151,0,-999,NA,NA,NA,NA,36.211,NA,0.47,13.133,9.115
08/23/2024 02:00:00 AM,695.2,24.002,0.961,102.183,81.552,0,-999,NA,NA,NA,NA,32.15,NA,0.262,13.664,8.847
08/23/2024 03:00:00 AM,694.859,23.593,0.752,353.071,82.488,0,-999,NA,NA,NA,NA,27.767,NA,1.823,14.37,9.561
08/23/2024 04:00:00 AM,695.037,22.973,1.002,138.031,84.943,0,-999,NA,NA,NA,NA,12.683,NA,3.045,15.638,10.345
08/23/2024 05:00:00 AM,695.165,22.657,1.368,117.505,80.993,0,-999,NA,NA,NA,NA,18.085,NA,0.669,12.223,8.815
08/23/2024 06:00:00 AM,695.289,22.359,1.674,89.051,77.168,0.112,-999,NA,NA,NA,NA,15.418,NA,0.262,12.589,8.492
08/23/2024 07:00:00 AM,695.695,22.289,1.391,89.593,76.823,74.481,-999,NA,NA,NA,NA,8.931,NA,0.37,15.922,9.319
08/23/2024 08:00:00 AM,696.148,24.424,1.389,54.867,69.602,332.883,-999,NA,NA,NA,NA,13.527,NA,0.262,19.556,9.846
08/23/2024 09:00:00 AM,696.468,25.697,1.567,288.683,71.023,587.008,-999,NA,NA,NA,NA,29.101,NA,0.76,24.838,11.301
08/23/2024 10:00:00 AM,696.123,26.658,2.067,259.266,68.975,1125.825,-999,NA,NA,NA,NA,61.816,NA,0.274,18.436,10.064
08/23/2024 11:00:00 AM,695.614,29.197,2.044,317.726,58.687,1116.33,-999,NA,NA,NA,NA,81.982,NA,0.262,25.037,10.83
08/23/2024 12:00:00 PM,694.976,29.986,3.121,300.882,58.293,1235.109,-999,NA,NA,NA,NA,84.869,NA,0.262,16.207,8.562
08/23/2024 01:00:00 PM,694.419,28.874,5.174,320.729,67.368,700.111,-999,NA,NA,NA,NA,64.203,NA,0.262,12.299,6.299
08/23/2024 02:00:00 PM,693.783,27.409,5.122,330.787,72.347,443.716,-999,NA,NA,NA,NA,58.813,NA,0.262,9.85,5.659
08/23/2024 03:00:00 PM,693.393,27.635,4.537,321.289,72.526,842.371,-999,NA,NA,NA,NA,58.651,NA,0.262,10.795,5.701
08/23/2024 04:00:00 PM,693.223,26.894,4.18,318.963,76.088,246.064,-999,NA,NA,NA,NA,55.353,NA,0.327,11.111,6.319
08/23/2024 05:00:00 PM,693.319,26.727,2.9,341.252,75.674,142.196,-999,NA,NA,NA,NA,53.931,NA,0.262,11.936,6.405
08/23/2024 06:00:00 PM,694.385,25.234,2.211,325.006,79.562,17.238,-999,NA,NA,NA,NA,42.321,NA,0.265,11.539,6.042
08/23/2024 07:00:00 PM,694.858,21.873,1.289,68.184,92.558,0.87,-999,NA,NA,NA,NA,12.029,NA,1.51,16.522,6.867
08/23/2024 08:00:00 PM,695.173,21.966,1.943,68.393,92.502,0,-999,NA,NA,NA,NA,7.813,NA,3.963,22.789,9.505
08/23/2024 09:00:00 PM,695.342,21.946,1.437,89.901,92.794,0,-999,NA,NA,NA,NA,4.603,NA,2.216,23.272,8.702
08/23/2024 10:00:00 PM,695.814,21.906,1.045,326.721,93.937,0,-999,NA,NA,NA,NA,3.926,NA,4.393,32.675,13.396
08/23/2024 11:00:00 PM,695.964,21.656,1.121,65.643,93.217,0,-999,NA,NA,NA,NA,3.926,NA,1.707,18.018,8.205
08/24/2024 12:00:00 AM,696.414,21.604,1.45,270.424,92.758,0,-999,NA,NA,NA,NA,3.926,NA,1.568,17.751,8.127
08/24/2024 01:00:00 AM,695.987,21.337,0.841,77.426,94.045,0,-999,NA,NA,NA,NA,3.926,NA,3.288,20.716,9.794
08/24/2024 02:00:00 AM,695.571,20.976,0.927,331.335,95.036,0,-999,NA,NA,NA,NA,3.926,NA,4.034,20.157,9.262
08/24/2024 03:00:00 AM,695.459,20.845,1.176,260.916,95.331,0,-999,NA,NA,NA,NA,3.926,NA,4.754,22.545,11.998
08/24/2024 04:00:00 AM,695.608,20.461,1.023,111.025,94.705,0,-999,NA,NA,NA,NA,3.926,NA,3.289,19.429,9.984
08/24/2024 05:00:00 AM,695.623,20.407,1.068,102.125,94.491,0,-999,NA,NA,NA,NA,3.926,NA,3.956,27.045,15.25
08/24/2024 06:00:00 AM,695.558,20.119,1.076,177.805,96.397,1.047,-999,NA,NA,NA,NA,3.926,NA,5.419,35.117,23.352
08/24/2024 07:00:00 AM,695.729,20.365,0.982,178.292,93.99,52.683,-999,NA,NA,NA,NA,3.926,NA,3.849,26.265,15.356
08/24/2024 08:00:00 AM,696.113,23.086,1.246,326.996,83.887,258.84,-999,NA,NA,NA,NA,4.726,NA,3.155,22.225,12.01
08/24/2024 09:00:00 AM,696.164,23.993,1.952,250.156,82.253,800.287,-999,NA,NA,NA,NA,17.478,NA,2.482,19.711,9.805
08/24/2024 10:00:00 AM,695.795,26.611,1.63,79.203,70.814,1000.691,-999,NA,NA,NA,NA,39.027,NA,3.455,20.858,9.051
08/24/2024 11:00:00 AM,695.172,28.629,1.623,281.493,58.173,1052.892,-999,NA,NA,NA,NA,63.925,NA,1.403,12.06,5.774
08/24/2024 12:00:00 PM,694.832,29.103,3.938,326.618,63.255,860.526,-999,NA,NA,NA,NA,71.819,NA,0.418,13.462,6.661
08/24/2024 01:00:00 PM,694.687,27.969,4.95,329.881,71.363,642.06,-999,NA,NA,NA,NA,65.019,NA,0.581,13.065,7.204
08/24/2024 02:00:00 PM,694.327,27.999,4.084,335.411,69.435,536.049,-999,NA,NA,NA,NA,57.925,NA,0.98,11.104,6.225
08/24/2024 03:00:00 PM,693.748,28.279,4.958,339.269,68.146,615.012,-999,NA,NA,NA,NA,58.334,NA,0.944,8.394,5.182
08/24/2024 04:00:00 PM,693.197,28,5.524,336.052,68.439,301.696,-999,NA,NA,NA,NA,59.983,NA,1.157,8.896,5.19
08/24/2024 05:00:00 PM,693.213,28.396,2.875,331.662,66.319,208.107,-999,NA,NA,NA,NA,61.284,NA,1.244,8.482,5.541
08/24/2024 06:00:00 PM,694.174,23.639,1.671,126.495,88.159,5.989,-999,NA,NA,NA,NA,31.253,NA,1.88,15.035,8.172
08/24/2024 07:00:00 PM,694.84,22.984,0.738,150.264,91.752,0.128,-999,NA,NA,NA,NA,16.867,NA,2.453,22.66,11.478
08/24/2024 08:00:00 PM,695.243,22.505,2.369,274.929,89.116,0,-999,NA,NA,NA,NA,19.588,NA,2.625,15.742,7.088
08/24/2024 09:00:00 PM,695.646,22.661,1.716,195.444,86.755,0,-999,NA,NA,NA,NA,11.935,NA,3.549,17.289,7.024
08/24/2024 10:00:00 PM,695.831,22.69,1.197,25.251,87.408,0,-999,NA,NA,NA,NA,6.58,NA,3.217,22.51,9.919
08/24/2024 11:00:00 PM,696.087,22.166,1.381,211.869,89.56,0,-999,NA,NA,NA,NA,7.004,NA,5.793,19.413,9.117
08/25/2024 12:00:00 AM,696.326,21.36,1.183,16.923,94.352,0,-999,NA,NA,NA,NA,3.926,NA,6.794,23.467,10.652
08/25/2024 01:00:00 AM,695.834,21.229,0.913,245.003,93.107,0,-999,NA,NA,NA,NA,3.96,NA,2.405,16.656,8.302
08/25/2024 02:00:00 AM,695.434,21.047,0.831,310.691,91.277,0,-999,NA,NA,NA,NA,4.254,NA,1.66,13.544,6.223
08/25/2024 03:00:00 AM,695.507,20.927,1.171,12.5,90.738,0,-999,NA,NA,NA,NA,3.926,NA,1.808,13.803,6.59
08/25/2024 04:00:00 AM,695.462,20.782,1.013,222.852,91.961,0,-999,NA,NA,NA,NA,4.523,NA,2.323,13.791,6.573
08/25/2024 05:00:00 AM,695.75,20.855,1.036,340.265,91.825,0,-999,NA,NA,NA,NA,3.926,NA,2.409,17.308,8.33
08/25/2024 06:00:00 AM,696.226,20.663,0.795,338.553,91.22,0,-999,NA,NA,NA,NA,3.926,NA,2.284,17.335,7.938
08/25/2024 07:00:00 AM,696.334,20.564,0.995,113.274,91.446,33.043,-999,NA,NA,NA,NA,3.926,NA,3.42,18.288,8.113
08/25/2024 08:00:00 AM,696.732,21.55,1.27,111.666,89.643,141.81,-999,NA,NA,NA,NA,3.926,NA,3.523,23.485,10.96
08/25/2024 09:00:00 AM,697.224,22.567,1.95,254.427,88.658,342.103,-999,NA,NA,NA,NA,9.141,NA,2.718,19.738,9.741
08/25/2024 10:00:00 AM,697.686,23.617,1.274,258.587,86.096,231.146,-999,NA,NA,NA,NA,11.317,NA,2.476,23.151,12.81
08/25/2024 11:00:00 AM,698.013,24.357,0.865,335.537,84.717,246.822,-999,NA,NA,NA,NA,10.95,NA,3.18,29.933,16.473
08/25/2024 12:00:00 PM,697.603,25.661,1.195,357.295,78.045,647.553,-999,NA,NA,NA,NA,22.141,NA,1.36,23.216,13.741
08/25/2024 01:00:00 PM,696.439,26.582,1.701,351.49,74.45,709.194,-999,NA,NA,NA,NA,48.411,NA,0.93,21.09,12.99
08/25/2024 02:00:00 PM,695.675,26.663,3.09,271.498,74.389,479.643,-999,NA,NA,NA,NA,74.217,NA,0.957,17.953,11.04
08/25/2024 03:00:00 PM,695.274,25.606,4.504,335.269,80.708,404.098,-999,NA,NA,NA,NA,53.032,NA,0.3,14.884,9.715
08/25/2024 04:00:00 PM,694.82,25.168,3.352,331.739,82.413,259.195,-999,NA,NA,NA,NA,48.055,NA,0.526,11.51,7.643
08/25/2024 05:00:00 PM,694.767,25.436,2.709,332.727,80.277,219.288,-999,NA,NA,NA,NA,45.756,NA,0.85,10.968,6.379
08/25/2024 06:00:00 PM,695.144,24.907,1.914,339.032,81.574,39.311,-999,NA,NA,NA,NA,38.686,NA,1.362,11.223,6.076
08/25/2024 07:00:00 PM,695.73,24.284,1.66,11.285,84.466,0.724,-999,NA,NA,NA,NA,28.669,NA,1.416,11.507,6.521
08/25/2024 08:00:00 PM,696.137,23.842,0.961,39.664,87.116,0,-999,NA,NA,NA,NA,18.515,NA,1.593,15.366,9.691
08/25/2024 09:00:00 PM,696.733,23.46,1.022,45.014,88.837,0,-999,NA,NA,NA,NA,11.842,NA,1.748,17.122,9.071
08/25/2024 10:00:00 PM,697.324,23.265,0.97,60.551,88.599,0,-999,NA,NA,NA,NA,10.406,NA,1.662,15.698,8.421
08/25/2024 11:00:00 PM,697.558,23.097,1.022,116.126,88.088,0,-999,NA,NA,NA,NA,7.478,NA,1.822,14.306,7.517
08/26/2024 12:00:00 AM,697.208,22.667,1.313,119.401,87.954,0,0,NA,NA,NA,NA,9.767,NA,1.379,12.401,6.163
08/26/2024 01:00:00 AM,697.138,22.601,1.006,110.428,87.689,0,0,NA,NA,NA,NA,7.554,NA,1.473,11.952,5.682
08/26/2024 02:00:00 AM,696.941,22.46,0.985,123.714,88.862,0,0,NA,NA,NA,NA,5.989,NA,3.775,13.154,6.17
08/26/2024 03:00:00 AM,696.457,22.243,0.705,4.554,91.471,0,0,NA,NA,NA,NA,3.926,NA,5.677,15.502,7.263
08/26/2024 04:00:00 AM,696.149,22.001,0.678,18.494,95.071,0,0,NA,NA,NA,NA,3.926,NA,10.973,20.676,9.429
08/26/2024 05:00:00 AM,696.244,21.705,0.772,29.414,96.231,0,38.4,NA,NA,NA,NA,3.926,NA,7.862,21.892,10.318
08/26/2024 06:00:00 AM,696.443,21.588,0.741,265.052,96.391,0.354,0,NA,NA,NA,NA,3.926,NA,7.048,22.877,10.939
08/26/2024 07:00:00 AM,696.716,21.371,0.753,45.483,95.396,30.659,0,NA,NA,NA,NA,3.926,NA,3.48,22.162,9.758
08/26/2024 08:00:00 AM,697.101,22.313,0.847,341.248,89.925,159.403,0,NA,NA,NA,NA,3.926,NA,2.035,20.929,9.231
08/26/2024 09:00:00 AM,697.49,23.968,1.036,282.216,85.62,364.836,0,NA,NA,NA,NA,3.926,NA,3.378,33.117,13.965
08/26/2024 10:00:00 AM,697.422,25.532,1.333,296.752,78.902,551.225,0,NA,NA,NA,NA,12.678,NA,3.626,33.74,14.414
08/26/2024 11:00:00 AM,697.58,25.633,2.692,334.812,77.734,247.111,0,NA,NA,NA,NA,35.588,NA,1.005,15.744,8.789
08/26/2024 12:00:00 PM,697.164,25.611,2.61,344.513,78.968,361.082,0,NA,NA,NA,NA,37.973,NA,1.212,13.869,7.72
08/26/2024 01:00:00 PM,696.438,26.102,2.848,332.278,75.814,283.378,0,NA,NA,NA,NA,43.218,NA,0.951,12.184,7.126
08/26/2024 02:00:00 PM,695.954,26.022,3.904,347.575,76.707,363.353,0,NA,NA,NA,NA,44.575,NA,0.783,9.645,6.212
08/26/2024 03:00:00 PM,695.546,25.37,3.683,324.587,80.273,345.116,0,NA,NA,NA,NA,44.766,NA,0.883,11.165,5.643
08/26/2024 04:00:00 PM,695.399,24.305,4.332,330.451,82.19,202.999,0,NA,NA,NA,NA,43.604,NA,0.972,10.192,4.923
08/26/2024 05:00:00 PM,695.414,23.925,2.996,330.389,83.275,152.459,0,NA,NA,NA,NA,41.967,NA,1.267,8.777,4.408
08/26/2024 06:00:00 PM,695.593,23.6,1.62,319.588,83.535,21.041,0,NA,NA,NA,NA,29.757,NA,1.409,11.089,5.843
08/26/2024 07:00:00 PM,696.029,23.219,1.419,358.484,86.364,0.386,0,NA,NA,NA,NA,12.081,NA,2.857,16.875,7.566
08/26/2024 08:00:00 PM,696.361,22.942,0.869,48.568,87.8,0,0,NA,NA,NA,NA,7.269,NA,2.476,15.317,7.77
08/26/2024 09:00:00 PM,697.022,22.607,1.1,4.816,88.73,0,0,NA,NA,NA,NA,5.265,NA,2.047,16.96,7.553
08/26/2024 10:00:00 PM,697.586,22.025,0.974,50.414,91.147,0,0,NA,NA,NA,NA,3.926,NA,2.911,21.323,9.785
08/26/2024 11:00:00 PM,697.908,21.623,1.083,120.742,90.318,0,0,NA,NA,NA,NA,4.332,NA,1.991,14.673,6.83
08/27/2024 12:00:00 AM,697.817,21.728,1.209,30.916,88.776,0,0,NA,NA,NA,NA,4.296,NA,1.839,12.072,6.06
08/27/2024 01:00:00 AM,697.493,21.231,0.724,38.995,91.888,0,0.2,NA,NA,NA,NA,4.265,NA,4.488,11.967,6.102
08/27/2024 02:00:00 AM,697.016,21.113,0.946,1.234,91.936,0,54.2,NA,NA,NA,NA,4.412,NA,4.127,13.059,5.542
08/27/2024 03:00:00 AM,696.772,20.776,0.877,312.403,93.518,0,0,NA,NA,NA,NA,3.926,NA,4.194,13.857,5.944
08/27/2024 04:00:00 AM,696.632,20.588,0.79,109.41,93.903,0,0,NA,NA,NA,NA,3.926,NA,3.537,14.126,5.035
08/27/2024 05:00:00 AM,696.688,20.513,0.669,275.282,94.623,0,0,NA,NA,NA,NA,3.926,NA,4.624,15.611,5.958
08/27/2024 06:00:00 AM,696.635,20.517,0.771,260.567,95.688,0.145,0,NA,NA,NA,NA,3.926,NA,8.312,25.593,11.559
08/27/2024 07:00:00 AM,697.254,20.561,0.76,269.468,96.433,46.625,0,NA,NA,NA,NA,3.926,NA,9.696,42.371,25.262
08/27/2024 08:00:00 AM,697.7,21.752,1.08,195.1,92.135,178.462,0,NA,NA,NA,NA,3.926,NA,7.571,33.464,18.979
08/27/2024 09:00:00 AM,698.095,22.987,1.227,345.208,88.152,380.544,0,NA,NA,NA,NA,3.973,NA,8.705,41.446,19.539
08/27/2024 10:00:00 AM,697.796,24.447,1.441,259.904,80.634,425.301,0,NA,NA,NA,NA,27.271,NA,5.708,40.336,17.773
08/27/2024 11:00:00 AM,697.265,27.97,1.516,343.61,65.404,690.957,0.2,NA,NA,NA,NA,62.832,NA,3.562,37.474,17.265
08/27/2024 12:00:00 PM,696.333,29.502,2.515,229.434,55.043,640.996,0,NA,NA,NA,NA,78.675,NA,1.65,15.712,7.632
08/27/2024 01:00:00 PM,695.479,29.103,4.613,329.531,60.578,526.495,0,NA,NA,NA,NA,73.887,NA,1.621,14.983,8.88
08/27/2024 02:00:00 PM,694.924,28.902,5.356,320.622,64.146,601.975,0,NA,NA,NA,NA,56.941,NA,1.303,13.507,7.163
08/27/2024 03:00:00 PM,694.394,28.928,5.985,331.408,63.299,679.393,0,NA,NA,NA,NA,56.267,NA,1.781,12.01,7.688
08/27/2024 04:00:00 PM,694.03,28.86,5.051,339.321,64.918,136.976,0,NA,NA,NA,NA,60.754,NA,1.883,10.786,7.208
08/27/2024 05:00:00 PM,694.212,28.227,3.23,313.605,67.386,70.985,0,NA,NA,NA,NA,60.363,NA,2.104,13.496,8.124
08/27/2024 06:00:00 PM,694.536,27.281,2.399,318.795,70.224,28.838,0,NA,NA,NA,NA,56.623,NA,2.639,19.072,12.25
08/27/2024 07:00:00 PM,695.191,25.63,1.469,314.968,78.592,0.193,0,NA,NA,NA,NA,42.135,NA,3.245,22.989,13.647
08/27/2024 08:00:00 PM,695.9,25.093,1.566,325.497,81.156,0,0,NA,NA,NA,NA,33.768,NA,3.719,15.921,9.981
08/27/2024 09:00:00 PM,696.451,24.688,0.794,41.053,83.219,0,0,NA,NA,NA,NA,22.507,NA,3.97,18.985,12.459
08/27/2024 10:00:00 PM,696.863,23.962,0.96,311.912,86.112,0,0,NA,NA,NA,NA,9.2,NA,6.786,30.115,16.368
08/27/2024 11:00:00 PM,697.151,23.701,0.595,67.403,86.223,0,0,NA,NA,NA,NA,7.875,NA,4.776,26.209,16.139
08/28/2024 12:00:00 AM,697.106,23.447,0.887,120.051,86.581,0,0,NA,NA,NA,NA,5.742,NA,5.656,27.282,17.37
08/28/2024 01:00:00 AM,696.813,23.075,0.936,309.73,86.531,0,0,NA,NA,NA,NA,5.641,NA,5.346,24.993,14.067
08/28/2024 02:00:00 AM,696.361,22.666,0.784,8.649,86.67,0,0,NA,NA,NA,NA,6.704,NA,4.066,20.955,12.136
08/28/2024 03:00:00 AM,695.774,22.86,1.228,207.031,84.251,0,0,NA,NA,NA,NA,24.017,NA,3.185,15.222,8.651
08/28/2024 04:00:00 AM,695.819,22.587,1.126,77.088,82.416,0,0,NA,NA,NA,NA,20.436,NA,3.101,14.532,8.446
08/28/2024 05:00:00 AM,696.19,22.115,0.94,52.327,79.546,0,0,NA,NA,NA,NA,12.647,NA,3.507,13.211,8.77
08/28/2024 06:00:00 AM,696.241,21.768,0.907,218.945,83.435,0.032,0,NA,NA,NA,NA,4.559,NA,4.037,17.582,10.943
08/28/2024 07:00:00 AM,696.582,21.809,1.101,169.091,83.069,15.229,0,NA,NA,NA,NA,3.926,NA,4.648,38.297,15.579
08/28/2024 08:00:00 AM,697.091,22.838,1.01,49.929,78.55,76.27,0,NA,NA,NA,NA,6.941,NA,4.409,26.88,13.415
08/28/2024 09:00:00 AM,697.162,25.305,1.628,287.725,75.103,433.904,0,NA,NA,NA,NA,25.104,NA,4.639,34.402,14.366
08/28/2024 10:00:00 AM,696.516,27.408,2.021,257.127,66.514,787.156,0,NA,NA,NA,NA,50.012,NA,2.748,30.854,14.269
08/28/2024 11:00:00 AM,695.593,29.611,2.349,178.757,56.939,675.49,0,NA,NA,NA,NA,73.144,NA,1.39,29.461,12.148
08/28/2024 12:00:00 PM,694.839,31.283,2.731,188.813,50.433,796.646,0,NA,NA,NA,NA,79.683,NA,1.18,22.583,9.317
08/28/2024 01:00:00 PM,694.018,31.146,4.915,299.903,56.191,641.206,0,NA,NA,NA,NA,71.71,NA,0.776,17.384,8.37
08/28/2024 02:00:00 PM,693.745,28.716,4.978,325.403,71.113,373.81,0,NA,NA,NA,NA,60.428,NA,1.334,16.771,9.269
08/28/2024 03:00:00 PM,693.522,28.222,4.225,313.384,72.517,293.786,0,NA,NA,NA,NA,63.516,NA,1.918,17.953,10.889
08/28/2024 04:00:00 PM,693.352,27.997,4.182,309.144,72.631,195.669,0,NA,NA,NA,NA,66.594,NA,1.96,18.278,10.131
08/28/2024 05:00:00 PM,693.349,27.678,3.68,332.264,72.356,82.811,0,NA,NA,NA,NA,67.297,NA,2.326,16.999,9.57
08/28/2024 06:00:00 PM,693.652,27.636,2.13,330.723,73.332,51.99,0,NA,NA,NA,NA,62.635,NA,2.256,18.106,10.255
08/28/2024 07:00:00 PM,693.793,27.073,0.678,272.821,76.033,1.804,0,NA,NA,NA,NA,48.184,NA,2.863,25.345,13.015
08/28/2024 08:00:00 PM,694.193,26.317,1.368,61,74.126,0,0,NA,NA,NA,NA,33.852,NA,3.471,27.12,13.732
08/28/2024 09:00:00 PM,694.805,26.118,1.372,92.375,68.716,0,0,NA,NA,NA,NA,38.093,NA,2.796,19.477,10.968
08/28/2024 10:00:00 PM,695.112,25.952,2.095,84.988,69.883,0,0,NA,NA,NA,NA,39.226,NA,3.13,17.938,10.67
08/28/2024 11:00:00 PM,695.362,25.469,2.045,96.12,70.178,0,0,NA,NA,NA,NA,39.674,NA,2.747,13.813,8.799
08/29/2024 12:00:00 AM,695.5,25.068,0.934,249.837,72.497,0,0,NA,NA,NA,NA,25.194,NA,4.961,22.486,11.734
08/29/2024 01:00:00 AM,695.192,24.32,0.936,14.711,76.368,0,0,NA,NA,NA,NA,19.36,NA,5.302,27.462,13.381
08/29/2024 02:00:00 AM,694.751,23.996,1.454,189.899,74.943,0,0,NA,NA,NA,NA,34.757,NA,4.895,19.811,11.098
08/29/2024 03:00:00 AM,694.537,23.118,1.075,193.729,77.445,0,0,NA,NA,NA,NA,33.083,NA,4.815,16.743,9.552
08/29/2024 04:00:00 AM,694.681,22.294,0.924,328.743,80.385,0,0,NA,NA,NA,NA,19.262,NA,5.183,16.932,9.303
08/29/2024 05:00:00 AM,694.77,21.858,1.578,216.076,81.004,0,0,NA,NA,NA,NA,28.316,NA,4.312,14.021,7.818
08/29/2024 06:00:00 AM,694.995,21.869,1.114,207.229,79.857,0.161,0,NA,NA,NA,NA,22.481,NA,3.84,21.795,8.962
08/29/2024 07:00:00 AM,695.419,22.109,1.052,231.981,78.352,11.841,0,NA,NA,NA,NA,5.265,NA,5.116,33.191,13.075
08/29/2024 08:00:00 AM,695.948,24.024,1.288,288.651,73.093,73.45,0,NA,NA,NA,NA,20.813,NA,6.008,24.079,12.331
08/29/2024 09:00:00 AM,696.083,25.912,1.525,260.442,67.145,471.491,0,NA,NA,NA,NA,38.62,NA,5.495,23.034,10.98
08/29/2024 10:00:00 AM,695.754,27.884,2.33,233.539,58.793,755.192,0,NA,NA,NA,NA,62.549,NA,3.274,21.648,10.14
08/29/2024 11:00:00 AM,695.069,29.616,2.459,271.679,53.211,680.243,0,NA,NA,NA,NA,78.778,NA,3.172,22.336,8.755
08/29/2024 12:00:00 PM,694.597,31.283,3.037,278.549,45.391,653.579,0,NA,NA,NA,NA,72.007,NA,4.294,12.418,5.442
08/29/2024 01:00:00 PM,694.207,29.472,4.658,337.212,61.5,156.084,0,NA,NA,NA,NA,66.157,NA,2.937,18.177,8.936
08/29/2024 02:00:00 PM,693.953,28.325,3.693,324.871,69.025,112.632,0,NA,NA,NA,NA,54.622,NA,2.862,16.429,9.813
08/29/2024 03:00:00 PM,693.714,27.595,3.118,339.002,73.19,168.248,0,NA,NA,NA,NA,50.952,NA,3.268,15.633,10.96
08/29/2024 04:00:00 PM,693.552,27.329,3.592,352.851,74.386,104.528,0,NA,NA,NA,NA,58.232,NA,1.824,18.261,13.178
08/29/2024 05:00:00 PM,693.614,26.465,2.315,355.095,76.431,63.884,0,NA,NA,NA,NA,44.519,NA,2.1,23.403,13.751
08/29/2024 06:00:00 PM,693.641,25.909,1.303,69.617,76.164,17.851,0,NA,NA,NA,NA,19.688,NA,2.458,19.129,8.762
08/29/2024 07:00:00 PM,693.919,25.462,1.105,97.856,77.423,0.29,0,NA,NA,NA,NA,9.822,NA,1.183,21.603,9.395
08/29/2024 08:00:00 PM,694.823,24.815,1.143,44.611,79.713,0,0,NA,NA,NA,NA,4.708,NA,1.368,25.937,11.553
08/29/2024 09:00:00 PM,695.519,24.537,1.042,92.417,79.138,0,0,NA,NA,NA,NA,7.598,NA,1,17.874,8.988
08/29/2024 10:00:00 PM,696.011,24.713,0.854,343.98,78.436,0,0,NA,NA,NA,NA,8.522,NA,1.195,18.795,10.226
08/29/2024 11:00:00 PM,696.312,24.565,1.107,93.943,78.27,0,0,NA,NA,NA,NA,6.787,NA,1.275,21.325,9.985
08/30/2024 12:00:00 AM,696.486,23.836,1.339,195.531,82.691,0,0,NA,NA,NA,NA,4.415,NA,2.513,24.677,11.89
08/30/2024 01:00:00 AM,696.051,23.649,1.465,80.98,79.546,0,0,NA,NA,NA,NA,13.76,NA,0.542,11.538,6.433
08/30/2024 02:00:00 AM,695.562,23.405,0.944,3.571,80.861,0,0,NA,NA,NA,NA,11.897,NA,0.262,12.965,6.81
08/30/2024 03:00:00 AM,695.371,23.194,1.02,272.94,84.062,0,0,NA,NA,NA,NA,4.356,NA,0.372,18.25,10.967
08/30/2024 04:00:00 AM,695.496,23.037,0.998,106.333,83.046,0,0,NA,NA,NA,NA,4.802,NA,0.314,17.586,10.275
08/30/2024 05:00:00 AM,695.723,23.153,0.936,37.318,78.354,0,0,NA,NA,NA,NA,7.811,NA,0.299,14.902,8.762
08/30/2024 06:00:00 AM,695.849,22.456,0.783,72.387,80.705,0.145,0,NA,NA,NA,NA,5.347,NA,0.266,16.783,9.529
08/30/2024 07:00:00 AM,695.995,22.396,0.806,162.613,85.328,17.18,0,NA,NA,NA,NA,3.926,NA,0.684,31.477,16.123
08/30/2024 08:00:00 AM,696.557,24.068,1.518,282.641,82.419,81.377,0,NA,NA,NA,NA,5.769,NA,0.273,32.254,18.528
08/30/2024 09:00:00 AM,696.539,25.994,2.047,332.307,73.175,478.258,0,NA,NA,NA,NA,23.01,NA,0.293,30.634,16.09
08/30/2024 10:00:00 AM,696.013,27.822,2.276,257.908,66.029,855.33,0,NA,NA,NA,NA,50.966,NA,0.277,30.908,15.609
08/30/2024 11:00:00 AM,695.603,29.934,2.615,299.255,54.829,678.116,0,NA,NA,NA,NA,73.769,NA,0.264,23.174,13.018
08/30/2024 12:00:00 PM,694.821,31.558,1.712,16.356,47.811,603.039,0,NA,NA,NA,NA,76.803,NA,0.268,25.027,11.803
08/30/2024 01:00:00 PM,693.943,31.625,3.27,326.566,53.188,542.783,0,NA,NA,NA,NA,72.727,NA,0.393,21.002,12.977
08/30/2024 02:00:00 PM,693.385,30.512,3.9,309.341,60.282,247.015,0,NA,NA,NA,NA,57.552,NA,0.289,19.611,11.946
08/30/2024 03:00:00 PM,693.117,29.534,5.293,335.227,65.848,220.573,0,NA,NA,NA,NA,51.668,NA,0.307,19.157,11.731
08/30/2024 04:00:00 PM,693.164,28.093,4.558,341.048,72.888,110.183,0,NA,NA,NA,NA,48.972,NA,0.534,17.426,11.025
08/30/2024 05:00:00 PM,693.32,27.161,4.03,356.546,75.532,56.356,0,NA,NA,NA,NA,42.414,NA,0.295,16.56,10.695
08/30/2024 06:00:00 PM,693.603,25.958,2.929,2.619,78.203,11.374,0,NA,NA,NA,NA,31.028,NA,0.782,19.921,12.785
08/30/2024 07:00:00 PM,693.732,24.922,1.541,86.66,82.577,0.628,0,NA,NA,NA,NA,25.067,NA,0.998,17.042,10.786
08/30/2024 08:00:00 PM,694.483,24.776,1.167,93.489,81.881,0,0.2,NA,NA,NA,NA,15.24,NA,1.226,20.484,12.26
08/30/2024 09:00:00 PM,695.202,23.599,1.581,75.074,84.966,0,0,NA,NA,NA,NA,16.217,NA,1.134,18.328,10.327
08/30/2024 10:00:00 PM,695.936,22.942,1.202,138.274,87.795,0,0,NA,NA,NA,NA,12.813,NA,1.273,19.311,10.24
08/30/2024 11:00:00 PM,696.302,22.462,1.125,89.428,89.85,0,0,NA,NA,NA,NA,10.181,NA,1.439,21.183,9.684
08/31/2024 12:00:00 AM,696.208,22.36,1.09,72.037,89.161,0,0,NA,NA,NA,NA,8.223,NA,1.518,20.012,8.934
08/31/2024 01:00:00 AM,696.001,22.216,1.157,117.531,89.769,0,0.4,NA,NA,NA,NA,9.024,NA,0.542,17.003,9.157
08/31/2024 02:00:00 AM,695.592,21.929,0.786,25.339,91.856,0,0,NA,NA,NA,NA,3.926,NA,-999,18.293,10.003
08/31/2024 03:00:00 AM,695.02,21.608,1.095,340.433,93.781,0,0,NA,NA,NA,NA,3.926,NA,-999,18.683,10.418
08/31/2024 04:00:00 AM,695.305,21.448,1.145,39.458,92.513,0,0,NA,NA,NA,NA,6.187,NA,-999,19.16,9.758
08/31/2024 05:00:00 AM,695.374,21.503,1.221,125.097,91.937,0,0,NA,NA,NA,NA,3.926,NA,-999,22.912,12.768
08/31/2024 06:00:00 AM,695.691,21.4,1.4,71.109,89.296,0.016,0,NA,NA,NA,NA,5.056,NA,-999,19.703,11.616
08/31/2024 07:00:00 AM,696.206,21.149,1.088,340.683,91.809,26.776,0,NA,NA,NA,NA,3.946,NA,-999,24.8,12.941
08/31/2024 08:00:00 AM,696.64,23.519,1.285,291.604,84.559,97.085,0,NA,NA,NA,NA,3.926,NA,-999,41.204,25.564
08/31/2024 09:00:00 AM,696.497,25.306,1.873,40.618,78.256,425.011,0,NA,NA,NA,NA,15.051,NA,-999,38.482,22.442
08/31/2024 10:00:00 AM,696.286,26.941,2.532,171.916,68.865,671.446,0,NA,NA,NA,NA,41.144,NA,-999,32.505,18.3
08/31/2024 11:00:00 AM,695.941,28.678,1.681,250.207,62.521,556.123,0,NA,NA,NA,NA,60.155,NA,-999,29.016,16.046
08/31/2024 12:00:00 PM,695.352,30.06,2.98,84.167,57.837,817.01,0,NA,NA,NA,NA,82.354,NA,-999,23.992,14.712
08/31/2024 01:00:00 PM,694.559,30.035,3.735,333.128,61.143,456.331,0,NA,NA,NA,NA,64.635,NA,-999,17.822,11.774
08/31/2024 02:00:00 PM,693.842,29.847,5.283,346.171,63.38,466.561,0,NA,NA,NA,NA,53.288,NA,-999,16.724,11.025
08/31/2024 03:00:00 PM,693.337,29.33,5.106,350.946,64.814,339.847,0,NA,NA,NA,NA,47.486,NA,-999,15.604,11.425
08/31/2024 04:00:00 PM,692.978,28.588,3.971,336.929,66.194,119.641,0,NA,NA,NA,NA,47.196,NA,-999,16.699,12.215
08/31/2024 05:00:00 PM,693.036,25.646,1.69,123.166,81.21,44.982,0.4,NA,NA,NA,NA,28.139,NA,-999,23.254,14.899
08/31/2024 06:00:00 PM,693.182,25.559,1.414,111.71,79.252,25.133,0,NA,NA,NA,NA,24.533,NA,-999,23.68,15.696
08/31/2024 07:00:00 PM,693.826,25.334,1.561,46.27,75.749,0.386,0,NA,NA,NA,NA,28.068,NA,-999,25.296,18.19
08/31/2024 08:00:00 PM,694.245,24.84,1.563,103.382,72.304,0,0,NA,NA,NA,NA,29.773,NA,-999,26.244,19.789
08/31/2024 09:00:00 PM,694.788,24.19,1.881,75.249,74.692,0,0,NA,NA,NA,NA,26.701,NA,-999,23.017,17.236
08/31/2024 10:00:00 PM,695.436,24.045,1.652,103.331,73.411,0,0,NA,NA,NA,NA,25.686,NA,-999,21.965,15.882
08/31/2024 11:00:00 PM,696.577,24.031,1.72,109.878,73.434,0,0.2,NA,NA,NA,NA,20.767,NA,-999,22.164,15.619
09/01/2024 12:00:00 AM,697.428,22.61,1.511,177.447,84.093,0,0.8,NA,NA,NA,NA,8.756,NA,-999,29.428,20.77
09/01/2024 01:00:00 AM,697.34,21.489,1.283,247.807,89.272,0,0,NA,NA,NA,NA,12.065,NA,-999,21.095,15.21
09/01/2024 02:00:00 AM,696.625,20.769,1.125,99.1,93.477,0,0,NA,NA,NA,NA,10.222,NA,-999,26.955,17.91
09/01/2024 03:00:00 AM,696.404,20.686,1.136,322.822,92.996,0,0,NA,NA,NA,NA,15.389,NA,-999,22.563,15.226
09/01/2024 04:00:00 AM,696.474,20.363,0.934,167.641,93.106,0,0,NA,NA,NA,NA,18.45,NA,-999,23.516,16.824
09/01/2024 05:00:00 AM,696.421,20.273,0.79,359.875,92.714,0,0,NA,NA,NA,NA,12.556,NA,-999,25.85,18.405
09/01/2024 06:00:00 AM,696.518,20.227,0.885,235.854,91.624,0,0,NA,NA,NA,NA,14.348,NA,-999,26.522,18.931
09/01/2024 07:00:00 AM,696.845,20.449,1.557,234.143,92.27,12.147,0,NA,NA,NA,NA,11.722,NA,-999,26.315,17.832
09/01/2024 08:00:00 AM,697.156,21.178,0.965,220.585,90.452,73.853,0,NA,NA,NA,NA,12.122,NA,-999,25.106,16.04
09/01/2024 09:00:00 AM,697.214,23.333,2.087,222.412,80.646,565.87,0,NA,NA,NA,NA,35.934,NA,-999,20.759,14.692
09/01/2024 10:00:00 AM,696.863,25.438,2.888,265.46,70.79,810.131,0,NA,NA,NA,NA,56.283,NA,-999,21.131,16.24
09/01/2024 11:00:00 AM,696.373,27.469,2.833,201.563,62.978,692.842,0.2,NA,NA,NA,NA,66.307,NA,-999,25.17,18.017
09/01/2024 12:00:00 PM,695.578,29.627,2.199,281.18,52.609,909.762,0,NA,NA,NA,NA,76.397,NA,-999,19.543,14.284
09/01/2024 01:00:00 PM,694.553,30.888,2.026,306.27,45.626,442.008,0,NA,NA,NA,NA,82.159,NA,-999,16.437,12.9
09/01/2024 02:00:00 PM,693.745,30.444,4.599,24.849,53.961,487.296,0,NA,NA,NA,NA,69.967,NA,-999,15.751,11.987
09/01/2024 03:00:00 PM,693.393,28.329,5.179,340.996,68.247,229.067,0,NA,NA,NA,NA,52.27,NA,-999,18.469,13.81
09/01/2024 04:00:00 PM,693.084,27.413,3.457,331.457,73.073,149.704,0,NA,NA,NA,NA,47.573,NA,-999,17.712,12.854
09/01/2024 05:00:00 PM,693.375,26.858,2.544,328.683,75.446,86.967,0,NA,NA,NA,NA,44.448,NA,-999,17.576,12.964
09/01/2024 06:00:00 PM,693.727,26.529,2.019,13.516,76.778,63.526,0,NA,NA,NA,NA,41.104,NA,-999,17.95,13.55
09/01/2024 07:00:00 PM,694.075,26.438,2.393,96.949,69.005,4.623,0,NA,NA,NA,NA,35.719,NA,-999,16.875,11.464
09/01/2024 08:00:00 PM,694.954,26.28,2.993,102.865,61.651,0,0,NA,NA,NA,NA,35.208,NA,-999,11.662,7.052
09/01/2024 09:00:00 PM,695.761,25.645,3.699,106.174,63.671,0,0,NA,NA,NA,NA,29.632,NA,-999,12.371,6.93
09/01/2024 10:00:00 PM,696.12,25.332,2.54,110.302,64.047,0,0,NA,NA,NA,NA,26.536,NA,-999,11.85,6.927
09/01/2024 11:00:00 PM,696.317,25.213,1.136,139.516,64.65,0,0,NA,NA,NA,NA,23.09,NA,1.07,11.461,6.656
09/02/2024 12:00:00 AM,696.383,24.353,0.912,287.411,71.994,0,-999,NA,NA,NA,NA,14.252,NA,3.493,18.108,9.945
09/02/2024 01:00:00 AM,696.143,23.625,0.847,46.469,76.576,0,-999,NA,NA,NA,NA,11.866,NA,2.394,16.809,9.961
09/02/2024 02:00:00 AM,695.549,23.416,1.012,133.354,76.482,0,-999,NA,NA,NA,NA,19.233,NA,1.479,15.704,8.6
09/02/2024 03:00:00 AM,695.122,22.845,1.003,101.016,77.088,0,-999,NA,NA,NA,NA,22.343,NA,2.163,12.333,7.408
09/02/2024 04:00:00 AM,694.947,22.321,0.893,69.449,78.75,0,-999,NA,NA,NA,NA,15.361,NA,3.037,12.825,7.381
09/02/2024 05:00:00 AM,694.997,22.051,1.154,11.435,76.288,0,-999,NA,NA,NA,NA,12.902,NA,1.584,11.683,7.189
09/02/2024 06:00:00 AM,695.177,21.808,0.837,142.518,78.298,0.209,-999,NA,NA,NA,NA,4.432,NA,2.414,15.136,8.391
09/02/2024 07:00:00 AM,695.588,21.961,0.994,349.55,77.789,37.297,-999,NA,NA,NA,NA,3.926,NA,0.985,20.451,10.119
09/02/2024 08:00:00 AM,696.059,23.998,1.132,351.519,73.028,93.186,-999,NA,NA,NA,NA,11.128,NA,1.287,21.348,10.534
09/02/2024 09:00:00 AM,696.483,25.856,1.52,3.073,68.504,527.332,-999,NA,NA,NA,NA,23.363,NA,0.487,30.547,11.619
09/02/2024 10:00:00 AM,695.921,27.604,2.117,312.45,62.953,838.995,-999,NA,NA,NA,NA,39.578,NA,0.366,25.227,10.958
09/02/2024 11:00:00 AM,695.311,29.542,2.033,277.307,54.491,719.731,-999,NA,NA,NA,NA,62.055,NA,0.416,20.597,9.094
09/02/2024 12:00:00 PM,694.575,31.165,3.001,280.531,48.967,836.006,-999,NA,NA,NA,NA,72.855,NA,0.59,16.77,8.564
09/02/2024 01:00:00 PM,693.895,30.871,4.403,341.506,55.385,780.357,-999,NA,NA,NA,NA,64.742,NA,0.279,18.294,10.918
09/02/2024 02:00:00 PM,693.407,30.352,5.121,345.604,59.719,432.855,-999,NA,NA,NA,NA,53.591,NA,0.262,17.221,11.488
09/02/2024 03:00:00 PM,693.037,29.384,5.405,337.066,63.999,325.524,-999,NA,NA,NA,NA,53.837,NA,0.262,14.771,10.144
09/02/2024 04:00:00 PM,692.845,28.789,4.894,344.3,66.97,163.076,-999,NA,NA,NA,NA,53.874,NA,0.262,17.068,10.974
09/02/2024 05:00:00 PM,692.869,27.708,3.976,354.985,69.168,46.093,-999,NA,NA,NA,NA,50.295,NA,0.262,16.945,10.702
09/02/2024 06:00:00 PM,693.6,24.969,1.673,3.348,77.22,6.541,-999,NA,NA,NA,NA,34.651,NA,0.262,18.054,11.085
09/02/2024 07:00:00 PM,693.976,22.979,1.847,69.508,81.371,0,-999,NA,NA,NA,NA,38.005,NA,0.262,14.748,9.502
09/02/2024 08:00:00 PM,694.133,22.572,1.658,76.342,83.574,0,-999,NA,NA,NA,NA,24.93,NA,0.262,16.023,10.336
09/02/2024 09:00:00 PM,694.717,22.637,1.482,91.722,82.419,0,-999,NA,NA,NA,NA,22.132,NA,0.262,17.63,10.998
09/02/2024 10:00:00 PM,695.142,22.857,1.132,110.313,81.785,0,-999,NA,NA,NA,NA,15.804,NA,0.345,19.569,12.086
09/02/2024 11:00:00 PM,695.48,22.508,0.724,44.518,85.359,0,-999,NA,NA,NA,NA,5.977,NA,0.345,24.723,15.043
09/03/2024 12:00:00 AM,695.336,22.34,0.541,108.816,85.511,0,-999,NA,NA,NA,NA,5.236,NA,0.262,23.288,14.743
09/03/2024 01:00:00 AM,694.858,22.338,0.685,309.88,84.28,0,-999,NA,NA,NA,NA,6.808,NA,0.883,21.21,13.329
09/03/2024 02:00:00 AM,694.604,21.997,0.53,275.953,83.057,0,-999,NA,NA,NA,NA,10.718,NA,1.463,16.095,10.45
09/03/2024 03:00:00 AM,694.633,22.268,0.691,235.897,79.536,0,-999,NA,NA,NA,NA,15.697,NA,0.804,15.926,10.044
09/03/2024 04:00:00 AM,694.384,21.992,1.141,28.586,80.239,0,-999,NA,NA,NA,NA,18.05,NA,2.632,16.499,11.173
09/03/2024 05:00:00 AM,695.084,21.151,1.062,85.961,83.545,0,-999,NA,NA,NA,NA,10.954,NA,3.744,18.879,12.67
09/03/2024 06:00:00 AM,695.345,21.375,1.436,45.03,80.778,0.918,-999,NA,NA,NA,NA,10.545,NA,2.53,18.128,12.676
09/03/2024 07:00:00 AM,695.781,21.384,1.397,70.096,81.255,35.041,-999,NA,NA,NA,NA,5.147,NA,2.659,22.225,13.578
09/03/2024 08:00:00 AM,695.83,23.3,1.139,92.238,76.597,106.156,-999,NA,NA,NA,NA,16.348,NA,2.979,24.864,15.477
09/03/2024 09:00:00 AM,695.744,25.802,1.318,98.47,68.103,507.338,-999,NA,NA,NA,NA,34.668,NA,-999,26.493,15
09/03/2024 10:00:00 AM,695.462,26.707,2.203,265.26,67.474,809.534,-999,NA,NA,NA,NA,-999,NA,-999,24.949,16.097
09/03/2024 11:00:00 AM,695.025,29.136,2.317,355.86,58.122,682.657,-999,NA,NA,NA,NA,-999,NA,-999,24.757,14.977
09/03/2024 12:00:00 PM,694.116,30.937,2.339,333.295,49.412,963.298,-999,NA,NA,NA,NA,-999,NA,1.099,23.184,18.023
09/03/2024 01:00:00 PM,693.279,31.178,4.618,333.809,52.947,890.541,-999,NA,NA,NA,NA,68.256,NA,0.659,23.066,16.854
09/03/2024 02:00:00 PM,692.712,30.511,4.439,329.339,56.909,535.533,-999,NA,NA,NA,NA,59.925,NA,0.569,19.327,14.261
09/03/2024 03:00:00 PM,692.286,30.015,4.822,303.725,62.474,540.927,-999,NA,NA,NA,NA,50.883,NA,0.919,16.632,11.709
09/03/2024 04:00:00 PM,692.071,28.544,4.271,340.928,67.406,98.342,-999,NA,NA,NA,NA,50.983,NA,1.419,17.584,12.284
09/03/2024 05:00:00 PM,691.95,28.228,2.808,311.944,69.286,110.602,-999,NA,NA,NA,NA,53.667,NA,1.607,18.735,13.555
09/03/2024 06:00:00 PM,692.381,27.223,2.827,304.115,72.892,24.359,-999,NA,NA,NA,NA,49.856,NA,2.2,19.74,14.235
09/03/2024 07:00:00 PM,693.019,26.293,2.794,333.35,78.15,0.515,-999,NA,NA,NA,NA,44.613,NA,2.235,19.752,13.194
09/03/2024 08:00:00 PM,693.74,25.58,2.027,2.921,78.053,0,-999,NA,NA,NA,NA,33.126,NA,2.3,20.296,14.345
09/03/2024 09:00:00 PM,694.514,25.233,1.802,26.353,76.493,0,-999,NA,NA,NA,NA,29.604,NA,2.573,22.676,15.657
09/03/2024 10:00:00 PM,695.373,25.063,1.56,43.935,77.808,0,-999,NA,NA,NA,NA,30.044,NA,2.235,18.924,11.868
09/03/2024 11:00:00 PM,695.755,24.739,1.254,28.452,79.594,0,-999,NA,NA,NA,NA,25.631,NA,2.166,17.342,11.458
09/04/2024 12:00:00 AM,695.943,23.72,0.893,37.022,85.642,0,-999,NA,NA,NA,NA,17.069,NA,2.781,18.954,12.645
09/04/2024 01:00:00 AM,695.903,22.602,0.86,314.643,91.796,0,-999,NA,NA,NA,NA,9.591,NA,1.697,18.667,13.712
09/04/2024 02:00:00 AM,695.681,22.154,0.939,37.06,94.015,0,-999,NA,NA,NA,NA,8.009,NA,1.457,16.638,11.239
09/04/2024 03:00:00 AM,695.324,21.628,1.198,309.783,95.232,0,-999,NA,NA,NA,NA,10.757,NA,1.874,30.125,17.277
09/04/2024 04:00:00 AM,695.396,21.425,1.01,255.294,95.509,0,-999,NA,NA,NA,NA,13.082,NA,1.232,25.345,14.617
09/04/2024 05:00:00 AM,695.455,21.331,1.129,109.473,94.666,0,-999,NA,NA,NA,NA,21.161,NA,1.715,24.725,15.457
09/04/2024 06:00:00 AM,695.64,21.884,2.365,204.164,90.59,0,-999,NA,NA,NA,NA,15.058,NA,1.428,15.453,10.425
09/04/2024 07:00:00 AM,695.641,22.43,1.782,168.669,88.032,22.41,-999,NA,NA,NA,NA,8.418,NA,1.401,27.51,15.638
09/04/2024 08:00:00 AM,695.459,23.755,1.984,176.565,81.736,85.276,-999,NA,NA,NA,NA,11.079,NA,1.425,22.656,13.594
09/04/2024 09:00:00 AM,695.302,25.263,2.627,175.298,77.751,421.901,-999,NA,NA,NA,NA,26.635,NA,1.14,26.701,13.685
09/04/2024 10:00:00 AM,695.037,26.473,2.389,253.024,73.567,715.849,-999,NA,NA,NA,NA,46.686,NA,0.924,20.149,12.294
09/04/2024 11:00:00 AM,694.328,28.405,2.809,297.183,65.714,696.676,-999,NA,NA,NA,NA,63.709,NA,0.89,20.846,12.397
09/04/2024 12:00:00 PM,693.485,30.271,2.729,271.76,56.676,917.237,-999,NA,NA,NA,NA,69.075,NA,0.875,19.098,11.177
09/04/2024 01:00:00 PM,692.68,30.914,4.692,297.545,58.673,893.28,-999,NA,NA,NA,NA,52.031,NA,0.821,18.986,13.482
09/04/2024 02:00:00 PM,692.082,30.264,5.89,333.635,63.681,545.667,-999,NA,NA,NA,NA,44.71,NA,0.974,14.282,9.652
09/04/2024 03:00:00 PM,691.759,29.26,5.802,338.954,68.367,623.585,-999,NA,NA,NA,NA,40.881,NA,1.216,14.234,9.239
09/04/2024 04:00:00 PM,691.573,28.937,5.525,337.268,69.398,172.308,-999,NA,NA,NA,NA,39.944,NA,1.317,13.963,9.52
09/04/2024 05:00:00 PM,691.863,28.387,4.121,315.898,68.043,86.629,-999,NA,NA,NA,NA,41.184,NA,1.303,15.43,10.851
09/04/2024 06:00:00 PM,692.586,27.309,3.197,344.088,72.775,10.552,-999,NA,NA,NA,NA,34.74,NA,1.423,15.3,10.112
09/04/2024 07:00:00 PM,692.966,26.273,2.669,21.594,71.722,0.209,-999,NA,NA,NA,NA,31.862,NA,1.13,19.011,11.549
09/04/2024 08:00:00 PM,693.236,25.356,2.673,56.267,71.1,0,-999,NA,NA,NA,NA,30.229,NA,1.294,16.681,8.86
09/04/2024 09:00:00 PM,694.112,25.294,2.325,109.539,69.497,0,-999,NA,NA,NA,NA,32.56,NA,2.263,15.47,8.796
09/04/2024 10:00:00 PM,694.949,25.008,1.257,54.416,70.603,0,-999,NA,NA,NA,NA,25.474,NA,4.28,21.731,11.954
09/04/2024 11:00:00 PM,694.858,24.662,1.278,12.565,70.938,0,-999,NA,NA,NA,NA,26.894,NA,3.988,21.32,13.528
09/05/2024 12:00:00 AM,694.639,24.174,1.331,118.817,76.003,0,-999,NA,NA,NA,NA,21.628,NA,3.907,19.999,13.906
09/05/2024 01:00:00 AM,694.665,22.924,1.298,117.609,81.707,0,-999,NA,NA,NA,NA,17.091,NA,2.472,24.839,16.979
09/05/2024 02:00:00 AM,694.367,22.89,1.072,96.71,79.133,0,-999,NA,NA,NA,NA,22.935,NA,2.225,24.178,18.493
09/05/2024 03:00:00 AM,693.872,22.645,1.282,54.8,78.287,0,-999,NA,NA,NA,NA,24.379,NA,1.547,23.115,18.688
09/05/2024 04:00:00 AM,694.086,22.237,1.157,94.791,78.809,0,-999,NA,NA,NA,NA,20.773,NA,1.98,22.783,17.915
09/05/2024 05:00:00 AM,694.461,22.003,1.54,150.833,79.527,0,-999,NA,NA,NA,NA,15.154,NA,2.43,24.064,17.867
09/05/2024 06:00:00 AM,694.897,21.492,0.88,34.607,82.435,0.193,-999,NA,NA,NA,NA,7.123,NA,3.025,27.677,18.664
09/05/2024 07:00:00 AM,695.266,21.49,1.072,102.461,83.421,33.511,-999,NA,NA,NA,NA,5.2,NA,1.944,33.601,21.42
09/05/2024 08:00:00 AM,695.462,23.992,1.248,254.492,77.547,152.314,-999,NA,NA,NA,NA,14.421,NA,2.665,32.293,22.415
09/05/2024 09:00:00 AM,695.32,24.939,2.241,247.744,78.012,389.357,-999,NA,NA,NA,NA,30.447,NA,0.88,38.689,26.377
09/05/2024 10:00:00 AM,694.97,26.851,2.499,246.412,70.421,803.445,-999,NA,NA,NA,NA,51.714,NA,0.262,33.494,22.916
09/05/2024 11:00:00 AM,694.434,28.844,2.21,262.384,60.984,653.949,-999,NA,NA,NA,NA,68.597,NA,0.265,28.645,20.029
09/05/2024 12:00:00 PM,693.676,30.708,3.38,313.115,53.786,737.309,-999,NA,NA,NA,NA,67.807,NA,0.262,25.617,18.963
09/05/2024 01:00:00 PM,693.181,29.238,5.099,318.971,67.4,447.018,-999,NA,NA,NA,NA,51.653,NA,0.263,24.949,16.915
09/05/2024 02:00:00 PM,692.93,28.335,4.886,327.213,71.117,217.5,-999,NA,NA,NA,NA,42.597,NA,0.315,18.391,14.183
09/05/2024 03:00:00 PM,692.82,27.937,4.407,343.96,72.992,203.982,-999,NA,NA,NA,NA,40.067,NA,0.527,17.994,13.482
09/05/2024 04:00:00 PM,692.656,27.522,3.863,329.837,73.007,131.675,-999,NA,NA,NA,NA,41.902,NA,0.448,18.382,14.265
09/05/2024 05:00:00 PM,692.463,28.006,3.697,342.867,72.188,121.219,-999,NA,NA,NA,NA,41.465,NA,0.685,20.7,15.247
09/05/2024 06:00:00 PM,692.78,26.515,1.99,63.706,77.144,28.677,-999,NA,NA,NA,NA,34.753,NA,0.645,22.412,16.373
09/05/2024 07:00:00 PM,693.192,25.569,2.018,117.699,77.775,0.757,-999,NA,NA,NA,NA,26.229,NA,0.489,25.053,15.987
09/05/2024 08:00:00 PM,693.696,25.286,2.146,85.427,77.079,0,-999,NA,NA,NA,NA,24.41,NA,0.693,22.276,15.091
09/05/2024 09:00:00 PM,694.332,25.018,2.072,112.061,77.355,0,-999,NA,NA,NA,NA,21.599,NA,0.516,21.277,14.563
09/05/2024 10:00:00 PM,694.776,25.052,1.621,73.683,76.913,0,-999,NA,NA,NA,NA,18.795,NA,0.356,20.989,14.129
09/05/2024 11:00:00 PM,695.052,24.057,1.51,85.959,82.478,0,-999,NA,NA,NA,NA,14.739,NA,0.543,19.123,13.545
09/06/2024 12:00:00 AM,695.333,23.568,1.85,116.765,82.889,0,-999,NA,NA,NA,NA,15.679,NA,0.611,17.88,12.65
09/06/2024 01:00:00 AM,694.9,23.146,1.636,100.214,82.368,0,-999,NA,NA,NA,NA,18.076,NA,0.426,19.054,12.123
09/06/2024 02:00:00 AM,694.428,22.791,1.652,84.149,82.153,0,-999,NA,NA,NA,NA,17.081,NA,0.502,17.976,11.446
09/06/2024 03:00:00 AM,693.613,22.556,0.931,112.33,83.198,0,-999,NA,NA,NA,NA,11.13,NA,0.378,18.356,12.456
09/06/2024 04:00:00 AM,693.264,22.321,0.73,225.8,84.965,0,-999,NA,NA,NA,NA,4.519,NA,1.216,21.248,14.794
09/06/2024 05:00:00 AM,693.422,22.193,1.087,243.574,82.181,0,-999,NA,NA,NA,NA,9.113,NA,0.393,18.222,12.477
09/06/2024 06:00:00 AM,693.729,22.229,1.115,345.24,79.028,0.064,-999,NA,NA,NA,NA,8.209,NA,0.595,17.44,10.316
09/06/2024 07:00:00 AM,694.45,21.473,1.188,41.729,83.751,12.631,-999,NA,NA,NA,NA,3.926,NA,2.318,23.814,14.371
09/06/2024 08:00:00 AM,695.098,23.449,1.495,117.818,74.714,87.306,-999,NA,NA,NA,NA,10.208,NA,0.711,21.831,10.684
09/06/2024 09:00:00 AM,695.35,26.564,1.332,92.849,67.47,533.164,-999,NA,NA,NA,NA,21.2,NA,1.986,27.599,14.01
09/06/2024 10:00:00 AM,695.108,27.823,2.123,339.959,67.431,776.354,-999,NA,NA,NA,NA,47.959,NA,1.643,39.243,21.659
09/06/2024 11:00:00 AM,694.594,29.181,2.154,268.786,60.469,655.384,-999,NA,NA,NA,NA,70.146,NA,1.019,32.596,20.382
09/06/2024 12:00:00 PM,693.883,31.394,1.957,58.118,50.364,891.668,-999,NA,NA,NA,NA,79.015,NA,0.456,26.007,17.192
09/06/2024 01:00:00 PM,692.939,30.873,5.045,332.613,55.689,539.383,-999,NA,NA,NA,NA,61.962,NA,0.365,22.9,16.017
09/06/2024 02:00:00 PM,692.072,30.2,4.11,332.221,59.364,223.686,-999,NA,NA,NA,NA,50.248,NA,0.279,21.196,14.939
09/06/2024 03:00:00 PM,691.382,30.691,4.636,335.39,58.653,526.416,-999,NA,NA,NA,NA,49.86,NA,0.262,21.38,14.979
09/06/2024 04:00:00 PM,691.209,29.997,5.306,338.94,63.725,174.289,-999,NA,NA,NA,NA,51.975,NA,0.262,23.173,16.913
09/06/2024 05:00:00 PM,691.497,27.675,4.916,353.222,70.039,43.854,-999,NA,NA,NA,NA,42.371,NA,0.262,22.694,17.327
09/06/2024 06:00:00 PM,691.725,26.831,3.297,328.484,68.357,22.313,-999,NA,NA,NA,NA,40.668,NA,0.262,25.379,15.956
09/06/2024 07:00:00 PM,692.157,26.303,1.661,329.786,70.431,0.064,-999,NA,NA,NA,NA,27.232,NA,0.262,29.691,17.902
09/06/2024 08:00:00 PM,692.684,25.754,1.205,50.952,74.504,0,-999,NA,NA,NA,NA,18.797,NA,0.305,26.506,15.136
09/06/2024 09:00:00 PM,693.129,25.249,1.444,110.782,75.046,0,-999,NA,NA,NA,NA,17.763,NA,0.262,22.007,13.445
09/06/2024 10:00:00 PM,693.39,25.155,1.439,113.03,74.199,0,-999,NA,NA,NA,NA,14.114,NA,0.294,20.593,12.735
09/06/2024 11:00:00 PM,694.315,25.378,1.094,141.447,73.39,0,-999,NA,NA,NA,NA,8.69,NA,0.377,27.145,15.449
09/07/2024 12:00:00 AM,694.72,24.813,3.707,172.511,75.236,0,-999,NA,NA,NA,NA,44.148,NA,0.294,23.473,11.67
09/07/2024 01:00:00 AM,694.461,23.896,2.564,187.789,74.424,0,-999,NA,NA,NA,NA,51.429,NA,0.702,11.887,6.691
09/07/2024 02:00:00 AM,693.605,22.565,2.54,176.108,79.055,0,-999,NA,NA,NA,NA,51.518,NA,1.314,6.643,3.642
09/07/2024 03:00:00 AM,693.084,22.397,1.175,183.647,79.78,0,-999,NA,NA,NA,NA,39.327,NA,1.759,7.897,3.875
09/07/2024 04:00:00 AM,692.831,21.857,1.84,259.403,82.042,0,-999,NA,NA,NA,NA,36.7,NA,1.288,8.961,4.215
09/07/2024 05:00:00 AM,693.767,21.633,1.062,173.13,83.633,0,-999,NA,NA,NA,NA,23.23,NA,0.434,11.285,5.239
09/07/2024 06:00:00 AM,694.377,21.485,1.845,180.669,85.131,0.112,-999,NA,NA,NA,NA,26.284,NA,0.719,10.365,4.855
09/07/2024 07:00:00 AM,694.543,22.005,1.116,333.591,82.31,34.735,-999,NA,NA,NA,NA,15.486,NA,0.286,14.727,6.996
09/07/2024 08:00:00 AM,694.674,23.263,1.416,309.755,78.446,138.909,-999,NA,NA,NA,NA,16.473,NA,0.487,21.891,9.113
09/07/2024 09:00:00 AM,695.117,25.573,1.91,264.761,70.213,467.206,-999,NA,NA,NA,NA,35.533,NA,0.403,20.761,8.102
09/07/2024 10:00:00 AM,695.293,26.565,1.735,270.105,64.306,385.184,-999,NA,NA,NA,NA,50.28,NA,0.281,17.615,6.127
09/07/2024 11:00:00 AM,694.83,27.641,2.609,280.438,61.3,461.696,-999,NA,NA,NA,NA,61.638,NA,0.262,15.319,5.54
09/07/2024 12:00:00 PM,694.122,28.362,2.209,296.122,58.597,385.78,-999,NA,NA,NA,NA,72.956,NA,0.262,17.791,5.735
09/07/2024 01:00:00 PM,693.42,28.224,3.947,333.019,63.746,416.182,-999,NA,NA,NA,NA,62.052,NA,0.361,23.764,8.758
09/07/2024 02:00:00 PM,692.494,29.6,3.189,338.067,58.833,575.118,-999,NA,NA,NA,NA,71.642,NA,0.262,23.262,11.582
09/07/2024 03:00:00 PM,691.881,29.391,4.298,333.1,60.822,448.549,-999,NA,NA,NA,NA,62.433,NA,0.262,16.108,8.518
09/07/2024 04:00:00 PM,691.71,28.181,3.852,314.111,68.909,200.47,-999,NA,NA,NA,NA,43.902,NA,0.262,17.443,8.196
09/07/2024 05:00:00 PM,691.441,28.236,3.45,336.821,67.705,106.071,-999,NA,NA,NA,NA,45.999,NA,0.315,14.481,8.644
09/07/2024 06:00:00 PM,691.748,27.705,2.154,335.675,69.934,18.946,-999,NA,NA,NA,NA,40.123,NA,0.386,19.125,10.006
09/07/2024 07:00:00 PM,692.136,26.198,1.824,327.444,75.737,0.08,-999,NA,NA,NA,NA,30.286,NA,0.265,23.001,11.063
09/07/2024 08:00:00 PM,692.714,25.406,1.13,45.749,79.079,0,-999,NA,NA,NA,NA,28.4,NA,0.383,20.894,11.82
09/07/2024 09:00:00 PM,693.372,25.178,1.184,53.898,77.215,0,-999,NA,NA,NA,NA,22.719,NA,0.466,31.398,14.239
09/07/2024 10:00:00 PM,693.798,24.805,0.783,336.631,79.224,0,-999,NA,NA,NA,NA,21.283,NA,0.337,25.668,13.363
09/07/2024 11:00:00 PM,694.047,24.35,0.899,27.935,79.86,0,-999,NA,NA,NA,NA,8.691,NA,0.435,32.361,15.954
09/08/2024 12:00:00 AM,693.846,23.917,0.818,359.747,79.719,0,-999,NA,NA,NA,NA,6.027,NA,0.48,28.595,15.323
09/08/2024 01:00:00 AM,693.67,23.77,1.379,67.245,77.761,0,-999,NA,NA,NA,NA,10.634,NA,1.48,20.704,11.293
09/08/2024 02:00:00 AM,693.265,22.941,0.846,96.469,82.699,0,-999,NA,NA,NA,NA,4.641,NA,2.474,26.473,14.004
09/08/2024 03:00:00 AM,692.932,21.906,1.193,15.791,89.331,0,-999,NA,NA,NA,NA,3.926,NA,1.672,34.557,16.676
09/08/2024 04:00:00 AM,692.991,21.86,0.859,261.072,88.592,0,-999,NA,NA,NA,NA,3.926,NA,1.76,34.772,16.913
09/08/2024 05:00:00 AM,693.159,21.452,0.727,19.491,88.979,0,-999,NA,NA,NA,NA,3.926,NA,2.87,32.912,16.902
09/08/2024 06:00:00 AM,693.266,21.02,0.877,335.963,90.973,0.08,-999,NA,NA,NA,NA,3.926,NA,2.309,36.594,19.88
09/08/2024 07:00:00 AM,693.922,21.246,0.964,46.55,89.876,14.113,-999,NA,NA,NA,NA,3.926,NA,2.433,34.391,19.252
09/08/2024 08:00:00 AM,694.479,23.602,1.148,19.476,78.062,77.671,-999,NA,NA,NA,NA,8.333,NA,1.767,29.352,16.774
09/08/2024 09:00:00 AM,694.866,26.596,1.07,331.359,68.88,575.698,-999,NA,NA,NA,NA,26.676,NA,1.228,28.131,16.736
09/08/2024 10:00:00 AM,694.903,27.486,2.462,320.864,66.202,498.655,-999,NA,NA,NA,NA,48.978,NA,0.805,25.487,13.723
09/08/2024 11:00:00 AM,694.922,27.337,3.849,330.838,65.703,227.762,-999,NA,NA,NA,NA,57.628,NA,1.485,19.024,11.002
09/08/2024 12:00:00 PM,694.693,27.181,3.44,331.433,68.163,157.888,-999,NA,NA,NA,NA,51.856,NA,1.054,19.208,11.229
09/08/2024 01:00:00 PM,694.045,27.421,3.85,356.062,67.865,332.758,-999,NA,NA,NA,NA,54.369,NA,1.244,21.274,14.399
09/08/2024 02:00:00 PM,693.238,28.366,4.383,333.7,64.143,579.87,-999,NA,NA,NA,NA,56.493,NA,0.979,20.494,14.869
09/08/2024 03:00:00 PM,692.761,28.38,3.861,355.914,65.07,186.76,-999,NA,NA,NA,NA,53.772,NA,1.409,20.246,12.954
09/08/2024 04:00:00 PM,692.169,28.451,3.883,328.178,66.948,129.662,-999,NA,NA,NA,NA,52.661,NA,1.537,16.912,10.832
09/08/2024 05:00:00 PM,691.959,28.35,4.124,337.647,68.874,74.948,-999,NA,NA,NA,NA,47.104,NA,1.099,19.144,10.923
09/08/2024 06:00:00 PM,692.608,27.25,2.987,333.998,72.815,14.064,-999,NA,NA,NA,NA,39.066,NA,1.183,23.873,11.471
09/08/2024 07:00:00 PM,693.438,26.311,2.347,343.08,77.071,0,-999,NA,NA,NA,NA,38.902,NA,1.574,21.831,11.497
09/08/2024 08:00:00 PM,693.919,25.721,1.493,18.828,81.326,0,-999,NA,NA,NA,NA,29.966,NA,1.586,21.105,12.471
09/08/2024 09:00:00 PM,694.348,25.326,1.13,67.396,78.506,0,-999,NA,NA,NA,NA,20.484,NA,1.45,23.081,12.344
09/08/2024 10:00:00 PM,695.065,24.975,0.929,274.506,78.929,0,-999,NA,NA,NA,NA,20.36,NA,2.296,25.386,14.052
09/08/2024 11:00:00 PM,695.209,24.689,0.949,57.169,73.878,0,-999,NA,NA,NA,NA,19.249,NA,2.054,21.591,13.016
09/09/2024 12:00:00 AM,695.065,23.919,0.833,104.503,75.309,0,-999,NA,NA,NA,NA,21.243,NA,1.793,18.89,11.605
09/09/2024 01:00:00 AM,694.604,23.076,0.923,161.998,80.962,0,-999,NA,NA,NA,NA,12.167,NA,1.776,23.417,13.333
09/09/2024 02:00:00 AM,694.218,22.807,0.828,227.057,85.593,0,-999,NA,NA,NA,NA,6.408,NA,1.571,31.445,16.3
09/09/2024 03:00:00 AM,694.038,22.67,1.025,12.462,85.591,0,-999,NA,NA,NA,NA,4.265,NA,0.923,29.546,16.964
09/09/2024 04:00:00 AM,694.136,22.239,0.832,326.953,83.572,0,-999,NA,NA,NA,NA,7.794,NA,0.379,21.703,12.939
09/09/2024 05:00:00 AM,694.361,22.024,0.622,129.97,82.202,0,-999,NA,NA,NA,NA,5.243,NA,0.262,16.905,10.827
09/09/2024 06:00:00 AM,694.603,21.943,0.939,345.227,84.447,0.096,-999,NA,NA,NA,NA,4.327,NA,0.735,22.452,13.557
09/09/2024 07:00:00 AM,695.094,21.655,0.946,10.506,87.96,23.312,-999,NA,NA,NA,NA,3.926,NA,0.891,40.432,20.329
09/09/2024 08:00:00 AM,695.68,23.832,1.244,33.587,79.6,121.284,-999,NA,NA,NA,NA,3.926,NA,1.079,50.508,22.739
09/09/2024 09:00:00 AM,696.28,26.125,1.133,339.49,71.062,571.055,-999,NA,NA,NA,NA,14.229,NA,0.338,41.911,20.776
09/09/2024 10:00:00 AM,696.373,27.994,2.143,334.305,62.438,754.532,-999,NA,NA,NA,NA,42.61,NA,0.29,36.025,17.544
09/09/2024 11:00:00 AM,695.914,30.015,2.347,259.856,53.728,703.233,-999,NA,NA,NA,NA,71.662,NA,0.262,25.563,12.876
09/09/2024 12:00:00 PM,695.13,31.007,3.675,350.484,52.706,603.151,-999,NA,NA,NA,NA,67.285,NA,0.262,23.792,12.533
09/09/2024 01:00:00 PM,694.331,30.443,3.104,322.303,58.195,320.014,-999,NA,NA,NA,NA,54.44,NA,0.262,23.079,13.173
09/09/2024 02:00:00 PM,693.462,30.529,5.057,339.125,58.635,344.89,-999,NA,NA,NA,NA,48.809,NA,0.262,19.365,12.683
09/09/2024 03:00:00 PM,692.99,29.69,4.811,336.209,63.658,218.015,-999,NA,NA,NA,NA,48.677,NA,0.262,19.702,13.409
09/09/2024 04:00:00 PM,692.64,29.275,3.736,317.571,67.199,133.109,-999,NA,NA,NA,NA,51.901,NA,0.262,24.44,14.804
09/09/2024 05:00:00 PM,692.673,28.539,2.598,306.173,72.34,49.122,-999,NA,NA,NA,NA,49.374,NA,0.356,26.683,15.101
09/09/2024 06:00:00 PM,692.734,27.937,2.375,322.928,74.839,27.566,-999,NA,NA,NA,NA,43.58,NA,0.51,30.677,16.058
09/09/2024 07:00:00 PM,693.232,27.245,2.05,307.264,76.974,0.128,-999,NA,NA,NA,NA,42.077,NA,0.337,27.705,15.924
09/09/2024 08:00:00 PM,693.823,26.852,1.059,329.648,78.133,0,-999,NA,NA,NA,NA,37.897,NA,0.428,27.257,17.042
09/09/2024 09:00:00 PM,694.64,26.365,1.404,12.471,79.532,0,-999,NA,NA,NA,NA,24.59,NA,0.494,34.051,19.493
09/09/2024 10:00:00 PM,694.912,26.252,1.428,89.731,77.959,0,-999,NA,NA,NA,NA,19.71,NA,0.387,29.089,17.824
09/09/2024 11:00:00 PM,694.875,25.929,1.444,117.918,77.473,0,-999,NA,NA,NA,NA,20.804,NA,0.453,27.312,17.213
09/10/2024 12:00:00 AM,694.536,25.493,1.467,55.702,76.975,0,-999,NA,NA,NA,NA,21.061,NA,0.491,22.533,15.148
09/10/2024 01:00:00 AM,694.391,24.485,0.728,33.586,82.527,0,-999,NA,NA,NA,NA,4.831,NA,0.305,31.937,19.652
09/10/2024 02:00:00 AM,694.065,23.924,0.835,67.38,83.2,0,-999,NA,NA,NA,NA,6.216,NA,0.262,27.071,17.749
09/10/2024 03:00:00 AM,694.124,23.721,1.027,130.149,81.513,0,-999,NA,NA,NA,NA,13.087,NA,0.262,22.67,15.493
09/10/2024 04:00:00 AM,694.396,23.134,0.837,1.675,84.798,0,-999,NA,NA,NA,NA,7.192,NA,0.262,24.263,16.724
09/10/2024 05:00:00 AM,694.545,23.19,1.297,56.493,81.044,0,-999,NA,NA,NA,NA,10.119,NA,0.262,19.211,13.863
09/10/2024 06:00:00 AM,694.718,22.977,0.868,313.149,82.141,0.177,-999,NA,NA,NA,NA,4.183,NA,0.262,25.919,15.782
09/10/2024 07:00:00 AM,694.936,23.526,0.912,122.456,80.653,25.052,-999,NA,NA,NA,NA,3.926,NA,0.262,30.299,17.858
09/10/2024 08:00:00 AM,695.013,24.084,1.096,231.871,80.894,77.172,-999,NA,NA,NA,NA,3.926,NA,0.262,50.383,25.057
09/10/2024 09:00:00 AM,695.23,26.027,1.522,19.117,73.756,521.564,-999,NA,NA,NA,NA,13.332,NA,0.262,48.395,24.038
09/10/2024 10:00:00 AM,695.166,28.651,1.744,23.7,63.038,733.191,-999,NA,NA,NA,NA,44.836,NA,0.262,33.191,17.955
09/10/2024 11:00:00 AM,694.673,30.634,2.034,66.638,58.409,676.682,-999,NA,NA,NA,NA,64.289,NA,0.262,33.494,18.199
09/10/2024 12:00:00 PM,694.037,30.115,3.849,308.99,63.765,859.56,-999,NA,NA,NA,NA,50.499,NA,0.262,23.674,13.674
09/10/2024 01:00:00 PM,693.381,29.812,5.407,351.985,63.68,275.5,-999,NA,NA,NA,NA,42.417,NA,0.262,19.879,12.457
09/10/2024 02:00:00 PM,693.079,28.877,4.494,357.895,67.737,191.706,-999,NA,NA,NA,NA,40.368,NA,0.262,18.364,12.167
09/10/2024 03:00:00 PM,692.643,28.654,2.25,348.988,70.15,189.563,-999,NA,NA,NA,NA,38.852,NA,0.262,25.67,13.854
09/10/2024 04:00:00 PM,691.98,29.342,2.08,229.583,66.582,177.044,-999,NA,NA,NA,NA,45.22,NA,0.262,26.411,13.982
09/10/2024 05:00:00 PM,691.684,29.211,2.961,334.437,66.225,91.946,-999,NA,NA,NA,NA,45.942,NA,0.262,19.647,12.655
09/10/2024 06:00:00 PM,692.216,28.485,3.114,330.194,66.015,18.189,-999,NA,NA,NA,NA,48.302,NA,0.262,25.588,13.674
09/10/2024 07:00:00 PM,692.374,27.519,2.242,327.139,69.874,0.177,-999,NA,NA,NA,NA,42.372,NA,0.262,31.415,14.827
09/10/2024 08:00:00 PM,692.974,26.988,1.951,319.329,72.481,0,-999,NA,NA,NA,NA,30.04,NA,0.262,29.587,16.55
09/10/2024 09:00:00 PM,693.894,26.379,1.322,313.111,75.106,0,-999,NA,NA,NA,NA,29.041,NA,0.262,30.077,16.01
09/10/2024 10:00:00 PM,694.504,25.878,1.137,40.507,75.418,0,-999,NA,NA,NA,NA,24.576,NA,0.262,34.501,17.324
09/10/2024 11:00:00 PM,694.661,25.388,1.425,26.346,74.443,0,-999,NA,NA,NA,NA,31.96,NA,0.262,22.418,13.253
09/11/2024 12:00:00 AM,694.342,25.139,0.775,30.139,74.583,0,-999,NA,NA,NA,NA,20.337,NA,0.262,24.365,13.614
09/11/2024 01:00:00 AM,693.909,24.189,0.821,106.153,78.135,0,-999,NA,NA,NA,NA,9.863,NA,0.905,29.87,15.385
09/11/2024 02:00:00 AM,693.509,23.844,0.783,51.552,78.054,0,-999,NA,NA,NA,NA,10.666,NA,1.08,27.683,16.01
09/11/2024 03:00:00 AM,693.539,22.827,0.852,84.372,83.903,0,-999,NA,NA,NA,NA,3.926,NA,1.194,30.435,17.276
09/11/2024 04:00:00 AM,693.672,22.516,0.673,171.828,84.735,0,-999,NA,NA,NA,NA,3.986,NA,1.246,32.388,18.894
09/11/2024 05:00:00 AM,693.832,22.316,0.93,319.187,82.364,0,-999,NA,NA,NA,NA,5.222,NA,0.834,26.684,14.476
09/11/2024 06:00:00 AM,693.972,23.198,0.948,86.404,74.186,0.37,-999,NA,NA,NA,NA,6.906,NA,0.262,15.472,9.981
09/11/2024 07:00:00 AM,694.231,23.376,0.84,15.162,78.886,20.235,-999,NA,NA,NA,NA,3.926,NA,2.251,35.658,17.495
09/11/2024 08:00:00 AM,694.523,24.025,1.308,14.516,80.784,103.449,-999,NA,NA,NA,NA,8.634,NA,2.379,51.646,23.806
09/11/2024 09:00:00 AM,694.779,26.838,1.742,287.61,71.641,582.464,-999,NA,NA,NA,NA,21.753,NA,0.386,43.348,22.672
09/11/2024 10:00:00 AM,694.734,28.01,2.347,350.611,65.543,435.599,-999,NA,NA,NA,NA,52.88,NA,0.508,34.417,18.84
09/11/2024 11:00:00 AM,694.311,30.616,2.397,275.7,54.958,701.526,-999,NA,NA,NA,NA,77.704,NA,0.262,25.199,14.923
09/11/2024 12:00:00 PM,693.506,31.145,4.063,345.679,54.76,1115.728,-999,NA,NA,NA,NA,72.392,NA,0.279,22.193,13.149
09/11/2024 01:00:00 PM,692.757,31.175,4.898,337.343,55.602,689.297,-999,NA,NA,NA,NA,61.44,NA,0.276,22.009,13.51
09/11/2024 02:00:00 PM,692.202,30.598,4.571,295.582,60.558,396.059,-999,NA,NA,NA,NA,49.841,NA,0.294,21.11,11.875
09/11/2024 03:00:00 PM,691.841,29.606,4.411,313.287,64.34,167.99,-999,NA,NA,NA,NA,47.407,NA,0.315,18.627,11.316
09/11/2024 04:00:00 PM,691.735,28.704,4.442,341.114,69.199,118.045,-999,NA,NA,NA,NA,47.196,NA,0.555,20.442,12.136
09/11/2024 05:00:00 PM,691.816,28.557,3.321,338.289,68.621,86.629,-999,NA,NA,NA,NA,43.34,NA,0.579,22.479,13.437
09/11/2024 06:00:00 PM,692.092,27.986,2.78,330.153,67.174,15.128,-999,NA,NA,NA,NA,37.002,NA,0.499,25.066,13.931
09/11/2024 07:00:00 PM,692.259,27.145,2.019,340.127,63.498,0,-999,NA,NA,NA,NA,37.336,NA,0.429,23.803,12.952
09/11/2024 08:00:00 PM,692.552,26.208,1.532,34.442,66.546,0,-999,NA,NA,NA,NA,20.008,NA,1.04,31.887,16.422
09/11/2024 09:00:00 PM,693.716,25.292,1.271,75.937,72.64,0,-999,NA,NA,NA,NA,27.778,NA,2.286,21.387,12.331
09/11/2024 10:00:00 PM,694.218,25.002,1.418,116.82,72.29,0,-999,NA,NA,NA,NA,21.002,NA,2.626,20.797,12.5
09/11/2024 11:00:00 PM,694.384,24.595,0.691,281.769,73.474,0,-999,NA,NA,NA,NA,16.079,NA,3.919,24.96,13.282
09/12/2024 12:00:00 AM,694.459,24.129,0.721,317.223,75.55,0,-999,NA,NA,NA,NA,8.442,NA,4.035,30.623,15.716
09/12/2024 01:00:00 AM,694.13,23.989,0.937,217.972,74.632,0,-999,NA,NA,NA,NA,12.102,NA,2.056,24.648,14.531
09/12/2024 02:00:00 AM,693.46,23.653,0.703,303.058,76.7,0,-999,NA,NA,NA,NA,7.574,NA,4.163,24.497,14.094
09/12/2024 03:00:00 AM,693.091,23.045,0.728,182.074,79.568,0,-999,NA,NA,NA,NA,4.025,NA,1.987,29.341,15.751
09/12/2024 04:00:00 AM,693.352,22.795,0.783,118.178,79.486,0,-999,NA,NA,NA,NA,5.965,NA,1.665,24.417,14.557
09/12/2024 05:00:00 AM,693.584,22.55,1.122,218.52,78.066,0,-999,NA,NA,NA,NA,12.769,NA,3.092,17.158,10.805
09/12/2024 06:00:00 AM,694.068,21.984,0.856,129.854,79.762,0.193,-999,NA,NA,NA,NA,3.926,NA,6.241,22.786,13.098
09/12/2024 07:00:00 AM,694.236,22.92,1.013,346.553,80.01,40.245,-999,NA,NA,NA,NA,4.367,NA,3.107,35.582,15.977
09/12/2024 08:00:00 AM,694.64,24.549,0.914,329.861,75.213,128.389,-999,NA,NA,NA,NA,6.635,NA,2.869,35.732,18.072
09/12/2024 09:00:00 AM,695.204,25.794,2.046,359.278,71.687,476.824,-999,NA,NA,NA,NA,16.171,NA,1.511,44.756,19.111
09/12/2024 10:00:00 AM,695.265,28.164,1.608,130.615,61.489,623.08,-999,NA,NA,NA,NA,48.73,NA,0.657,43.097,18.093
09/12/2024 11:00:00 AM,694.94,29.916,1.745,334.222,57.415,469.928,-999,NA,NA,NA,NA,69.635,NA,0.718,30.872,14.695
09/12/2024 12:00:00 PM,694.262,30.573,2.735,22.323,56.76,599.043,-999,NA,NA,NA,NA,77.1,NA,0.56,26.894,13.24
09/12/2024 01:00:00 PM,693.443,30.473,3.626,271.028,59.209,421.611,-999,NA,NA,NA,NA,60.466,NA,0.806,25.39,14.657
09/12/2024 02:00:00 PM,692.889,29.593,4.16,333.73,63.885,228.584,-999,NA,NA,NA,NA,54.691,NA,0.837,22.448,12.636
09/12/2024 03:00:00 PM,692.493,29.448,4.54,321.268,67.23,445.407,-999,NA,NA,NA,NA,54.701,NA,1.115,29.18,20.399
09/12/2024 04:00:00 PM,692.127,29.357,5.432,330.601,66.562,187.823,-999,NA,NA,NA,NA,56.913,NA,1.109,19.799,13.785
09/12/2024 05:00:00 PM,692.394,28.314,4.613,325.019,71.615,97.262,-999,NA,NA,NA,NA,53.272,NA,1.814,21.308,14.688
09/12/2024 06:00:00 PM,693.033,25.481,1.795,285.47,85.704,5.332,-999,NA,NA,NA,NA,28.784,NA,1.868,28.684,19.283
09/12/2024 07:00:00 PM,693.89,24.694,1.496,111.174,85.309,0,-999,NA,NA,NA,NA,20.256,NA,1.92,28.25,18.557
09/12/2024 08:00:00 PM,694.823,22.515,2.521,103.929,92.925,0,-999,NA,NA,NA,NA,25.922,NA,1.744,19.479,12.6
09/12/2024 09:00:00 PM,694.994,21.832,1.001,64.526,97.314,0,-999,NA,NA,NA,NA,10.02,NA,1.851,26.979,13.575
09/12/2024 10:00:00 PM,695.289,21.737,1.155,248.722,97.645,0,-999,NA,NA,NA,NA,6.5,NA,2.33,33.8,17.096
09/12/2024 11:00:00 PM,695.38,21.363,1.111,112.055,97.838,0,-999,NA,NA,NA,NA,3.926,NA,1.896,35.216,17.717
09/13/2024 12:00:00 AM,695.725,21.16,1.162,92.382,97.949,0,-999,NA,NA,NA,NA,3.926,NA,2.297,31.405,17.113
09/13/2024 01:00:00 AM,695.192,20.991,1.609,106.156,96.138,0,-999,NA,NA,NA,NA,4.687,NA,1.29,21.846,13.697
09/13/2024 02:00:00 AM,694.684,21.339,1.111,102.41,92.977,0,-999,NA,NA,NA,NA,3.926,NA,0.668,22.201,13.53
09/13/2024 03:00:00 AM,694.712,21.265,0.8,182.757,95.213,0,-999,NA,NA,NA,NA,3.926,NA,0.364,27.743,15.894
09/13/2024 04:00:00 AM,694.824,21.205,0.876,211.845,95.47,0,-999,NA,NA,NA,NA,3.926,NA,0.357,27.553,16.15
09/13/2024 05:00:00 AM,695.189,21.074,0.987,103.948,93.519,0,-999,NA,NA,NA,NA,3.926,NA,0.368,21.943,13.132
09/13/2024 06:00:00 AM,695.439,21.091,1.037,34.669,92.219,0.032,-999,NA,NA,NA,NA,3.926,NA,0.375,24.488,13.731
09/13/2024 07:00:00 AM,695.916,21.18,1.136,29.023,90.078,19.429,-999,NA,NA,NA,NA,3.926,NA,0.653,27.118,14.184
09/13/2024 08:00:00 AM,696.267,22.135,1.215,109.719,88.483,118.159,-999,NA,NA,NA,NA,3.926,NA,0.5,34.121,17.455
09/13/2024 09:00:00 AM,696.594,24.026,1.493,306.23,83.626,408.561,-999,NA,NA,NA,NA,4.63,NA,0.273,46.719,22.711
09/13/2024 10:00:00 AM,696.552,26.078,1.473,15.036,78.008,572.508,-999,NA,NA,NA,NA,17.088,NA,0.311,47.164,25.582
09/13/2024 11:00:00 AM,695.808,27.801,1.981,295.671,70.481,675.023,-999,NA,NA,NA,NA,55.01,NA,0.297,35.421,23.569
09/13/2024 12:00:00 PM,695.1,29.61,1.685,322.321,58.872,456.878,-999,NA,NA,NA,NA,68.294,NA,0.414,25.07,16.6
09/13/2024 01:00:00 PM,694.089,30.752,1.46,193.436,54.279,418.018,-999,NA,NA,NA,NA,56.992,NA,0.381,20.491,13.452
09/13/2024 02:00:00 PM,692.877,31.737,1.908,259.946,55.666,470.67,-999,NA,NA,NA,NA,66.102,NA,0.54,18.851,13.003
09/13/2024 03:00:00 PM,692.398,30.01,4.055,284.38,66.512,300.279,-999,NA,NA,NA,NA,52.22,NA,0.327,18.384,11.394
09/13/2024 04:00:00 PM,692.264,29.089,3.342,339.583,72,164.639,-999,NA,NA,NA,NA,38.711,NA,0.28,15.587,10.376
09/13/2024 05:00:00 PM,692.608,28.462,3.35,327.328,74.625,108.733,-999,NA,NA,NA,NA,34.431,NA,0.48,18.568,9.849
09/13/2024 06:00:00 PM,693.113,27.163,3.758,332.855,80.78,24.956,-999,NA,NA,NA,NA,31.56,NA,0.537,18.7,13.298
09/13/2024 07:00:00 PM,693.886,26.16,2.727,338.311,84.954,0.241,-999,NA,NA,NA,NA,32.342,NA,0.421,18.843,11.393
09/13/2024 08:00:00 PM,694.676,25.906,1.171,321.471,86.414,0,-999,NA,NA,NA,NA,28.439,NA,0.606,22.553,11.846
09/13/2024 09:00:00 PM,695.067,25.59,1.305,75.91,88.024,0,-999,NA,NA,NA,NA,17.854,NA,0.574,21.507,12.853
09/13/2024 10:00:00 PM,695.203,25.041,1.211,38.706,90.249,0,-999,NA,NA,NA,NA,9.097,NA,1.051,24.944,15.194
09/13/2024 11:00:00 PM,695.323,24.575,1.035,154.059,92.247,0,-999,NA,NA,NA,NA,5.136,NA,0.838,24.261,14.967
09/14/2024 12:00:00 AM,695.222,23.958,0.802,39.869,94.379,0,-999,NA,NA,NA,NA,3.926,NA,0.956,28.444,16.078
09/14/2024 01:00:00 AM,694.745,23.688,0.839,20.731,94.625,0,-999,NA,NA,NA,NA,3.926,NA,0.569,32.298,16.975
09/14/2024 02:00:00 AM,694.359,23.324,0.987,188.292,93.227,0,-999,NA,NA,NA,NA,3.926,NA,0.262,31.073,15.956
09/14/2024 03:00:00 AM,694.331,22.98,0.997,171.675,93.212,0,-999,NA,NA,NA,NA,3.926,NA,0.297,29.409,15.404
09/14/2024 04:00:00 AM,694.311,22.923,0.995,267.191,92.966,0,-999,NA,NA,NA,NA,3.926,NA,0.281,28.9,15.63
09/14/2024 05:00:00 AM,694.356,23.096,0.84,265.682,91.344,0,-999,NA,NA,NA,NA,3.926,NA,0.262,22.322,13.011
09/14/2024 06:00:00 AM,694.539,22.712,0.907,15.602,93.462,0.048,-999,NA,NA,NA,NA,3.926,NA,0.262,29.464,15.714
09/14/2024 07:00:00 AM,694.632,22.744,0.849,323.216,93.348,13.791,-999,NA,NA,NA,NA,3.926,NA,0.411,32.051,16.551
09/14/2024 08:00:00 AM,695.112,24.977,1.272,289.776,82.857,65.072,-999,NA,NA,NA,NA,3.926,NA,0.262,36.294,18.432
09/14/2024 09:00:00 AM,695.261,26.911,0.948,125.613,73.578,459.553,-999,NA,NA,NA,NA,13.195,NA,0.262,32.211,16.847
09/14/2024 10:00:00 AM,695.108,29.218,1.343,54.078,61.434,741.646,-999,NA,NA,NA,NA,34.556,NA,0.262,30.48,13.61
09/14/2024 11:00:00 AM,694.748,29.657,2.845,277.45,63.049,609.66,-999,NA,NA,NA,NA,51.3,NA,0.262,18.633,10.671
09/14/2024 12:00:00 PM,694.289,30.184,4.685,332.942,62.926,984.035,-999,NA,NA,NA,NA,47.261,NA,0.262,16.444,9.843
09/14/2024 01:00:00 PM,693.807,30.228,5.424,335.682,62.048,869.864,-999,NA,NA,NA,NA,44.665,NA,0.262,13.384,8.396
09/14/2024 02:00:00 PM,693.143,30.13,5.543,339.61,63.335,513.799,-999,NA,NA,NA,NA,43.762,NA,0.262,14.609,9.559
09/14/2024 03:00:00 PM,692.676,30.082,5.288,340.468,64.733,563.211,-999,NA,NA,NA,NA,43.285,NA,0.262,13.992,9.036
09/14/2024 04:00:00 PM,692.354,28.266,4.422,359.97,72.027,78.686,-999,NA,NA,NA,NA,39.555,NA,0.262,15.385,9.997
09/14/2024 05:00:00 PM,692.476,28.144,2.667,339.641,72.835,66.555,-999,NA,NA,NA,NA,33.375,NA,0.262,18.346,10.775
09/14/2024 06:00:00 PM,692.548,27.986,2.093,330.234,73.658,13.001,-999,NA,NA,NA,NA,30.124,NA,0.262,19.449,10.392
09/14/2024 07:00:00 PM,693.089,27.364,1.411,51.07,73.579,0,-999,NA,NA,NA,NA,21.062,NA,0.262,20.932,11.224
09/14/2024 08:00:00 PM,693.578,26.382,2.011,108.991,72.231,0,-999,NA,NA,NA,NA,20.158,NA,0.262,16.266,8.829
09/14/2024 09:00:00 PM,694.478,26.109,1.618,88.867,69.851,0,-999,NA,NA,NA,NA,18.367,NA,0.262,15.854,9.174
09/14/2024 10:00:00 PM,694.684,25.653,1.836,108.338,69.656,0,-999,NA,NA,NA,NA,18.552,NA,0.262,14.142,8.485
09/14/2024 11:00:00 PM,694.756,25.337,1.691,101.693,68.409,0,-999,NA,NA,NA,NA,22.832,NA,0.267,13.754,7.934
09/15/2024 12:00:00 AM,694.605,25.252,1.171,152.317,66.896,0,-999,NA,NA,NA,NA,18.895,NA,0.578,14.583,8.121
09/15/2024 01:00:00 AM,694.398,24.806,0.797,321.144,69.725,0,-999,NA,NA,NA,NA,15.779,NA,2.157,16.757,9.749
09/15/2024 02:00:00 AM,694.07,24.191,0.776,338.002,78.748,0,-999,NA,NA,NA,NA,7.764,NA,3.194,22.624,12.883
09/15/2024 03:00:00 AM,693.821,23.92,1.067,7.39,72.075,0,-999,NA,NA,NA,NA,14.868,NA,0.533,16.78,9.882
09/15/2024 04:00:00 AM,693.791,23.805,0.966,47.197,74.542,0,-999,NA,NA,NA,NA,20.719,NA,1.568,14.256,8.513
09/15/2024 05:00:00 AM,694.072,23.383,1.094,224.167,79.611,0,-999,NA,NA,NA,NA,8.51,NA,0.968,17.381,10.885
09/15/2024 06:00:00 AM,694.261,23.066,0.609,359.214,77.569,0.048,-999,NA,NA,NA,NA,6.053,NA,1.111,20.971,11.905
09/15/2024 07:00:00 AM,694.729,23.274,1.007,249.895,77.547,9.215,-999,NA,NA,NA,NA,5.662,NA,0.484,26.789,13.551
09/15/2024 08:00:00 AM,695.117,25.884,1.205,308.25,64.138,69.616,-999,NA,NA,NA,NA,18.335,NA,0.34,18.273,9.525
09/15/2024 09:00:00 AM,694.99,27.681,1.73,84.325,63.879,634.713,-999,NA,NA,NA,NA,28.332,NA,2.255,18.746,10.653
09/15/2024 10:00:00 AM,694.642,28.85,2.406,258.213,60.099,629.589,-999,NA,NA,NA,NA,51.082,NA,0.351,16.654,9.536
09/15/2024 11:00:00 AM,694.121,30.898,2.093,266.216,51.954,794.277,-999,NA,NA,NA,NA,65.529,NA,0.262,13.724,8.381
09/15/2024 12:00:00 PM,693.085,31.833,4.134,164.343,51.406,1071.841,-999,NA,NA,NA,NA,63.479,NA,0.262,14.73,8.589
09/15/2024 01:00:00 PM,692.401,31.176,5.912,336.217,59.635,840.613,-999,NA,NA,NA,NA,52.717,NA,0.262,18.081,10.824
09/15/2024 02:00:00 PM,692.071,31.029,5.317,331.716,62.812,632.634,-999,NA,NA,NA,NA,46.609,NA,0.262,17.148,10.843
09/15/2024 03:00:00 PM,691.733,31.126,4.958,320.376,63.075,485.711,-999,NA,NA,NA,NA,47.778,NA,0.264,16.883,10.776
09/15/2024 04:00:00 PM,691.431,30.304,4.517,326.153,66.315,135.881,-999,NA,NA,NA,NA,49.171,NA,0.365,16.942,11.081
09/15/2024 05:00:00 PM,691.988,27.014,3.33,348.748,81.92,10.004,-999,NA,NA,NA,NA,39.822,NA,0.315,18.546,11.658
09/15/2024 06:00:00 PM,692.54,25.995,1.795,329.907,87.531,6.041,-999,NA,NA,NA,NA,24.543,NA,0.388,20.703,12.571
09/15/2024 07:00:00 PM,692.373,25.18,1.388,312.278,81.002,0,-999,NA,NA,NA,NA,25.779,NA,0.634,16.746,8.964
09/15/2024 08:00:00 PM,693.537,25.041,1.594,28.291,77.149,0,-999,NA,NA,NA,NA,16.935,NA,0.48,14.29,6.885
09/15/2024 09:00:00 PM,694.664,24.839,1.547,56.038,76.897,0,-999,NA,NA,NA,NA,14.798,NA,0.662,14.049,6.547
09/15/2024 10:00:00 PM,695.633,23.491,3.175,199.531,83.722,0,-999,NA,NA,NA,NA,20.097,NA,0.585,16.008,6.815
09/15/2024 11:00:00 PM,695.349,22.715,3.119,207.863,85.919,0,-999,NA,NA,NA,NA,26.541,NA,0.582,10.643,5.868
09/16/2024 12:00:00 AM,695.143,22.854,2.645,161.134,84.141,0,0,NA,NA,NA,NA,26.274,NA,0.841,10.482,6.267
09/16/2024 01:00:00 AM,694.607,22.513,1.493,183.46,86.015,0,0,NA,NA,NA,NA,15.706,NA,0.733,11.342,6.431
09/16/2024 02:00:00 AM,694.166,22.851,1.614,183.179,80.387,0,0,NA,NA,NA,NA,21.747,NA,0.85,9.085,4.989
09/16/2024 03:00:00 AM,693.734,23.488,2.322,147.595,75.832,0,0,NA,NA,NA,NA,23.869,NA,0.64,7.653,4.16
09/16/2024 04:00:00 AM,693.605,22.985,1.274,98.795,75.77,0,0,NA,NA,NA,NA,20.174,NA,0.43,7.174,3.857
09/16/2024 05:00:00 AM,693.538,22.105,1.182,190.292,81.269,0,0,NA,NA,NA,NA,15.274,NA,0.604,8.175,4.073
09/16/2024 06:00:00 AM,693.538,21.799,1.134,338.113,81.021,0.179,0,NA,NA,NA,NA,5.097,NA,1.045,10.623,4.936
09/16/2024 07:00:00 AM,693.837,21.808,1.038,216.177,81.021,8.893,0,NA,NA,NA,NA,3.926,NA,1.639,18.118,7.687
09/16/2024 08:00:00 AM,694.145,22.678,1.351,287.828,79.153,51.088,0,NA,NA,NA,NA,5.599,NA,0.962,17.298,7.358
09/16/2024 09:00:00 AM,694.3,24.272,1.173,23.334,74.858,396.043,0,NA,NA,NA,NA,9.348,NA,1.572,22.62,8.573
09/16/2024 10:00:00 AM,694.319,27.423,1.323,261.384,65.111,635.752,0,NA,NA,NA,NA,30.775,NA,0.69,15.341,6.659
09/16/2024 11:00:00 AM,693.996,28.914,2.212,29.469,59.294,456.959,0,NA,NA,NA,NA,44.997,NA,0.368,21.274,7.59
09/16/2024 12:00:00 PM,693.515,30.005,4.009,357.834,56.584,869.065,0,NA,NA,NA,NA,56.281,NA,0.288,16.786,7.47
09/16/2024 01:00:00 PM,693.009,30.363,4.201,336.062,56.234,635.857,0,NA,NA,NA,NA,49.184,NA,0.262,11.064,6.411
09/16/2024 02:00:00 PM,692.521,29.807,4.224,329.046,57.719,236.446,0,NA,NA,NA,NA,43.336,NA,0.262,11.088,6.147
09/16/2024 03:00:00 PM,692.208,29.239,4.726,335.558,60.734,149.188,0,NA,NA,NA,NA,46.493,NA,0.384,12.991,7.734
09/16/2024 04:00:00 PM,692.184,29.098,2.563,325.139,62.18,85.066,0,NA,NA,NA,NA,48.1,NA,0.731,17.826,9.627
09/16/2024 05:00:00 PM,692.213,28.185,1.778,335.105,69.007,84.341,0,NA,NA,NA,NA,34.65,NA,0.407,23.179,11.758
09/16/2024 06:00:00 PM,692.189,28.061,1.472,52.93,70.806,23.264,0,NA,NA,NA,NA,28.518,NA,0.765,23.266,13.857
09/16/2024 07:00:00 PM,692.635,26.62,1.897,111.967,76.073,0,0.2,NA,NA,NA,NA,20.695,NA,0.925,30.399,22.08
09/16/2024 08:00:00 PM,693.585,25.779,1.541,123.105,79.403,0,0,NA,NA,NA,NA,15.931,NA,0.953,24.208,15.171
09/16/2024 09:00:00 PM,694.627,25.443,1.483,84.876,79.473,0,0,NA,NA,NA,NA,10.966,NA,1.121,25.89,16.469
09/16/2024 10:00:00 PM,695.223,25.458,1.752,107.251,77.009,0,0,NA,NA,NA,NA,13.596,NA,0.567,16.492,9.823
09/16/2024 11:00:00 PM,695.885,23.134,2.406,167.593,82.937,0,1.8,NA,NA,NA,NA,22.702,NA,0.468,18.493,9.499
09/17/2024 12:00:00 AM,694.151,21.351,1.506,86.107,92.678,0,0,NA,NA,NA,NA,15.419,NA,0.945,21.326,10.268
09/17/2024 01:00:00 AM,694.381,21.186,1.788,45.735,92.448,0,0,NA,NA,NA,NA,13.229,NA,0.553,20.819,9.671
09/17/2024 02:00:00 AM,695.506,20.98,1.375,91.388,93.881,0,0,NA,NA,NA,NA,8.373,NA,0.262,23.568,11.182
09/17/2024 03:00:00 AM,694.696,21.12,1.375,118.217,91.577,0,0,NA,NA,NA,NA,9.403,NA,0.262,17.782,9.029
09/17/2024 04:00:00 AM,695.278,20.507,1.286,73.901,95.462,0,6.8,NA,NA,NA,NA,3.926,NA,0.262,23.871,12.781
09/17/2024 05:00:00 AM,695.414,20.879,1.137,111.984,93.014,0,0,NA,NA,NA,NA,3.926,NA,0.262,18.632,10.931
09/17/2024 06:00:00 AM,694.93,20.462,1.268,265.298,94.023,0.741,0,NA,NA,NA,NA,3.926,NA,0.262,24.74,14.817
09/17/2024 07:00:00 AM,695.454,20.742,1.061,169.419,93.408,44.063,0,NA,NA,NA,NA,3.926,NA,0.262,28.798,15.5
09/17/2024 08:00:00 AM,695.712,22.697,1.157,290.795,86.195,120.414,0,NA,NA,NA,NA,3.926,NA,0.262,27.75,15.777
09/17/2024 09:00:00 AM,695.907,24.119,1.525,12.525,83.56,472.619,0,NA,NA,NA,NA,10.055,NA,0.262,36.407,19.278
09/17/2024 10:00:00 AM,695.562,26.084,2.415,353.743,75.228,770.9,12.399,NA,NA,NA,NA,31.544,NA,-999,28.299,13.886
09/17/2024 11:00:00 AM,695.041,27.709,2.663,262.058,67.435,520.453,8.8,NA,NA,NA,NA,49.782,NA,-999,16.429,8.069
09/17/2024 12:00:00 PM,694.361,29.585,2.112,267.907,57.902,730.267,0,NA,NA,NA,NA,59.695,NA,-999,16.463,7.601
09/17/2024 01:00:00 PM,693.442,31.872,1.67,303.971,44.146,727.353,0.2,NA,NA,NA,NA,47.724,NA,-999,11.726,5.247
09/17/2024 02:00:00 PM,692.831,31.349,1.62,64.905,48.192,125.795,0,NA,NA,NA,NA,-999,NA,2.272,13.456,5.821
09/17/2024 03:00:00 PM,692.371,29.635,3.724,332.269,67.923,282.153,0,NA,NA,NA,NA,63.287,NA,2.516,14.127,7.769
09/17/2024 04:00:00 PM,692.372,27.965,2.885,341.716,76.582,34.219,0,NA,NA,NA,NA,39.727,NA,2.247,12.867,7.753
09/17/2024 05:00:00 PM,692.34,26.871,2.254,351.997,82.137,44.515,0,NA,NA,NA,NA,29.044,NA,2.684,17.732,9.142
09/17/2024 06:00:00 PM,692.651,26.575,1.457,76.329,73.944,20.831,0,NA,NA,NA,NA,23.813,NA,3.471,15.002,7.362
09/17/2024 07:00:00 PM,693.127,26.023,1.153,114.763,74.864,0.08,0,NA,NA,NA,NA,13.203,NA,3.576,17.5,8.073
09/17/2024 08:00:00 PM,693.571,25.476,1.694,118.766,75.65,0,0,NA,NA,NA,NA,10.931,NA,3.738,14.329,7.046
09/17/2024 09:00:00 PM,693.976,25.208,1.658,101.532,73.935,0,0,NA,NA,NA,NA,11.865,NA,3.492,12.351,6.13
09/17/2024 10:00:00 PM,694.338,24.935,0.983,344.678,72.175,0,0,NA,NA,NA,NA,10.121,NA,3.668,14.178,6.694
09/17/2024 11:00:00 PM,694.5,24.373,0.706,343.696,73.827,0,0,NA,NA,NA,NA,3.926,NA,4.351,18.886,9.835
09/18/2024 12:00:00 AM,694.161,24.183,0.74,188.005,72.541,0,0,NA,NA,NA,NA,5.802,NA,4.299,15.377,8.418
09/18/2024 01:00:00 AM,693.941,23.769,0.92,140.292,72.335,0,0,NA,NA,NA,NA,7.734,NA,2.36,13.108,6.985
09/18/2024 02:00:00 AM,693.472,23.188,0.483,98.623,75.796,0,0,NA,NA,NA,NA,7.797,NA,1.789,14.062,6.881
09/18/2024 03:00:00 AM,693.19,23.132,0.942,201.453,77.458,0,0,NA,NA,NA,NA,8.542,NA,0.657,13.554,6.908
09/18/2024 04:00:00 AM,693.024,23.169,0.902,58.927,76.002,0,0,NA,NA,NA,NA,10.783,NA,0.847,13.315,6.75
09/18/2024 05:00:00 AM,693.077,22.736,0.658,286.309,79.288,0,0,NA,NA,NA,NA,6.096,NA,0.344,15.308,7.596
09/18/2024 06:00:00 AM,693.246,22.297,0.783,189.184,79.708,0.37,0,NA,NA,NA,NA,3.926,NA,1.117,19.739,9.071
09/18/2024 07:00:00 AM,693.499,22.517,1.01,272.52,79.596,41.051,0,NA,NA,NA,NA,4.46,NA,0.58,19.349,9.776
09/18/2024 08:00:00 AM,693.73,23.799,0.899,265.845,76.253,109.813,0,NA,NA,NA,NA,3.926,NA,0.437,25.839,11.756
09/18/2024 09:00:00 AM,694.178,23.996,1.021,344.763,76.949,156.325,0,NA,NA,NA,NA,5.716,NA,0.559,41.41,14.882
09/18/2024 10:00:00 AM,694.267,26.248,1.212,283.045,67.497,421.95,0,NA,NA,NA,NA,23.101,NA,0.262,25.617,11.216
09/18/2024 11:00:00 AM,694.032,29.052,1.196,250.945,52.514,543.717,0,NA,NA,NA,NA,56.814,NA,0.262,20.923,9.142
09/18/2024 12:00:00 PM,693.661,29.654,3.035,321.82,53.109,417.648,0.2,NA,NA,NA,NA,62.431,NA,0.262,19.886,8.245
09/18/2024 01:00:00 PM,692.917,29.57,3.692,324.86,58.403,670.85,0,NA,NA,NA,NA,60.095,NA,0.29,15.919,7.93
09/18/2024 02:00:00 PM,692.071,30.977,3.905,299.459,53.382,813.369,0,NA,NA,NA,NA,65.284,NA,0.262,17.548,10.458
09/18/2024 03:00:00 PM,691.667,30.53,3.947,314.914,55.045,403.518,0,NA,NA,NA,NA,63.569,NA,0.262,17.215,10.148
09/18/2024 04:00:00 PM,691.575,29.913,2.966,317.906,55.935,103.014,0,NA,NA,NA,NA,66.289,NA,0.262,19.994,11.846
09/18/2024 05:00:00 PM,691.479,29.752,2.731,339.976,54.975,113.857,0,NA,NA,NA,NA,70.963,NA,0.262,24.518,18.886
09/18/2024 06:00:00 PM,691.515,29.351,1.946,20.834,58.127,24.956,0,NA,NA,NA,NA,41.888,NA,0.262,27.223,15.809
09/18/2024 07:00:00 PM,691.906,28.062,1.184,104.671,64.187,0,0,NA,NA,NA,NA,37.525,NA,0.403,26.41,15.315
09/18/2024 08:00:00 PM,692.465,26.908,1.684,120.818,67.917,0,0,NA,NA,NA,NA,34.283,NA,0.305,27.119,14.994
09/18/2024 09:00:00 PM,692.749,26.356,1.489,106.519,69.173,0,0,NA,NA,NA,NA,32.744,NA,0.27,22.027,13.209
09/18/2024 10:00:00 PM,693.38,25.667,1.474,93.715,70.564,0,0,NA,NA,NA,NA,28.147,NA,0.369,20.513,12.748
09/18/2024 11:00:00 PM,693.539,24.971,1.537,278.018,72.412,0,0,NA,NA,NA,NA,21.835,NA,1.286,23.025,14.153
09/19/2024 12:00:00 AM,693.305,23.793,1.162,51.113,77.731,0,0,NA,NA,NA,NA,10.087,NA,1.982,30.527,18.214
09/19/2024 01:00:00 AM,693.245,22.998,0.932,351.332,81.365,0,0,NA,NA,NA,NA,5.504,NA,1.798,39.526,22.326
09/19/2024 02:00:00 AM,692.866,22.802,1.218,75.013,78.849,0,0,NA,NA,NA,NA,6.222,NA,1.263,29.495,17.038
09/19/2024 03:00:00 AM,692.733,22.65,0.839,114.83,75.047,0,0,NA,NA,NA,NA,14.484,NA,1.032,17.072,10.773
09/19/2024 04:00:00 AM,693.006,21.756,0.894,9.278,81.795,0,0,NA,NA,NA,NA,3.926,NA,7.044,26.491,15.489
09/19/2024 05:00:00 AM,693.3,21.455,1.291,91.552,79.249,0,0,NA,NA,NA,NA,7.066,NA,3.61,22.33,12.951
09/19/2024 06:00:00 AM,693.501,21.711,1.37,116.893,74.522,0.773,0,NA,NA,NA,NA,14.161,NA,2.598,14.227,8.18
09/19/2024 07:00:00 AM,693.735,21.521,1.12,285.123,83.379,18.721,0,NA,NA,NA,NA,3.926,NA,6.443,38.625,20.443
09/19/2024 08:00:00 AM,694.02,23.699,1.311,334.937,75.795,95.168,0,NA,NA,NA,NA,6.874,NA,3.228,43.119,22.975
09/19/2024 09:00:00 AM,694.265,26.006,1.613,19.583,70.178,600.283,0,NA,NA,NA,NA,15.175,NA,2.589,55.254,28.151
09/19/2024 10:00:00 AM,694.426,28.687,1.518,320.127,59.225,699.519,0,NA,NA,NA,NA,53.004,NA,0.465,36.917,18.982
09/19/2024 11:00:00 AM,694.078,30.104,2.027,294.179,53.26,734.844,0,NA,NA,NA,NA,89.601,NA,0.304,25.565,15.973
09/19/2024 12:00:00 PM,693.14,31.144,2.976,354.032,52.505,1020.059,0,NA,NA,NA,NA,84.005,NA,0.263,23.787,14.794
09/19/2024 01:00:00 PM,692.515,31.303,3.162,334.673,54.968,537.159,0,NA,NA,NA,NA,58.805,NA,0.269,17.21,10.156
09/19/2024 02:00:00 PM,691.769,30.788,3.708,314.192,59.707,319.596,0,NA,NA,NA,NA,50.822,NA,0.262,20.153,12.012
09/19/2024 03:00:00 PM,691.081,30.372,4.441,350.596,61.654,625.836,0,NA,NA,NA,NA,47.274,NA,0.369,32.687,23.613
09/19/2024 04:00:00 PM,690.992,28.104,6.76,336.527,69.519,112.407,0,NA,NA,NA,NA,49.633,NA,0.862,21.215,10.76
09/19/2024 05:00:00 PM,691.022,23.883,2.718,333.243,79.457,9.892,0,NA,NA,NA,NA,39.859,NA,0.782,14.501,7.315
09/19/2024 06:00:00 PM,690.98,23.567,1.816,36.648,80.206,3.866,0,NA,NA,NA,NA,24.746,NA,1.06,20.17,9.193
09/19/2024 07:00:00 PM,691.833,24.162,1.128,357.048,78.477,0,0,NA,NA,NA,NA,9.949,NA,1.221,32.157,11.266
09/19/2024 08:00:00 PM,692.694,23.953,1.598,344.921,81.493,0,0.2,NA,NA,NA,NA,10.613,NA,0.833,25.903,11.865
09/19/2024 09:00:00 PM,693.388,23.219,2.306,109.193,85.096,0,0.4,NA,NA,NA,NA,18.266,NA,0.693,12.533,7.43
09/19/2024 10:00:00 PM,694.012,22.305,2.666,87.58,86.523,0,2.8,NA,NA,NA,NA,29.468,NA,0.941,11.74,6.997
09/19/2024 11:00:00 PM,694.021,21.248,1.917,109.426,91.182,0,3.4,NA,NA,NA,NA,24.736,NA,1.282,14.824,6.754
09/20/2024 12:00:00 AM,694.376,22.149,2.113,149.106,91.088,0,0.6,NA,NA,NA,NA,13.8,NA,1.681,16.134,10.203
09/20/2024 01:00:00 AM,693.528,21.151,1.911,234.552,93.972,0,0,NA,NA,NA,NA,20.604,NA,0.617,17.98,9.995
09/20/2024 02:00:00 AM,693.749,21.021,1.468,188.889,93.936,0,0,NA,NA,NA,NA,17.061,NA,0.262,19.324,9.659
09/20/2024 03:00:00 AM,693.821,20.685,1.031,74.907,95.842,0,0.2,NA,NA,NA,NA,9.74,NA,0.262,19.515,10.608
09/20/2024 04:00:00 AM,693.947,20.536,1.251,34.953,96.055,0,0.6,NA,NA,NA,NA,13.826,NA,0.262,16.586,9.815
09/20/2024 05:00:00 AM,693.263,20.65,1.204,289.587,94.627,0,0.2,NA,NA,NA,NA,9.294,NA,0.262,17.221,10.891
09/20/2024 06:00:00 AM,692.925,21.083,1.868,157.43,92.74,0.112,0,NA,NA,NA,NA,8.878,NA,0.262,19.762,13.84
09/20/2024 07:00:00 AM,693.199,20.631,1.187,0.287,93.656,30.546,0,NA,NA,NA,NA,3.926,NA,0.262,21.991,12.292
09/20/2024 08:00:00 AM,693.646,22.433,1.585,215.414,87.489,149.446,0,NA,NA,NA,NA,7.996,NA,0.262,19.871,10.772
09/20/2024 09:00:00 AM,693.646,23.814,1.877,274.325,84.196,579.211,0,NA,NA,NA,NA,18.095,NA,0.262,19.965,10.375
09/20/2024 10:00:00 AM,693.557,25.7,2.283,256.011,76.276,652.887,0,NA,NA,NA,NA,37.904,NA,0.262,22.005,9.933
09/20/2024 11:00:00 AM,693.454,28.581,1.457,271.067,61.945,715.897,0,NA,NA,NA,NA,74.633,NA,0.262,19.674,10.217
09/20/2024 12:00:00 PM,692.829,29.828,2.681,216.677,56.213,654.288,0,NA,NA,NA,NA,77.526,NA,0.262,12.496,6.969
09/20/2024 01:00:00 PM,692.138,28.997,4.252,338.752,66.124,677.89,0,NA,NA,NA,NA,57.73,NA,0.262,14.564,8.603
09/20/2024 02:00:00 PM,691.703,29.285,5.832,334.276,64.111,721.326,0,NA,NA,NA,NA,58.658,NA,0.262,11.446,7.274
09/20/2024 03:00:00 PM,691.3,28.762,5.885,329.364,63.439,553.504,0,NA,NA,NA,NA,56.922,NA,0.262,10.509,6.468
09/20/2024 04:00:00 PM,691.029,28.356,4.106,333.053,65.075,107.928,0,NA,NA,NA,NA,54.079,NA,0.262,10.263,6.502
09/20/2024 05:00:00 PM,690.858,28.433,2.996,319.826,66.589,44.015,0,NA,NA,NA,NA,49.933,NA,0.262,14.572,7.675
09/20/2024 06:00:00 PM,691.107,27.301,1.919,323.993,72.257,13.017,0,NA,NA,NA,NA,41.483,NA,0.262,12.299,7.852
09/20/2024 07:00:00 PM,691.907,26.013,1.837,340.473,77.763,0.032,0,NA,NA,NA,NA,28.75,NA,0.262,16.333,9.868
09/20/2024 08:00:00 PM,692.709,25.289,1.108,53.926,80.636,0,0,NA,NA,NA,NA,24.433,NA,0.262,19.409,11.986
09/20/2024 09:00:00 PM,693.696,24.764,1.109,0.728,81.808,0,0,NA,NA,NA,NA,18.884,NA,0.262,24.332,14.924
09/20/2024 10:00:00 PM,694.619,24.332,1.532,14.417,84.908,0,0,NA,NA,NA,NA,24.449,NA,0.262,20.277,12.659
09/20/2024 11:00:00 PM,694.931,23.637,1.677,55.66,88.584,0,0.6,NA,NA,NA,NA,21.882,NA,0.262,18.237,12.329
09/21/2024 12:00:00 AM,694.494,23.165,1.482,112.948,83.14,0,0,NA,NA,NA,NA,25.093,NA,0.262,18.383,12.651
09/21/2024 01:00:00 AM,694.492,22.726,1.657,128.664,82.828,0,0,NA,NA,NA,NA,27.465,NA,1.578,21.204,16.709
09/21/2024 02:00:00 AM,694.217,22.175,1.938,113.953,82.213,0,0,NA,NA,NA,NA,28.715,NA,2.856,22.765,18.479
09/21/2024 03:00:00 AM,693.815,21.882,1.664,103.543,81.697,0,0,NA,NA,NA,NA,24.188,NA,3.147,18.33,13.932
09/21/2024 04:00:00 AM,693.655,21.604,1.477,95.375,81.898,0,0,NA,NA,NA,NA,19.658,NA,3.151,20.294,16.018
09/21/2024 05:00:00 AM,693.772,21.466,0.8,43.819,83.147,0,0,NA,NA,NA,NA,11.869,NA,3.078,21.727,16.57
09/21/2024 06:00:00 AM,693.922,20.978,0.554,300.731,86.228,0.128,0,NA,NA,NA,NA,4.602,NA,4.763,25.355,18.068
09/21/2024 07:00:00 AM,694.112,21.611,0.692,174.93,84.313,18.205,0,NA,NA,NA,NA,3.926,NA,4.102,28.907,20.295
09/21/2024 08:00:00 AM,694.466,24.023,1.228,65.076,72.801,86.564,0,NA,NA,NA,NA,11.679,NA,3.193,25.579,16.648
09/21/2024 09:00:00 AM,694.794,26.236,1.152,40.21,70.29,617.957,0,NA,NA,NA,NA,20.517,NA,3.549,32.002,19.641
09/21/2024 10:00:00 AM,694.895,27.585,1.66,32.949,65.728,654.514,0,NA,NA,NA,NA,52.273,NA,2.436,25.959,17.096
09/21/2024 11:00:00 AM,694.462,28.391,2.838,341.532,64.598,767.613,0,NA,NA,NA,NA,70.305,NA,1.862,22.129,15.692
09/21/2024 12:00:00 PM,693.869,28.944,3.737,325.691,63.236,859.14,0,NA,NA,NA,NA,69.516,NA,1.94,18.959,13.464
09/21/2024 01:00:00 PM,693.111,29.645,4.04,342.837,61.121,947.894,0,NA,NA,NA,NA,65.632,NA,1.877,16.955,11.996
09/21/2024 02:00:00 PM,692.397,29.689,4.883,331.032,61.066,593.307,0,NA,NA,NA,NA,63.15,NA,1.996,15.932,11.844
09/21/2024 03:00:00 PM,692.028,29.515,4.748,332.953,63.812,551.821,0,NA,NA,NA,NA,56.278,NA,2.494,15.512,10.819
09/21/2024 04:00:00 PM,691.693,29.285,4.826,349.49,64.231,191.496,0,NA,NA,NA,NA,56.811,NA,2.923,15.094,11.152
09/21/2024 05:00:00 PM,691.64,28.688,3.455,354.804,66.504,89.029,0,NA,NA,NA,NA,54.467,NA,2.836,23.316,19.32
09/21/2024 06:00:00 PM,691.952,27.344,4.43,334.222,68.904,31.223,0,NA,NA,NA,NA,50.073,NA,2.512,15.985,11.687
09/21/2024 07:00:00 PM,692.542,25.477,2.21,325.308,69.685,0.036,0,NA,NA,NA,NA,50.181,NA,2.63,19.062,12.821
09/21/2024 08:00:00 PM,693.398,25.211,1.075,27.805,72.423,0,0,NA,NA,NA,NA,39.294,NA,2.788,22.1,16.356
09/21/2024 09:00:00 PM,694.051,25.078,1.012,102.012,74.156,0,0,NA,NA,NA,NA,29.898,NA,2.722,25.671,16.36
09/21/2024 10:00:00 PM,694.496,24.292,1.018,358.407,75.972,0,0,NA,NA,NA,NA,20.219,NA,2.898,26.076,15.834
09/21/2024 11:00:00 PM,694.701,23.941,1.05,14.747,79.193,0,0,NA,NA,NA,NA,13.381,NA,2.817,27.727,17.376
09/22/2024 12:00:00 AM,694.853,23.729,1.415,125.239,78.662,0,0,NA,NA,NA,NA,17.883,NA,2.613,19.501,12.574
09/22/2024 01:00:00 AM,694.608,23.598,1.662,62.354,76.516,0,0,NA,NA,NA,NA,25.743,NA,0.895,16.519,11.138
09/22/2024 02:00:00 AM,693.943,23.01,1.931,77.957,76.987,0,0,NA,NA,NA,NA,25.704,NA,0.262,14.632,10.144
09/22/2024 03:00:00 AM,693.545,22.684,1.299,110.196,77.289,0,0,NA,NA,NA,NA,22.503,NA,0.262,14.692,10.438
09/22/2024 04:00:00 AM,693.699,22.377,1.572,152.457,79.12,0,0,NA,NA,NA,NA,17.481,NA,0.262,17.151,12.109
09/22/2024 05:00:00 AM,694.259,21.732,2.254,68.773,86.729,0,0,NA,NA,NA,NA,17.212,NA,0.285,18.181,12.781
09/22/2024 06:00:00 AM,694.251,21.885,2.245,23.024,87.819,0.982,0,NA,NA,NA,NA,37.022,NA,0.262,5.491,3.129
09/22/2024 07:00:00 AM,694.363,22.162,1.405,31.803,81.9,39.053,0,NA,NA,NA,NA,21.727,NA,0.262,11.291,7.405
09/22/2024 08:00:00 AM,694.851,24.193,1.566,130.414,73.329,163.124,0,NA,NA,NA,NA,21.437,NA,0.262,14.933,9.599
09/22/2024 09:00:00 AM,695.114,26.568,1.346,246.589,70.399,595.531,0,NA,NA,NA,NA,30.937,NA,0.262,15.12,8.83
09/22/2024 10:00:00 AM,695.14,27.847,2.497,267.066,65.087,700.285,0,NA,NA,NA,NA,53.091,NA,0.262,13.988,9.441
09/22/2024 11:00:00 AM,695.1,26.863,5.716,333.786,70.817,661.955,0,NA,NA,NA,NA,46.79,NA,0.262,8.666,5.122
09/22/2024 12:00:00 PM,694.671,26.659,5.819,334.522,70.843,513.122,0,NA,NA,NA,NA,52.74,NA,0.262,7.277,4.292
09/22/2024 01:00:00 PM,694.293,26.499,4.423,341.101,72.19,641.383,0,NA,NA,NA,NA,52.083,NA,0.262,7.955,5.233
09/22/2024 02:00:00 PM,693.677,27.593,4.046,332.576,68.773,648.971,0,NA,NA,NA,NA,50.91,NA,0.262,7.897,5.36
09/22/2024 03:00:00 PM,693.092,27.116,3.897,329.799,70.282,132.771,0,NA,NA,NA,NA,51.549,NA,0.262,7.933,5.469
09/22/2024 04:00:00 PM,692.798,26.703,4.294,333.64,72.301,123.362,0,NA,NA,NA,NA,54.391,NA,0.262,6.935,4.224
09/22/2024 05:00:00 PM,692.803,26.351,3.891,326.907,76.009,64.911,0,NA,NA,NA,NA,46.25,NA,0.262,7.12,4.624
09/22/2024 06:00:00 PM,693.068,24.839,2.074,326.704,78.147,6.057,0,NA,NA,NA,NA,42.999,NA,0.262,9.014,5.039
09/22/2024 07:00:00 PM,693.722,24.077,1.93,31.354,80.539,0,0,NA,NA,NA,NA,30.181,NA,0.262,10.868,5.749
09/22/2024 08:00:00 PM,694.412,23.889,1.761,353.242,83.52,0,0,NA,NA,NA,NA,29.206,NA,0.262,12.571,6.262
09/22/2024 09:00:00 PM,694.965,23.607,1.719,4.682,84.129,0,0,NA,NA,NA,NA,21.42,NA,0.262,15.04,8.044
09/22/2024 10:00:00 PM,695.29,22.997,1.379,341.55,88.99,0,0,NA,NA,NA,NA,24.315,NA,0.262,11.115,6.698
09/22/2024 11:00:00 PM,695.447,22.688,1.092,105.25,90.126,0,0,NA,NA,NA,NA,18.18,NA,0.262,13.403,7.436
09/23/2024 12:00:00 AM,695.608,22.456,1.019,86.792,88.814,0,0,NA,NA,NA,NA,13.558,NA,0.263,12.459,7.334
09/23/2024 01:00:00 AM,695.592,22.254,1.124,116.699,88.421,0,0,NA,NA,NA,NA,11.201,NA,0.282,10.346,6.298
09/23/2024 02:00:00 AM,695.466,22.098,1.278,103.376,88,0,0,NA,NA,NA,NA,9.609,NA,0.262,10.188,5.964
09/23/2024 03:00:00 AM,695.235,22.279,1.452,54.215,85.722,0,0,NA,NA,NA,NA,10.421,NA,0.262,9.876,5.738
09/23/2024 04:00:00 AM,695.216,22.241,0.87,245.19,87.501,0,0,NA,NA,NA,NA,4.797,NA,0.262,13.871,6.697
09/23/2024 05:00:00 AM,695.252,21.897,1.022,45.683,91.824,0,0,NA,NA,NA,NA,3.926,NA,0.262,13.978,7.51
09/23/2024 06:00:00 AM,695.747,21.578,0.897,263.04,94.164,0,0.2,NA,NA,NA,NA,3.926,NA,0.65,14.679,8.15
09/23/2024 07:00:00 AM,696.296,21.596,1.066,241.179,93.89,14.419,0.4,NA,NA,NA,NA,4.303,NA,0.262,15.036,8.76
09/23/2024 08:00:00 AM,696.777,22.29,1.254,102.656,89.757,83.552,0,NA,NA,NA,NA,8.836,NA,0.286,12.923,7.399
09/23/2024 09:00:00 AM,696.801,23.095,2.034,222.399,87.046,373.901,0,NA,NA,NA,NA,18.972,NA,0.262,13.627,7.016
09/23/2024 10:00:00 AM,696.351,24.747,2.645,278.476,83.944,584.075,0,NA,NA,NA,NA,34.387,NA,0.262,20.846,12.31
09/23/2024 11:00:00 AM,695.717,27.271,2.132,280.449,71.535,653.144,0,NA,NA,NA,NA,56.561,NA,0.262,17.2,7.92
09/23/2024 12:00:00 PM,694.585,29.398,2.255,327.548,59.773,1066.346,0,NA,NA,NA,NA,67.396,NA,0.262,13.15,5.973
09/23/2024 01:00:00 PM,693.523,29.806,4.84,280.282,61.686,642.398,0,NA,NA,NA,NA,61.411,NA,0.262,9.756,4.725
09/23/2024 02:00:00 PM,692.757,28.358,5.479,334.07,68.976,349.578,0,NA,NA,NA,NA,51.604,NA,0.262,9.218,4.698
09/23/2024 03:00:00 PM,692.158,28.352,4.336,327.351,70.451,502.199,0,NA,NA,NA,NA,47.12,NA,0.262,8.989,4.607
09/23/2024 04:00:00 PM,691.86,28.686,4.741,310.722,69.203,174.853,0,NA,NA,NA,NA,50.117,NA,0.262,8.86,4.074
09/23/2024 05:00:00 PM,691.863,27.734,5.132,332.029,71.355,86.355,0,NA,NA,NA,NA,54.832,NA,0.262,8.426,5.074
09/23/2024 06:00:00 PM,692.174,26.809,4.477,343.46,73.686,46.931,0,NA,NA,NA,NA,50.911,NA,0.262,10.359,7.009
09/23/2024 07:00:00 PM,692.986,25.644,2.278,323.148,77.345,0,0,NA,NA,NA,NA,46.218,NA,0.262,8.879,4.691
09/23/2024 08:00:00 PM,693.9,25.419,2.559,5.828,79.187,0,0,NA,NA,NA,NA,41,NA,0.262,10.052,5.594
09/23/2024 09:00:00 PM,694.456,25.276,1.773,24.35,80.053,0,0,NA,NA,NA,NA,39.138,NA,0.262,13.444,6.867
09/23/2024 10:00:00 PM,694.835,25.133,1.347,44.881,80.225,0,0,NA,NA,NA,NA,39.087,NA,0.262,10.817,5.518
09/23/2024 11:00:00 PM,695.12,24.71,0.983,0.568,80.797,0,0,NA,NA,NA,NA,23.485,NA,0.262,13.773,6.705
09/24/2024 12:00:00 AM,695.336,24.666,0.923,86.58,76.991,0,0,NA,NA,NA,NA,27.831,NA,0.262,10.254,4.934
09/24/2024 01:00:00 AM,695.003,24.057,0.772,99.588,76.897,0,0,NA,NA,NA,NA,27.371,NA,0.262,10.271,4.439
09/24/2024 02:00:00 AM,694.524,23.636,1.026,43.513,76.419,0,0,NA,NA,NA,NA,23.931,NA,0.262,9.465,4.137
09/24/2024 03:00:00 AM,694.395,23.117,0.939,150.244,78.801,0,0,NA,NA,NA,NA,14.861,NA,0.262,13.342,5.84
09/24/2024 04:00:00 AM,694.685,22.37,1.496,41.397,80.124,0,0,NA,NA,NA,NA,15.204,NA,0.262,9.342,4.514
09/24/2024 05:00:00 AM,694.909,22.29,1.922,82.537,75.251,0,0,NA,NA,NA,NA,25.895,NA,0.499,6.521,2.973
09/24/2024 06:00:00 AM,695.024,21.895,1.5,53.407,75.185,0.386,0,NA,NA,NA,NA,19.193,NA,1.173,7.59,3.328
09/24/2024 07:00:00 AM,695.377,22.27,1.509,122.365,74.025,36.04,0,NA,NA,NA,NA,10.64,NA,1.122,11.102,4.341
09/24/2024 08:00:00 AM,696.084,24.504,1.163,96.301,67.071,87.177,0,NA,NA,NA,NA,14.95,NA,1.493,17.526,5.962
09/24/2024 09:00:00 AM,696.042,26.566,1.688,71.81,67.105,563.566,0,NA,NA,NA,NA,23.741,NA,5.123,40.555,12.151
09/24/2024 10:00:00 AM,695.589,27.513,2.388,219.429,65.14,684.863,0,NA,NA,NA,NA,65.17,NA,0.4,17.662,8.38
09/24/2024 11:00:00 AM,695.138,29.959,1.675,238.835,54.046,790.636,0,NA,NA,NA,NA,81.625,NA,0.262,14.702,6.149
09/24/2024 12:00:00 PM,694.422,30.419,2.953,333.731,56.151,690.537,0,NA,NA,NA,NA,79.211,NA,0.262,15.719,6.057
09/24/2024 01:00:00 PM,694.048,28.931,2.98,294.898,66.093,172.163,0,NA,NA,NA,NA,57.755,NA,0.262,14.887,6.173
09/24/2024 02:00:00 PM,693.501,27.813,3.997,321.475,72.048,193.027,0,NA,NA,NA,NA,46.727,NA,0.262,13.776,6.171
09/24/2024 03:00:00 PM,693.075,27.494,2.57,313.575,74.428,90.528,0,NA,NA,NA,NA,48.035,NA,0.262,15.193,7.272
09/24/2024 04:00:00 PM,693.002,25.36,3.27,331.315,83.258,30.015,0.6,NA,NA,NA,NA,37.888,NA,0.262,15.356,9.355
09/24/2024 05:00:00 PM,693.039,23.613,1.292,6.827,89.248,29.644,0.4,NA,NA,NA,NA,21.983,NA,0.262,26.382,13.125
09/24/2024 06:00:00 PM,693.134,23.827,0.983,49.727,89.696,3.206,0,NA,NA,NA,NA,7.565,NA,0.262,31.358,17.245
09/24/2024 07:00:00 PM,693.708,23.64,1.094,238.35,90.848,0,0,NA,NA,NA,NA,4.184,NA,0.418,29.182,14.341
09/24/2024 08:00:00 PM,694.164,23.382,0.828,18.193,91.306,0,0,NA,NA,NA,NA,3.926,NA,0.262,28.04,14.027
09/24/2024 09:00:00 PM,694.538,23.305,1.126,80.375,89.302,0,0,NA,NA,NA,NA,3.926,NA,0.262,20.993,11.099
09/24/2024 10:00:00 PM,695.122,23.162,0.992,330.45,87.939,0,0,NA,NA,NA,NA,3.926,NA,0.262,18.465,9.592
09/24/2024 11:00:00 PM,695.317,22.775,0.707,336.774,90.691,0,0,NA,NA,NA,NA,4.151,NA,0.262,26.031,13.288
09/25/2024 12:00:00 AM,695.167,22.156,0.674,307.421,89.746,0,0,NA,NA,NA,NA,3.926,NA,0.262,16.41,8.875
09/25/2024 01:00:00 AM,695.333,21.949,0.949,56.273,87.074,0,0,NA,NA,NA,NA,4.757,NA,0.473,12.33,6.253
09/25/2024 02:00:00 AM,695.012,21.997,0.844,80.948,83.276,0,0,NA,NA,NA,NA,7.557,NA,0.507,10.815,5.164
09/25/2024 03:00:00 AM,694.62,21.65,0.772,87.052,83.127,0,0,NA,NA,NA,NA,7.457,NA,0.673,10.719,5.744
09/25/2024 04:00:00 AM,694.3,21.36,0.716,251.302,87.201,0,0,NA,NA,NA,NA,4.028,NA,0.997,15.736,8.385
09/25/2024 05:00:00 AM,694.505,20.501,0.45,347.537,89.457,0,0,NA,NA,NA,NA,3.926,NA,0.564,16.543,9.06
09/25/2024 06:00:00 AM,694.864,20.631,1.232,66.877,83.79,0.37,0,NA,NA,NA,NA,4.942,NA,0.89,12.233,6.304
09/25/2024 07:00:00 AM,694.987,21.311,0.705,196.214,83.53,17.351,0,NA,NA,NA,NA,3.926,NA,3.665,25.439,13.753
09/25/2024 08:00:00 AM,695.315,23.025,1.151,300.782,82.08,90.399,0,NA,NA,NA,NA,3.926,NA,4.954,38.699,23.033
09/25/2024 09:00:00 AM,695.554,24.812,1.442,336.395,78.249,625.756,0,NA,NA,NA,NA,9.414,NA,1.453,52.283,29.204
09/25/2024 10:00:00 AM,695.736,27.074,2.051,294.98,67.857,747.378,0,NA,NA,NA,NA,33.634,NA,0.262,34.526,15.06
09/25/2024 11:00:00 AM,695.637,29.056,2.581,283.227,58.808,592.888,0,NA,NA,NA,NA,63.387,NA,0.262,18.888,8.622
09/25/2024 12:00:00 PM,695.2,28.617,3.276,307.143,66.646,520.264,0,NA,NA,NA,NA,55.941,NA,0.262,20.223,12.02
09/25/2024 01:00:00 PM,694.405,28.566,2.948,284.776,64.946,338.542,0,NA,NA,NA,NA,55.421,NA,0.262,17.137,9.535
09/25/2024 02:00:00 PM,693.534,29.392,3.988,333.438,62.644,560.65,0,NA,NA,NA,NA,53.452,NA,0.262,13.768,8.238
09/25/2024 03:00:00 PM,692.981,29.172,5.398,348.221,65.552,441.831,0,NA,NA,NA,NA,54.214,NA,0.262,12.285,7.542
09/25/2024 04:00:00 PM,692.98,27.551,5.594,336.07,69.603,68.327,0,NA,NA,NA,NA,49.977,NA,0.262,12.379,7.171
09/25/2024 05:00:00 PM,692.967,26.159,2.918,338.272,70.001,44.128,0,NA,NA,NA,NA,51.384,NA,0.262,13.017,5.866
09/25/2024 06:00:00 PM,693.369,25.682,2.048,333.743,75.772,15.047,0,NA,NA,NA,NA,39.091,NA,0.262,17.552,8.603
09/25/2024 07:00:00 PM,693.756,25.114,1.814,14.984,80.439,0,0,NA,NA,NA,NA,26.09,NA,0.262,22.517,10.838
09/25/2024 08:00:00 PM,694.684,24.103,2.03,5.904,84.425,0,0.6,NA,NA,NA,NA,20.419,NA,0.262,20.235,11.678
09/25/2024 09:00:00 PM,695.5,22.428,1.495,139.102,91.162,0,2,NA,NA,NA,NA,13.022,NA,0.262,19.081,10.868
09/25/2024 10:00:00 PM,696.256,22.609,1.062,120.657,92.237,0,0,NA,NA,NA,NA,7.634,NA,0.262,20.025,11.499
09/25/2024 11:00:00 PM,696.576,22.675,1.036,116.169,89.489,0,0,NA,NA,NA,NA,8.324,NA,0.262,17.634,9.253
09/26/2024 12:00:00 AM,696.986,22.324,3.506,208.208,85.915,0,0.2,NA,NA,NA,NA,31.977,NA,0.262,10.896,5.312
09/26/2024 01:00:00 AM,696.748,21.421,1.916,192.798,88.356,0,0,NA,NA,NA,NA,34.488,NA,0.427,5.921,2.797
09/26/2024 02:00:00 AM,696.354,21.09,1.019,176.953,90.905,0,0,NA,NA,NA,NA,31.388,NA,0.344,6.134,3.113
09/26/2024 03:00:00 AM,695.988,20.539,0.81,280.011,94.807,0,0.4,NA,NA,NA,NA,15.63,NA,0.424,10.176,4.612
09/26/2024 04:00:00 AM,695.878,20.387,0.848,273.492,95.998,0,0,NA,NA,NA,NA,11.724,NA,0.42,10.579,5.576
09/26/2024 05:00:00 AM,695.483,20.395,2.199,248.899,94.388,0,0,NA,NA,NA,NA,17.536,NA,0.558,9.476,5.02
09/26/2024 06:00:00 AM,695.904,20.551,0.746,209.854,93.878,0,0.2,NA,NA,NA,NA,9.732,NA,0.768,10.717,5.398
09/26/2024 07:00:00 AM,696.488,20.404,0.783,271.427,95.45,8.458,0.2,NA,NA,NA,NA,3.926,NA,0.571,14.274,7.586
09/26/2024 08:00:00 AM,696.389,21.11,1.11,208.412,92.739,45.433,0,NA,NA,NA,NA,4.217,NA,0.761,19.484,9.954
09/26/2024 09:00:00 AM,696.111,21.938,1.772,221.354,89.866,110.264,0,NA,NA,NA,NA,5.554,NA,0.423,20.962,10.309
09/26/2024 10:00:00 AM,696.278,23.68,1.293,326.026,83.898,188.032,0,NA,NA,NA,NA,12.42,NA,0.484,33.673,12.27
09/26/2024 11:00:00 AM,696.169,24.65,2.026,275.677,77.417,291.433,0,NA,NA,NA,NA,33.502,NA,0.354,17.6,6.687
09/26/2024 12:00:00 PM,695.77,26.081,4.569,352.223,72.489,721.052,0,NA,NA,NA,NA,47.917,NA,0.365,12.047,4.527
09/26/2024 01:00:00 PM,695.267,26.099,5.177,338.973,72.704,452.641,0,NA,NA,NA,NA,47.301,NA,0.262,8.245,3.776
09/26/2024 02:00:00 PM,694.769,25.347,4.511,345.783,74.445,244.54,0,NA,NA,NA,NA,43.83,NA,0.262,6.565,2.892
09/26/2024 03:00:00 PM,694.257,25.233,3.963,334.561,73.885,294.06,0,NA,NA,NA,NA,46.833,NA,0.305,5.385,2.535
09/26/2024 04:00:00 PM,693.749,26.123,2.122,309.627,68.067,143.018,0,NA,NA,NA,NA,49.451,NA,0.571,6.367,3.14
09/26/2024 05:00:00 PM,693.705,26.438,2.262,295.807,65.803,93.283,0,NA,NA,NA,NA,47.896,NA,0.449,9.117,3.749
09/26/2024 06:00:00 PM,694.046,25.275,2.356,328.421,71.066,37.7,0,NA,NA,NA,NA,40.965,NA,0.354,9.604,4.36
09/26/2024 07:00:00 PM,694.642,24.262,2.24,9.391,76.61,0,0,NA,NA,NA,NA,27.021,NA,0.543,10.944,5.442
09/26/2024 08:00:00 PM,695.314,23.609,2.298,16.765,82.761,0,0,NA,NA,NA,NA,21.206,NA,0.51,12.555,5.929
09/26/2024 09:00:00 PM,696.262,23.348,1.18,345.203,84.749,0,0,NA,NA,NA,NA,18.175,NA,0.358,11.242,5.816
09/26/2024 10:00:00 PM,696.574,23.697,3.422,90.218,80.434,0,0,NA,NA,NA,NA,27.949,NA,0.344,10.783,5.323
09/26/2024 11:00:00 PM,696.534,23.742,3.018,112.652,75.449,0,0,NA,NA,NA,NA,39.845,NA,0.36,7.41,3.509
09/27/2024 12:00:00 AM,696.45,23.15,1.156,59.515,78.841,0,0,NA,NA,NA,NA,29.092,NA,0.51,9.406,4.451
09/27/2024 01:00:00 AM,696.027,22.855,1.013,41.873,83.029,0,0,NA,NA,NA,NA,11.561,NA,0.304,12.241,5.746
09/27/2024 02:00:00 AM,695.439,22.525,0.787,42.969,82.141,0,0,NA,NA,NA,NA,15.226,NA,0.262,11.498,5.013
09/27/2024 03:00:00 AM,694.932,22.703,0.961,264.125,78.908,0,0,NA,NA,NA,NA,21.027,NA,0.262,8.617,3.67
09/27/2024 04:00:00 AM,694.469,22.567,0.795,194.587,79.429,0,0,NA,NA,NA,NA,14.97,NA,0.262,9.847,3.881
09/27/2024 05:00:00 AM,694.338,22.099,0.767,328.476,82.098,0,0,NA,NA,NA,NA,8.046,NA,0.262,13.115,5.261
09/27/2024 06:00:00 AM,694.58,21.8,0.769,256.281,83.673,0.241,0,NA,NA,NA,NA,4.174,NA,0.262,13.293,5.771
09/27/2024 07:00:00 AM,695.287,21.645,1.124,60.026,82.145,29.177,0,NA,NA,NA,NA,4.133,NA,0.263,14.983,5.664
09/27/2024 08:00:00 AM,696.088,22.616,0.932,122.578,79.16,75.464,0,NA,NA,NA,NA,6.991,NA,0.262,16.342,5.967
09/27/2024 09:00:00 AM,696.815,23.882,0.914,63.184,76.61,127.857,0,NA,NA,NA,NA,12.007,NA,0.262,25.992,7.787
09/27/2024 10:00:00 AM,696.855,25.123,1.288,107.599,73.624,328.118,0,NA,NA,NA,NA,22.509,NA,0.262,26.091,8.489
09/27/2024 11:00:00 AM,696.15,28.134,1.42,37.076,63.257,868.646,0,NA,NA,NA,NA,59.244,NA,0.262,25.489,10.584
09/27/2024 12:00:00 PM,695.052,29.092,2.041,291.902,57.94,1107.251,0,NA,NA,NA,NA,85.018,NA,0.262,19.611,9.843
09/27/2024 01:00:00 PM,693.959,30.824,2.047,261.256,53.61,852.648,0,NA,NA,NA,NA,90.41,NA,0.262,19.139,9.416
09/27/2024 02:00:00 PM,692.976,30.477,4.376,346.184,57.68,470.396,0,NA,NA,NA,NA,59.436,NA,0.262,13.602,5.853
09/27/2024 03:00:00 PM,692.276,30,5.495,340.295,60.788,568.419,0,NA,NA,NA,NA,48.145,NA,0.262,10.4,4.343
09/27/2024 04:00:00 PM,691.752,29.966,4.357,327.868,62.016,175.481,0,NA,NA,NA,NA,48.6,NA,0.262,10.298,4.381
09/27/2024 05:00:00 PM,692.18,28.799,4.787,328.66,65.812,131.643,0,NA,NA,NA,NA,53.707,NA,0.676,11.177,4.661
09/27/2024 06:00:00 PM,692.869,27.294,3.095,313.779,71.758,24.94,0,NA,NA,NA,NA,50.201,NA,0.59,13.484,5.677
09/27/2024 07:00:00 PM,693.632,26.164,2.154,327.096,77.17,0,0,NA,NA,NA,NA,41.189,NA,0.323,15.166,6.173
09/27/2024 08:00:00 PM,694.114,25.471,1.431,315.919,81.166,0,0,NA,NA,NA,NA,37.72,NA,0.338,15.883,7.165
09/27/2024 09:00:00 PM,694.368,24.964,1.125,347.256,83.162,0,0,NA,NA,NA,NA,23.102,NA,0.289,21.625,10.085
09/27/2024 10:00:00 PM,695.1,24.316,0.688,328.281,85.964,0,0,NA,NA,NA,NA,13.703,NA,0.387,23.706,11.209
09/27/2024 11:00:00 PM,695.738,23.903,1.2,32.574,82.258,0,0,NA,NA,NA,NA,15.225,NA,0.262,17.391,9.001
09/28/2024 12:00:00 AM,695.28,23.327,1.393,130.238,82.306,0,0,NA,NA,NA,NA,11.583,NA,0.392,15.998,7.717
09/28/2024 01:00:00 AM,694.883,22.8,1.063,217.451,84.42,0,0,NA,NA,NA,NA,11.112,NA,1.083,19.544,8.63
09/28/2024 02:00:00 AM,694.768,22.906,1.54,106.253,77.693,0,0,NA,NA,NA,NA,19.776,NA,1.858,8.497,3.715
09/28/2024 03:00:00 AM,694.722,22.649,1.763,87.217,77.086,0,0,NA,NA,NA,NA,17.632,NA,2.517,8.529,3.491
09/28/2024 04:00:00 AM,694.615,21.155,1.641,355.911,92.576,0,1.2,NA,NA,NA,NA,30.459,NA,2.674,7.656,3.968
09/28/2024 05:00:00 AM,694.258,20.931,1.019,141.309,93.916,0,0,NA,NA,NA,NA,15.153,NA,3.416,9.065,4.092
09/28/2024 06:00:00 AM,694.568,20.734,1.633,218.272,93.994,0.596,0,NA,NA,NA,NA,13.657,NA,2.768,15.879,8.789
09/28/2024 07:00:00 AM,695.348,21.118,0.71,272.932,94.359,75.367,0,NA,NA,NA,NA,4.32,NA,1.632,23.15,13.24
09/28/2024 08:00:00 AM,695.69,24.52,1.366,179.539,78.221,244.486,0.2,NA,NA,NA,NA,8.361,NA,1.8,20.854,9.6
09/28/2024 09:00:00 AM,696.113,25.155,2.224,261.914,74.348,367.107,0,NA,NA,NA,NA,24.465,NA,1.408,14.883,7.114
09/28/2024 10:00:00 AM,696.31,25.906,2.503,334.845,72.442,442.588,0,NA,NA,NA,NA,35.543,NA,1.168,16.028,6.803
09/28/2024 11:00:00 AM,695.776,27.765,2.569,335.484,67.849,688.427,0,NA,NA,NA,NA,47.266,NA,1.06,8.391,4.57
09/28/2024 12:00:00 PM,694.785,28.07,3.758,326.688,67.832,742.995,0,NA,NA,NA,NA,47.774,NA,1.31,8.569,4.404
09/28/2024 01:00:00 PM,693.962,27.889,5.111,334.17,70.262,458.763,0,NA,NA,NA,NA,46.596,NA,1.017,9.475,4.562
09/28/2024 02:00:00 PM,693.395,27.187,5.13,342.683,72.915,285.214,0,NA,NA,NA,NA,42.083,NA,1.092,7.563,4.001
09/28/2024 03:00:00 PM,693.108,26.171,4.521,0.261,77.208,192.366,0,NA,NA,NA,NA,37.935,NA,1.141,7.114,4
09/28/2024 04:00:00 PM,692.839,25.17,3.374,356.877,81.686,107.541,0,NA,NA,NA,NA,33.6,NA,1.2,6.863,4.562
09/28/2024 05:00:00 PM,692.816,24.963,3.791,327.096,81.245,68.52,0,NA,NA,NA,NA,36.963,NA,0.966,6.946,4.535
09/28/2024 06:00:00 PM,693.253,24.649,2.76,16.757,83.023,12.051,0,NA,NA,NA,NA,24.216,NA,1.296,11.963,7.15
09/28/2024 07:00:00 PM,694.098,24.079,2.367,21.451,84.251,0,0,NA,NA,NA,NA,23.842,NA,1.612,10.696,6.979
09/28/2024 08:00:00 PM,694.915,22.838,1.793,7.342,88.714,0,1,NA,NA,NA,NA,11.491,NA,2.016,14.569,9.302
09/28/2024 09:00:00 PM,695.499,22.293,1.594,33.198,90.496,0,0.4,NA,NA,NA,NA,12.06,NA,1.39,20.635,9.849
09/28/2024 10:00:00 PM,696.548,22.134,1.066,80.199,90.465,0,0.4,NA,NA,NA,NA,9.911,NA,1.778,18.557,8.12
09/28/2024 11:00:00 PM,697.019,21.469,1.442,83.803,94.394,0,5.6,NA,NA,NA,NA,14.73,NA,1.536,11.948,6.584
09/29/2024 12:00:00 AM,696.634,20.647,1.519,123.682,95.415,0,0.4,NA,NA,NA,NA,24.937,NA,2.93,17.004,6.502
09/29/2024 01:00:00 AM,696.347,20.673,0.841,205.557,93.363,0,0.2,NA,NA,NA,NA,28.671,NA,0.933,9.336,4.605
09/29/2024 02:00:00 AM,696.055,20.574,0.609,114.411,95.873,0,0.2,NA,NA,NA,NA,19.744,NA,0.741,15.533,8.266
09/29/2024 03:00:00 AM,695.884,20.555,0.786,34.505,96.456,0,1.8,NA,NA,NA,NA,13.998,NA,0.262,15.563,9.092
09/29/2024 04:00:00 AM,695.946,20.262,0.934,238.796,96.925,0,2.2,NA,NA,NA,NA,17.191,NA,0.335,11.013,6.966
09/29/2024 05:00:00 AM,696.179,20.053,0.867,359.611,97.374,0,3,NA,NA,NA,NA,18.257,NA,0.698,10.854,7.871
09/29/2024 06:00:00 AM,696.658,19.799,0.828,284.14,97.598,0.016,1.4,NA,NA,NA,NA,20.257,NA,0.979,12.801,10.464
09/29/2024 07:00:00 AM,697.206,19.75,0.748,248.826,97.728,11.535,1.6,NA,NA,NA,NA,21.093,NA,0.987,11.92,9.037
09/29/2024 08:00:00 AM,697.578,20.324,0.992,265.601,97.532,80.909,3.6,NA,NA,NA,NA,17.469,NA,0.307,11.541,9.3
09/29/2024 09:00:00 AM,697.796,20.839,1.91,213.302,96.774,123.797,0.4,NA,NA,NA,NA,20.324,NA,0.262,10.425,7.135
09/29/2024 10:00:00 AM,697.505,21.902,2.208,207.279,93.418,372.923,0,NA,NA,NA,NA,26.899,NA,0.516,12.832,8.734
09/29/2024 11:00:00 AM,696.947,24.484,1.632,269.191,81.944,560.747,0,NA,NA,NA,NA,47.729,NA,0.262,11.444,6.749
09/29/2024 12:00:00 PM,696.049,26.467,2.864,12.668,72.966,869.726,0,NA,NA,NA,NA,64.923,NA,0.262,15.242,8.879
09/29/2024 01:00:00 PM,695.178,26.612,4.899,332.747,72.497,332.903,0,NA,NA,NA,NA,61.499,NA,0.262,9.211,5.098
09/29/2024 02:00:00 PM,694.456,25.894,4.751,336.951,77.129,170.81,0,NA,NA,NA,NA,48.225,NA,0.262,7.86,4.454
09/29/2024 03:00:00 PM,693.988,25.235,4.156,333.097,80.756,209.202,0,NA,NA,NA,NA,43.78,NA,0.262,6.681,4.049
09/29/2024 04:00:00 PM,693.809,24.624,3.494,340.957,82.92,99.292,0,NA,NA,NA,NA,39.933,NA,0.262,6.165,3.842
09/29/2024 05:00:00 PM,694.179,23.691,3.238,1.698,86.896,31.593,0,NA,NA,NA,NA,37.992,NA,0.262,5.403,3.303
09/29/2024 06:00:00 PM,694.484,22.805,2.212,334.985,91.291,6.073,0,NA,NA,NA,NA,34.133,NA,0.262,6.026,3.302
09/29/2024 07:00:00 PM,695.103,22.53,1.895,358.507,92.682,0,0.2,NA,NA,NA,NA,22.911,NA,0.262,7.75,4.141
09/29/2024 08:00:00 PM,695.673,22.133,0.837,27.179,94.527,0,0.6,NA,NA,NA,NA,16.633,NA,0.262,7.321,4.655
09/29/2024 09:00:00 PM,695.93,22.066,0.799,357.989,95.539,0,0,NA,NA,NA,NA,8.846,NA,0.262,9.905,6.102
09/29/2024 10:00:00 PM,696.032,22.079,1.002,216.807,95.186,0,0,NA,NA,NA,NA,7.602,NA,0.262,10.518,6.109
09/29/2024 11:00:00 PM,696.234,21.759,0.766,34.018,95.877,0,0,NA,NA,NA,NA,3.926,NA,0.262,14.919,6.943
09/30/2024 12:00:00 AM,696.234,21.574,1.116,330.677,93.437,0,0,NA,NA,NA,NA,5.07,NA,0.263,14.105,5.312
09/30/2024 01:00:00 AM,696.052,21.346,1.127,118.438,91.818,0,0,NA,NA,NA,NA,3.926,NA,0.282,14.271,5.071
09/30/2024 02:00:00 AM,695.701,21.375,0.863,109.833,91.682,0,0,NA,NA,NA,NA,4.649,NA,0.262,13.13,5.19
09/30/2024 03:00:00 AM,695.656,20.896,1.211,51.048,91.885,0,0.2,NA,NA,NA,NA,3.926,NA,0.262,14.703,4.04
09/30/2024 04:00:00 AM,695.616,20.843,1.298,96.679,90.434,0,0.2,NA,NA,NA,NA,3.926,NA,0.262,13.008,3.374
09/30/2024 05:00:00 AM,695.716,20.622,0.714,14.194,91.639,0,0.2,NA,NA,NA,NA,3.926,NA,0.262,13.13,3.357
09/30/2024 06:00:00 AM,696.087,20.496,0.524,12.124,93.771,0,1.2,NA,NA,NA,NA,3.926,NA,0.65,12.417,4.556
09/30/2024 07:00:00 AM,696.533,20.517,0.453,186.615,94.935,3.27,2.4,NA,NA,NA,NA,3.926,NA,0.262,16.527,8.02
09/30/2024 08:00:00 AM,697.066,20.839,0.769,335.075,93.244,55.728,0.2,NA,NA,NA,NA,3.926,NA,0.286,14.953,6.805
09/30/2024 09:00:00 AM,697.529,21.676,0.912,43.879,89.729,99.695,0,NA,NA,NA,NA,3.926,NA,0.262,21.779,6.871
09/30/2024 10:00:00 AM,697.518,22.887,0.947,109.682,87.644,185.245,0,NA,NA,NA,NA,5.062,NA,0.262,29.61,9.236
09/30/2024 11:00:00 AM,697.265,23.249,1.119,257.721,86.83,148.479,0,NA,NA,NA,NA,19.682,NA,0.262,16.781,9.833
09/30/2024 12:00:00 PM,696.498,25.237,0.795,152.554,78.02,342.812,0,NA,NA,NA,NA,27.5,NA,0.262,10.772,5.186
09/30/2024 01:00:00 PM,695.449,27.093,1.157,255.82,69.308,532.221,0,NA,NA,NA,NA,37.439,NA,0.262,13.084,5.18
09/30/2024 02:00:00 PM,694.527,27.44,3.085,332.239,68.345,468.253,0,NA,NA,NA,NA,45.438,NA,0.262,9.908,4.137
09/30/2024 03:00:00 PM,693.811,26.647,3.726,336.285,73.819,351.754,0,NA,NA,NA,NA,40.553,NA,0.262,9.336,3.778
09/30/2024 04:00:00 PM,693.407,27.381,3.636,329.516,70.587,126.987,0,NA,NA,NA,NA,41.7,NA,0.262,7.747,3.281
09/30/2024 05:00:00 PM,693.223,27.284,3.168,333.39,70.138,141.906,0,NA,NA,NA,NA,41.45,NA,0.262,9.7,3.49
09/30/2024 06:00:00 PM,693.496,26.119,2.614,333.154,75.271,35.653,0,NA,NA,NA,NA,29.032,NA,0.262,10.703,3.913
09/30/2024 07:00:00 PM,693.917,24.481,2.351,6.17,81.976,0,0,NA,NA,NA,NA,22.242,NA,0.262,11.443,4.327
09/30/2024 08:00:00 PM,694.617,23.691,2.175,0.045,86.149,0,0,NA,NA,NA,NA,18.695,NA,0.262,15.337,8.926
09/30/2024 09:00:00 PM,695.369,23.524,1.16,57.451,87.454,0,0,NA,NA,NA,NA,16.203,NA,0.262,14.82,7.42
09/30/2024 10:00:00 PM,695.516,23.443,1.031,49.157,87.791,0,0,NA,NA,NA,NA,9.954,NA,0.262,16.658,7.359
09/30/2024 11:00:00 PM,695.675,23.361,0.902,98.064,86.877,0,0,NA,NA,NA,NA,8.135,NA,0.262,18.271,6.387
10/01/2024 12:00:00 AM,695.691,22.885,1.049,39.212,90.379,0,0,NA,NA,NA,NA,4.665,NA,0.262,19.494,8.505
10/01/2024 01:00:00 AM,695.223,22.679,0.754,82.902,92.092,0,0,NA,NA,NA,NA,4.36,NA,0.262,21.159,8.726
10/01/2024 02:00:00 AM,694.948,22.492,0.861,31.63,91.625,0,0,NA,NA,NA,NA,3.926,NA,0.262,19.503,7.658
10/01/2024 03:00:00 AM,694.873,22.333,0.743,293.096,91.593,0,0,NA,NA,NA,NA,3.926,NA,0.262,18.387,7.094
10/01/2024 04:00:00 AM,694.748,22.386,0.936,58.689,85.262,0,0,NA,NA,NA,NA,4.172,NA,0.262,12.717,4.609
10/01/2024 05:00:00 AM,695.204,22.268,0.739,85.759,87.51,0,0,NA,NA,NA,NA,3.926,NA,0.499,18.16,5.861
10/01/2024 06:00:00 AM,695.415,21.559,0.8,85.869,89.064,0.177,0,NA,NA,NA,NA,3.957,NA,1.173,18.748,6.834
10/01/2024 07:00:00 AM,695.724,21.928,1.012,229.358,84.074,33.801,0,NA,NA,NA,NA,3.926,NA,1.122,18.59,7.491
10/01/2024 08:00:00 AM,696.211,24.102,1.013,87.219,78.367,86.645,0,NA,NA,NA,NA,5.328,NA,1.493,19.094,7.041
10/01/2024 09:00:00 AM,696.469,24.975,1.363,283.657,80.352,482.801,0,NA,NA,NA,NA,-999,NA,5.123,31.463,14.953
10/01/2024 10:00:00 AM,696.347,27.058,1.469,294.898,68.814,649.761,0,NA,NA,NA,NA,-999,NA,0.4,24.945,10.88
10/01/2024 11:00:00 AM,696.042,28.63,2.566,277.48,61.71,869.758,0,NA,NA,NA,NA,-999,NA,0.262,14.735,7.05
10/01/2024 12:00:00 PM,695.456,28.202,4.581,341.843,67.269,974.381,0,NA,NA,NA,NA,36.806,NA,0.262,12.729,6.061
10/01/2024 01:00:00 PM,694.9,28.155,5.023,318.549,67.11,507.58,0,NA,NA,NA,NA,53.492,NA,0.262,9.987,5.104
10/01/2024 02:00:00 PM,694.197,27.83,4.247,338.039,68.952,214.068,0,NA,NA,NA,NA,48.955,NA,0.262,9.04,4.633
10/01/2024 03:00:00 PM,693.658,27.132,3.682,331.816,72.782,211.232,0,NA,NA,NA,NA,52.726,NA,0.262,8.097,4.435
10/01/2024 04:00:00 PM,693.384,26.824,3.793,351.674,76.307,146.788,0.2,NA,NA,NA,NA,46.92,NA,0.262,12.069,5.363
10/01/2024 05:00:00 PM,693.435,25.128,1.127,307.268,85.502,54.084,0.2,NA,NA,NA,NA,35.381,NA,0.262,11.132,5.749
10/01/2024 06:00:00 PM,693.614,25.053,1.022,105.723,86.545,10.617,0,NA,NA,NA,NA,13.461,NA,0.262,18.459,8.141
10/01/2024 07:00:00 PM,693.889,24.604,0.526,168.205,89.477,0,0,NA,NA,NA,NA,6.958,NA,0.418,18.23,9.466
10/01/2024 08:00:00 PM,694.651,24.111,0.747,67.638,90.242,0,0,NA,NA,NA,NA,4.491,NA,0.262,24.509,10.873
10/01/2024 09:00:00 PM,695.328,23.797,1.146,27.633,89.273,0,0,NA,NA,NA,NA,6.405,NA,0.262,19.675,8.876
10/01/2024 10:00:00 PM,695.703,23.288,1.231,180.516,89.414,0,0,NA,NA,NA,NA,5.34,NA,0.262,18.42,8.645
10/01/2024 11:00:00 PM,696.118,23.025,1.117,112.267,87.298,0,0,NA,NA,NA,NA,8.773,NA,0.262,14.218,6.413
10/02/2024 12:00:00 AM,695.869,22.593,1.584,103.915,86.647,0,0,NA,NA,NA,NA,8.187,NA,0.262,13.113,5.857
10/02/2024 01:00:00 AM,695.604,22.035,1.637,104.102,84.902,0,0,NA,NA,NA,NA,10.188,NA,0.473,10.239,4.752
10/02/2024 02:00:00 AM,695.296,21.684,1.685,65.638,83.79,0,0,NA,NA,NA,NA,8.591,NA,0.507,10.165,4.571
10/02/2024 03:00:00 AM,695.027,21.66,1.897,104.404,80.955,0,0,NA,NA,NA,NA,12.65,NA,0.673,9.034,4.319
10/02/2024 04:00:00 AM,694.87,21.183,1.093,114.853,82.648,0,0,NA,NA,NA,NA,9.815,NA,0.997,10.704,4.549
10/02/2024 05:00:00 AM,695.097,20.557,0.86,119.008,86.696,0,0,NA,NA,NA,NA,4.2,NA,0.564,11.963,5.391
10/02/2024 06:00:00 AM,695.524,20.428,1.301,101.161,86.273,0.386,0,NA,NA,NA,NA,3.926,NA,0.89,14.818,6.025
10/02/2024 07:00:00 AM,696.091,20.893,1.562,224.787,85.258,50.524,0,NA,NA,NA,NA,3.926,NA,3.665,20.544,8.737
10/02/2024 08:00:00 AM,696.631,23.035,1.251,99.315,78.885,162.238,0,NA,NA,NA,NA,4.637,NA,4.954,20.316,7.985
10/02/2024 09:00:00 AM,696.935,25.04,1.853,92.846,71.249,573.097,0,NA,NA,NA,NA,15.795,NA,1.453,21.948,8.452
10/02/2024 10:00:00 AM,696.888,27.26,1.51,252.893,64.165,712.192,0,NA,NA,NA,NA,42.228,NA,0.262,18.883,8.06
10/02/2024 11:00:00 AM,696.278,27.507,2.579,327.085,66.41,768.08,0.2,NA,NA,NA,NA,51.721,NA,0.262,9.471,4.852
10/02/2024 12:00:00 PM,695.404,28.874,3.506,346.559,63.509,754.307,0,NA,NA,NA,NA,49.413,NA,0.262,7.92,3.843
10/02/2024 01:00:00 PM,694.666,27.477,5.145,333.923,71.457,395.898,0,NA,NA,NA,NA,45.111,NA,0.262,8.618,4.027
10/02/2024 02:00:00 PM,693.979,27.207,4.699,337.01,72.816,383.75,0,NA,NA,NA,NA,43.309,NA,0.262,7.718,4.759
10/02/2024 03:00:00 PM,693.396,27.212,4.928,335.239,73.488,497.01,0,NA,NA,NA,NA,43.457,NA,0.262,7.63,4.881
10/02/2024 04:00:00 PM,692.984,26.969,4.566,341.217,74.15,195.444,0,NA,NA,NA,NA,46.687,NA,0.262,10.574,7.216
10/02/2024 05:00:00 PM,692.777,27.017,4.026,330.031,73.002,112.6,0,NA,NA,NA,NA,48.527,NA,0.262,20.837,17.07
10/02/2024 06:00:00 PM,692.8,26.344,3.398,329.01,75.913,23.765,0,NA,NA,NA,NA,42.768,NA,0.262,13.632,7.123
10/02/2024 07:00:00 PM,693.522,25.317,2.23,298.239,81.52,0,0,NA,NA,NA,NA,32.485,NA,0.262,23.106,9.169
10/02/2024 08:00:00 PM,694.483,24.714,2.075,318.946,84.497,0,0,NA,NA,NA,NA,32.537,NA,0.262,9.153,5.587
10/02/2024 09:00:00 PM,695.243,24.306,1.295,352.678,86.025,0,0,NA,NA,NA,NA,29.458,NA,0.262,10.102,6.061
10/02/2024 10:00:00 PM,695.989,24.252,1.188,29.919,85.145,0,0,NA,NA,NA,NA,25.909,NA,0.262,10.563,6.353
10/02/2024 11:00:00 PM,696.179,24.102,0.862,50.375,85.965,0,0,NA,NA,NA,NA,16.166,NA,0.262,13.463,7.33
10/03/2024 12:00:00 AM,695.828,23.837,0.975,326.424,87.52,0,0,NA,NA,NA,NA,17.098,NA,0.262,13.09,6.845
10/03/2024 01:00:00 AM,695.6,23.195,1.835,225.945,83.518,0,0,NA,NA,NA,NA,26.132,NA,0.427,13.941,6.55
10/03/2024 02:00:00 AM,695.224,22.314,0.886,206.276,84.352,0,0,NA,NA,NA,NA,26.868,NA,0.344,11.827,5.291
10/03/2024 03:00:00 AM,694.854,21.947,1.172,188.391,83.694,0,0,NA,NA,NA,NA,36.218,NA,0.424,9.272,3.98
10/03/2024 04:00:00 AM,694.75,21.656,1.064,157.777,84.95,0,0,NA,NA,NA,NA,25.198,NA,0.42,7.601,3.77
10/03/2024 05:00:00 AM,695.039,20.952,0.916,188.839,88.018,0,0,NA,NA,NA,NA,13.59,NA,0.558,10.717,5.165
10/03/2024 06:00:00 AM,695.285,20.592,0.906,174.268,88.954,0.241,0,NA,NA,NA,NA,11.407,NA,0.768,15.215,6.284
10/03/2024 07:00:00 AM,695.818,20.613,0.883,342.61,90.576,15.676,0,NA,NA,NA,NA,3.926,NA,0.571,24.306,10.284
10/03/2024 08:00:00 AM,696.264,22.662,1.373,338.076,80.969,71.952,0,NA,NA,NA,NA,8.049,NA,0.761,21.137,8.247
10/03/2024 09:00:00 AM,696.281,24.317,1.851,278.58,75.755,593.494,0,NA,NA,NA,NA,25.555,NA,0.423,20.418,8.032
10/03/2024 10:00:00 AM,696.509,26.181,2.422,278.623,68.71,671.189,0,NA,NA,NA,NA,49.821,NA,0.484,17.091,6.291
10/03/2024 11:00:00 AM,696.025,27.965,2.525,249.63,62.208,949.057,0,NA,NA,NA,NA,68.873,NA,0.354,15.993,5.763
10/03/2024 12:00:00 PM,695.196,29.206,3.841,351.587,59.634,950.297,0,NA,NA,NA,NA,66.59,NA,0.365,12.846,5.091
10/03/2024 01:00:00 PM,694.517,29.316,4.804,293.57,64.276,887.658,0,NA,NA,NA,NA,56.028,NA,0.262,14.039,5.616
10/03/2024 02:00:00 PM,693.913,29.226,5.152,304.903,64.396,516.377,0,NA,NA,NA,NA,49.735,NA,0.262,10.54,5.219
10/03/2024 03:00:00 PM,693.252,29.263,4.366,334.428,62.228,537.563,0,NA,NA,NA,NA,48.718,NA,0.305,9.792,5.564
10/03/2024 04:00:00 PM,692.931,28.959,4.221,351.598,64.982,143.002,0,NA,NA,NA,NA,48.417,NA,0.571,10.496,5.896
10/03/2024 05:00:00 PM,693.031,27.899,3.073,308.69,67.166,59.337,0,NA,NA,NA,NA,50.974,NA,0.449,14.627,7.112
10/03/2024 06:00:00 PM,693.174,27.532,2.363,334.334,70.206,32.157,0,NA,NA,NA,NA,46.115,NA,0.354,14.437,6.84
10/03/2024 07:00:00 PM,693.384,26.334,1.457,321.876,75.437,0,0,NA,NA,NA,NA,35.895,NA,0.543,20.791,8.962
10/03/2024 08:00:00 PM,694.156,25.668,1.47,2.099,78.482,0,0,NA,NA,NA,NA,26.164,NA,0.51,18.389,9.649
10/03/2024 09:00:00 PM,695.236,25.277,0.987,108.504,78.834,0,0,NA,NA,NA,NA,20.101,NA,0.358,19.11,9.645
10/03/2024 10:00:00 PM,695.699,24.918,0.86,107.18,80.428,0,0,NA,NA,NA,NA,13.536,NA,0.344,22.069,10.57
10/03/2024 11:00:00 PM,695.685,24.253,1.379,71.857,82.421,0,0,NA,NA,NA,NA,15.813,NA,0.36,18.351,9.305
10/04/2024 12:00:00 AM,695.112,23.781,1.197,165.8,82.445,0,0,NA,NA,NA,NA,13.719,NA,0.51,14.966,7.817
10/04/2024 01:00:00 AM,694.898,23.132,1.269,267.542,86.332,0,0,NA,NA,NA,NA,8.021,NA,0.304,18.768,9.933
10/04/2024 02:00:00 AM,695.106,22.361,0.869,318.782,90.641,0,0,NA,NA,NA,NA,3.926,NA,0.262,27.58,12.998
10/04/2024 03:00:00 AM,694.673,22.991,1.132,43.489,78.763,0,0,NA,NA,NA,NA,14.501,NA,0.262,14.661,7.558
10/04/2024 04:00:00 AM,694.275,22.725,1.229,87.68,75.099,0,0,NA,NA,NA,NA,19.027,NA,0.262,11.16,6.126
10/04/2024 05:00:00 AM,694.325,21.841,1.172,74.874,77.862,0,0,NA,NA,NA,NA,15.423,NA,0.262,11.32,6.177
10/04/2024 06:00:00 AM,694.978,21.637,0.856,262.639,82.375,0.209,0,NA,NA,NA,NA,5.29,NA,0.262,21.74,10.475
10/04/2024 07:00:00 AM,695.478,21.759,1.343,138.559,77.572,16.513,0,NA,NA,NA,NA,6.282,NA,0.263,19.869,9.129
10/04/2024 08:00:00 AM,695.755,24.007,1.295,105.771,73.201,79.637,0,NA,NA,NA,NA,12.052,NA,0.262,22.556,9.657
10/04/2024 09:00:00 AM,695.822,25.142,1.826,287.488,74.354,345.97,0,NA,NA,NA,NA,22.07,NA,0.262,27.966,13.417
10/04/2024 10:00:00 AM,696.19,26.362,1.704,338.375,71.222,474.746,0,NA,NA,NA,NA,39.34,NA,0.262,45.436,17.475
10/04/2024 11:00:00 AM,696.065,28.762,1.912,3.722,62.287,909.987,0,NA,NA,NA,NA,79.822,NA,0.262,25.97,13.108
10/04/2024 12:00:00 PM,695.397,28.568,3.868,330.907,66.222,786.399,0,NA,NA,NA,NA,59.405,NA,0.262,15.805,9.283
10/04/2024 01:00:00 PM,694.59,29.792,3.82,324.308,60.725,806.224,0,NA,NA,NA,NA,56.438,NA,0.262,11.287,6.234
10/04/2024 02:00:00 PM,693.815,30.321,4.402,333.669,61.462,614.3,0,NA,NA,NA,NA,55.879,NA,0.262,12.784,6.391
10/04/2024 03:00:00 PM,693.1,29.091,5.742,318.289,65.791,443.345,0,NA,NA,NA,NA,52.249,NA,0.262,13.005,6.798
10/04/2024 04:00:00 PM,693.133,27.051,3.981,10.916,74.288,95.2,0,NA,NA,NA,NA,40.873,NA,0.262,14.678,7.785
10/04/2024 05:00:00 PM,693.44,26.404,3.325,352.359,76.045,29.95,0.2,NA,NA,NA,NA,43.379,NA,0.676,15.778,7.693
10/04/2024 06:00:00 PM,694.509,21.582,3.015,214.789,92.517,0,30.199,NA,NA,NA,NA,41.827,NA,0.59,10.854,5.286
10/04/2024 07:00:00 PM,694.912,20.438,1.776,100.533,97.226,0,2.2,NA,NA,NA,NA,34.658,NA,0.323,9.427,4.187
10/04/2024 08:00:00 PM,696.434,20.628,1.396,348.981,97.652,0,0,NA,NA,NA,NA,22.47,NA,0.338,10.927,5.584
10/04/2024 09:00:00 PM,697.211,20.741,1.081,349.317,97.825,0,0.4,NA,NA,NA,NA,22.1,NA,0.289,8.537,5.349
10/04/2024 10:00:00 PM,697.804,20.958,0.742,336.873,97.944,0,1.2,NA,NA,NA,NA,20.148,NA,0.387,10.297,6.579
10/04/2024 11:00:00 PM,697.835,20.959,1.932,232.703,96.805,0,0.4,NA,NA,NA,NA,18.255,NA,0.262,11.29,6.218
10/05/2024 12:00:00 AM,697.432,20.781,3.387,196.065,93.374,0,0,NA,NA,NA,NA,30.24,NA,0.392,11.286,5.596
10/05/2024 01:00:00 AM,696.921,20.767,2.353,181.235,90.393,0,0,NA,NA,NA,NA,42.05,NA,1.083,7.52,3.726
10/05/2024 02:00:00 AM,696.29,20.209,2.087,253.277,93.083,0,0,NA,NA,NA,NA,35.47,NA,1.858,10.626,4.538
10/05/2024 03:00:00 AM,695.743,20.571,1.422,181.807,92.099,0,0,NA,NA,NA,NA,32.007,NA,2.517,9.716,4.704
10/05/2024 04:00:00 AM,695.77,20.4,1.202,44.866,92.946,0,0,NA,NA,NA,NA,16.881,NA,2.674,12.783,5.034
10/05/2024 05:00:00 AM,696.165,20.188,0.821,194.341,94.475,0,0,NA,NA,NA,NA,10.496,NA,3.416,16.459,6.322
10/05/2024 06:00:00 AM,696.598,20.123,0.899,30.014,94.271,0.08,0,NA,NA,NA,NA,6.223,NA,2.768,16.165,6.505
10/05/2024 07:00:00 AM,696.787,20.501,0.901,60.257,91.582,44.869,0,NA,NA,NA,NA,7.741,NA,1.632,15.474,5.787
10/05/2024 08:00:00 AM,696.85,21.632,1.549,265.95,89.406,94.249,0,NA,NA,NA,NA,9.918,NA,1.8,21.817,9.589
10/05/2024 09:00:00 AM,696.676,23.014,3.452,206.916,81.126,199.729,0,NA,NA,NA,NA,12.583,NA,1.408,37.845,13.742
10/05/2024 10:00:00 AM,696.561,24.589,2.703,190.106,78.281,429.655,0.2,NA,NA,NA,NA,26.648,NA,1.168,23.935,8.73
10/05/2024 11:00:00 AM,695.858,26.907,3.848,170.563,67.482,787.172,0,NA,NA,NA,NA,51.711,NA,1.06,15.676,5.241
10/05/2024 12:00:00 PM,695.098,28.46,2.013,180.266,61.764,488.666,0,NA,NA,NA,NA,60.739,NA,1.31,13.098,4.163
10/05/2024 01:00:00 PM,694.139,28.828,2.093,272.837,59.664,290.064,0,NA,NA,NA,NA,72.554,NA,1.017,11.124,4.027
10/05/2024 02:00:00 PM,693.491,27.585,4.237,333.828,70.393,350.513,0,NA,NA,NA,NA,64.949,NA,1.092,10.77,4.622
10/05/2024 03:00:00 PM,693.218,26.189,4.216,328.881,79.579,351.399,0,NA,NA,NA,NA,49.78,NA,1.141,11.169,5.065
10/05/2024 04:00:00 PM,692.986,25.869,3.147,326.23,80.286,178.527,0,NA,NA,NA,NA,47.196,NA,1.2,11.67,5.545
10/05/2024 05:00:00 PM,693.365,25.734,4.284,342.563,78.957,138.684,0,NA,NA,NA,NA,51.837,NA,0.966,9.762,4.981
10/05/2024 06:00:00 PM,693.989,24.857,2.381,330.278,81.787,21.397,0,NA,NA,NA,NA,43.028,NA,1.296,11.106,5.247
10/05/2024 07:00:00 PM,694.476,23.826,1.749,1.902,86.291,0,0,NA,NA,NA,NA,26.423,NA,1.612,11.798,6.325
10/05/2024 08:00:00 PM,694.871,23.163,1.287,39.156,89.355,0,0,NA,NA,NA,NA,12.479,NA,2.016,17.034,9.658
10/05/2024 09:00:00 PM,695.525,22.806,0.958,50.387,88.163,0,0,NA,NA,NA,NA,12.557,NA,1.39,19.985,10.232
10/05/2024 10:00:00 PM,696.224,22.448,0.958,8.994,88.138,0,0,NA,NA,NA,NA,9.666,NA,1.778,21.947,12.012
10/05/2024 11:00:00 PM,696.77,22.365,0.69,109.063,88.01,0,0,NA,NA,NA,NA,10.052,NA,1.536,19.817,11.401
10/06/2024 12:00:00 AM,696.784,22.187,1.029,111.98,86.256,0,0,NA,NA,NA,NA,13.129,NA,2.93,17.589,9.583
10/06/2024 01:00:00 AM,696.329,21.79,1.169,97.897,84.188,0,0,NA,NA,NA,NA,18.871,NA,0.933,13.039,6.097
10/06/2024 02:00:00 AM,695.911,21.395,1.087,120.627,85.156,0,0,NA,NA,NA,NA,14.967,NA,0.741,11.983,5.363
10/06/2024 03:00:00 AM,695.478,20.803,0.546,284.518,88.928,0,0,NA,NA,NA,NA,6.688,NA,0.262,16.128,7.277
10/06/2024 04:00:00 AM,695.278,20.675,0.461,187.141,88.388,0,0,NA,NA,NA,NA,7.157,NA,0.335,14.54,6.84
10/06/2024 05:00:00 AM,695.221,20.845,0.545,339.898,88.973,0,0,NA,NA,NA,NA,9.442,NA,0.698,16.544,8.786
10/06/2024 06:00:00 AM,695.467,20.925,1.011,247.779,87.489,0.241,0,NA,NA,NA,NA,5.279,NA,0.979,18.212,9.992
10/06/2024 07:00:00 AM,696.139,20.428,1.082,139.158,84.582,18.133,0,NA,NA,NA,NA,6.667,NA,0.987,14.141,6.631
10/06/2024 08:00:00 AM,696.943,21.746,1.231,111.491,80.907,126.633,0,NA,NA,NA,NA,10.546,NA,0.307,15.79,7.564
10/06/2024 09:00:00 AM,697.383,24.533,0.797,52.764,69.824,197.85,0,NA,NA,NA,NA,20.637,NA,0.262,17.031,10.153
10/06/2024 10:00:00 AM,697.784,25.824,1.249,289.053,72.11,396.607,0,NA,NA,NA,NA,34.714,NA,0.516,20.46,9.607
10/06/2024 11:00:00 AM,697.426,26.76,2.739,284.085,68.667,695.581,0,NA,NA,NA,NA,54.225,NA,0.262,11.562,5.738
10/06/2024 12:00:00 PM,696.743,27.246,2.739,326.578,67.329,646.426,0,NA,NA,NA,NA,56.463,NA,0.262,9.114,4.91
10/06/2024 01:00:00 PM,695.679,28.083,3.014,336.233,64.898,627.076,0,NA,NA,NA,NA,56.999,NA,0.262,11.945,6.733
10/06/2024 02:00:00 PM,694.486,28.623,3.001,328.493,61.021,430.923,0,NA,NA,NA,NA,58.565,NA,0.262,10.142,6.242
10/06/2024 03:00:00 PM,693.711,28.125,4.325,329.779,65.961,387.423,0,NA,NA,NA,NA,56.961,NA,0.262,9.68,5.543
10/06/2024 04:00:00 PM,693.405,27.189,4.21,330.454,72.417,173.983,0,NA,NA,NA,NA,52.541,NA,0.262,9.278,4.726
10/06/2024 05:00:00 PM,693.288,26.832,3.273,330.528,75.515,86.726,0,NA,NA,NA,NA,46.326,NA,0.262,11.306,4.759
10/06/2024 06:00:00 PM,693.326,25.94,1.785,333.869,79.377,10.971,0,NA,NA,NA,NA,42.01,NA,0.262,10.914,5.119
10/06/2024 07:00:00 PM,693.727,25.141,1.919,353.125,82.615,0,0,NA,NA,NA,NA,29.56,NA,0.262,15.362,7.903
10/06/2024 08:00:00 PM,694.537,24.33,1.708,7.849,88.201,0,0,NA,NA,NA,NA,24.671,NA,0.262,13.962,7.754
10/06/2024 09:00:00 PM,695.37,24.114,1.808,2.163,90.116,0,0,NA,NA,NA,NA,25.854,NA,0.262,12.241,7.013
10/06/2024 10:00:00 PM,695.876,24.001,1.712,355.334,90.812,0,0,NA,NA,NA,NA,24.507,NA,0.262,12.053,7.316
10/06/2024 11:00:00 PM,695.872,23.626,0.933,30.635,92.387,0,0,NA,NA,NA,NA,23.526,NA,0.262,14.856,7.744
10/07/2024 12:00:00 AM,695.776,23.127,0.964,122.508,93.29,0,0,NA,NA,NA,NA,9.765,NA,0.807,18.007,8.728
10/07/2024 01:00:00 AM,695.598,23.152,0.952,66.651,88.718,0,0,NA,NA,NA,NA,7.983,NA,0.926,13.636,6.684
10/07/2024 02:00:00 AM,695.076,22.926,1.335,89.986,86.973,0,0,NA,NA,NA,NA,9.134,NA,0.809,11.96,5.973
10/07/2024 03:00:00 AM,694.59,22.701,0.911,104.816,87.67,0,0,NA,NA,NA,NA,9.759,NA,0.702,11.921,5.948
10/07/2024 04:00:00 AM,694.434,22.879,1.218,208.089,90.576,0,0,NA,NA,NA,NA,9.296,NA,1.18,14.188,7.777
10/07/2024 05:00:00 AM,694.141,22.459,0.954,116.225,89.871,0,0,NA,NA,NA,NA,3.926,NA,1.19,16.158,8.809
10/07/2024 06:00:00 AM,694.305,22.321,0.868,38.463,89.288,0.531,0,NA,NA,NA,NA,3.926,NA,1.443,17.688,9.685
10/07/2024 07:00:00 AM,694.765,22.82,1.043,81.008,87.815,37.861,0,NA,NA,NA,NA,3.926,NA,2.934,21.115,10.277
10/07/2024 08:00:00 AM,695.188,24.58,1.303,78.347,81.717,92.542,0,NA,NA,NA,NA,6.755,NA,1.91,21.101,10.054
10/07/2024 09:00:00 AM,695.828,26.429,2.006,358.493,74.787,426.606,0,NA,NA,NA,NA,20.328,NA,1.099,22.217,9.87
10/07/2024 10:00:00 AM,696.385,25.078,2.535,330.528,81.887,294.301,0,NA,NA,NA,NA,31.547,NA,1.127,19.226,9.144
10/07/2024 11:00:00 AM,696.31,25.992,3.743,328.397,78.568,764.891,0,NA,NA,NA,NA,43.464,NA,1.102,13.241,6.921
10/07/2024 12:00:00 PM,695.392,26.718,4.407,343.351,73.882,815.48,0,NA,NA,NA,NA,53.264,NA,0.476,8.228,5.309
10/07/2024 01:00:00 PM,694.175,27.823,4.139,327.98,69.322,723.792,0,NA,NA,NA,NA,54.773,NA,0.643,9.862,5.883
10/07/2024 02:00:00 PM,693.069,29.115,4.149,334.902,63.421,634.229,0,NA,NA,NA,NA,56.01,NA,0.51,11.284,6.433
10/07/2024 03:00:00 PM,692.224,29.03,5.027,333.966,62.337,447.985,0,NA,NA,NA,NA,58.561,NA,0.398,10.962,6.142
10/07/2024 04:00:00 PM,692.234,27.165,4.831,350.713,72.56,84.486,0,NA,NA,NA,NA,44.019,NA,0.742,13.945,6.499
10/07/2024 05:00:00 PM,692.544,24.855,2.509,5.868,82.772,38.151,0,NA,NA,NA,NA,35.355,NA,1.008,12.148,6.005
10/07/2024 06:00:00 PM,692.985,24.033,1.133,12.847,85.974,13.517,0,NA,NA,NA,NA,19.026,NA,1.038,18.523,7.268
10/07/2024 07:00:00 PM,693.483,23.632,1.551,21.769,88.687,0,0,NA,NA,NA,NA,16.236,NA,1.045,19.713,8.769
10/07/2024 08:00:00 PM,694.186,23.237,1.437,92.345,90.036,0,0,NA,NA,NA,NA,8.603,NA,1.325,19.24,7.942
10/07/2024 09:00:00 PM,694.663,23.105,1.566,117.75,87.245,0,0,NA,NA,NA,NA,9.237,NA,1.173,18.437,10.007
10/07/2024 10:00:00 PM,695.066,22.806,1.384,48.89,86.818,0,0,NA,NA,NA,NA,11.908,NA,1.331,16.66,8.311
10/07/2024 11:00:00 PM,695.628,22.745,1.236,14.679,86.935,0,0.2,NA,NA,NA,NA,8.527,NA,1.518,13.39,6.182
10/08/2024 12:00:00 AM,695.677,22.561,1.427,93.439,87.089,0,0,NA,NA,NA,NA,9.203,NA,2.223,12.233,4.941
10/08/2024 01:00:00 AM,695.165,22.453,1.306,63.566,87.298,0,0,NA,NA,NA,NA,7.337,NA,2.015,11.907,4.905
10/08/2024 02:00:00 AM,694.719,21.725,0.921,338.923,91.017,0,0,NA,NA,NA,NA,5.929,NA,2.018,14.276,7.081
10/08/2024 03:00:00 AM,694.443,21.768,1.123,50.19,90.335,0,0,NA,NA,NA,NA,10.958,NA,1.177,14.357,6.698
10/08/2024 04:00:00 AM,694.5,21.896,0.918,278.092,89.955,0,0,NA,NA,NA,NA,5.055,NA,1.449,13.289,5.485
10/08/2024 05:00:00 AM,694.44,21.565,1.021,59.884,89.62,0,0,NA,NA,NA,NA,5.234,NA,0.997,14.406,5.07
10/08/2024 06:00:00 AM,694.945,21.453,0.848,41.964,91.391,0,0,NA,NA,NA,NA,3.926,NA,2.847,18.706,7.225
10/08/2024 07:00:00 AM,695.187,21.866,0.852,159.757,89.374,23.828,0,NA,NA,NA,NA,5.214,NA,2.045,24.71,9.251
10/08/2024 08:00:00 AM,695.373,23.346,1.241,209.938,86.599,128.373,0,NA,NA,NA,NA,10.645,NA,1.584,19.213,8.753
10/08/2024 09:00:00 AM,695.677,24.111,1.868,45.119,85.842,297.378,0,NA,NA,NA,NA,5.873,NA,1.799,47.024,16.92
10/08/2024 10:00:00 AM,696.097,25.982,1.156,289.798,75.947,361.13,0,NA,NA,NA,NA,35.954,NA,0.333,23.694,10.497
10/08/2024 11:00:00 AM,695.836,28.177,0.975,315.932,65.939,600.944,0,NA,NA,NA,NA,52.609,NA,0.276,21.824,9.282
10/08/2024 12:00:00 PM,695.188,28.495,3.354,249.184,65.4,695.065,0,NA,NA,NA,NA,62.559,NA,0.818,15.041,7.09
10/08/2024 01:00:00 PM,694.289,27.387,4.294,331.756,73.396,206.109,0,NA,NA,NA,NA,47.872,NA,0.286,13.387,6.912
10/08/2024 02:00:00 PM,693.504,26.818,5.139,338.138,75.447,233.707,0,NA,NA,NA,NA,48.006,NA,0.262,10.619,6.007
10/08/2024 03:00:00 PM,693.016,26.089,5.383,358.029,78.429,277.562,0,NA,NA,NA,NA,47.961,NA,0.324,9.497,5.22
10/08/2024 04:00:00 PM,692.72,26.037,4.123,331.544,79.298,181.33,0,NA,NA,NA,NA,46.364,NA,0.275,9.373,5.114
10/08/2024 05:00:00 PM,692.989,25.808,3.645,332.812,79.785,79.991,0,NA,NA,NA,NA,43.912,NA,0.319,9.558,5.567
10/08/2024 06:00:00 PM,693.682,24.958,2.347,315.881,83.307,17.625,0,NA,NA,NA,NA,40.938,NA,0.813,13.225,6.256
10/08/2024 07:00:00 PM,694.279,23.582,2.039,324.223,90.065,0,1.2,NA,NA,NA,NA,25.031,NA,0.711,11.245,6.95
10/08/2024 08:00:00 PM,694.908,22.491,0.691,205.582,92.557,0,0,NA,NA,NA,NA,11.288,NA,0.876,14.421,8.683
10/08/2024 09:00:00 PM,695.75,22.59,0.986,303.3,93.134,0,0,NA,NA,NA,NA,5.188,NA,0.916,21.934,10.794
10/08/2024 10:00:00 PM,696.436,22.542,1.099,82.892,92.702,0,0,NA,NA,NA,NA,6.215,NA,0.866,19.129,8.928
10/08/2024 11:00:00 PM,696.741,21.702,2.447,26.805,94.81,0,0.2,NA,NA,NA,NA,20.702,NA,1.09,10.96,4.939
10/09/2024 12:00:00 AM,696.879,21.333,1.309,339.898,95.161,0,0,NA,NA,NA,NA,24.435,NA,1.752,9.936,3.977
10/09/2024 01:00:00 AM,696.451,21.264,1.007,41.981,95.369,0,0,NA,NA,NA,NA,16.489,NA,0.408,14.895,5.82
10/09/2024 02:00:00 AM,695.98,21.164,1.243,35.456,95.128,0,0,NA,NA,NA,NA,19.902,NA,0.262,14.119,5.045
10/09/2024 03:00:00 AM,695.7,21.117,0.88,77.101,94.644,0,0,NA,NA,NA,NA,21.471,NA,0.264,11.918,4.106
10/09/2024 04:00:00 AM,695.818,21.06,0.988,209.889,95.444,0,0,NA,NA,NA,NA,14.435,NA,2.2,17.391,6.002
10/09/2024 05:00:00 AM,696.039,21.052,1.015,252.145,96.49,0,0.4,NA,NA,NA,NA,5.789,NA,1.87,21.453,7.626
10/09/2024 06:00:00 AM,696.438,21.011,0.918,247.712,97.099,1.401,0,NA,NA,NA,NA,3.926,NA,1.391,24.258,11.519
10/09/2024 07:00:00 AM,696.666,21.617,1.116,234.807,94.677,35.557,0,NA,NA,NA,NA,4.513,NA,2.213,26.733,13.07
10/09/2024 08:00:00 AM,697.006,22.466,1.061,299.688,91.426,133.109,0,NA,NA,NA,NA,4.294,NA,0.473,30.049,14.324
10/09/2024 09:00:00 AM,697.163,24.342,2.256,231.253,82.913,532.456,0,NA,NA,NA,NA,24.54,NA,0.262,21.443,7.689
10/09/2024 10:00:00 AM,696.924,24.917,2.555,244.772,79.757,513.944,0,NA,NA,NA,NA,37.935,NA,0.431,24.87,7.292
10/09/2024 11:00:00 AM,696.488,27.224,2.345,272.175,68.278,781.131,0,NA,NA,NA,NA,61.41,NA,0.668,15.661,5.159
10/09/2024 12:00:00 PM,695.673,29.006,3.56,272.014,60.896,675.345,0,NA,NA,NA,NA,66.79,NA,0.262,11.478,4.335
10/09/2024 01:00:00 PM,695.052,27.926,5.106,339.367,71.64,867.454,0,NA,NA,NA,NA,49.419,NA,0.262,10.264,4.264
10/09/2024 02:00:00 PM,694.502,27.241,5.418,335.44,73.601,455.821,0,NA,NA,NA,NA,47.9,NA,0.262,8.929,3.917
10/09/2024 03:00:00 PM,693.929,26.861,4.396,336.32,75.377,270.995,0,NA,NA,NA,NA,50.994,NA,0.262,9.642,3.975
10/09/2024 04:00:00 PM,693.502,27.923,4.083,328.894,69.413,182.522,0,NA,NA,NA,NA,51.942,NA,0.262,9.501,3.779
10/09/2024 05:00:00 PM,693.592,27.183,2.818,309.91,70.082,80.676,0,NA,NA,NA,NA,48.72,NA,0.262,10.47,4.074
10/09/2024 06:00:00 PM,693.798,26.105,2.61,327.119,73.404,23.151,0,NA,NA,NA,NA,44.871,NA,0.262,8.897,3.281
10/09/2024 07:00:00 PM,694.265,25.283,1.907,312.678,78.003,0,0,NA,NA,NA,NA,35.542,NA,0.262,8.69,3.325
10/09/2024 08:00:00 PM,694.933,24.809,1.571,32.354,80.644,0,0,NA,NA,NA,NA,20.856,NA,0.262,11.182,5.746
10/09/2024 09:00:00 PM,695.385,24.197,0.907,341.415,83.818,0,0,NA,NA,NA,NA,16.257,NA,0.262,14.137,6.35
10/09/2024 10:00:00 PM,695.846,23.944,0.933,45.874,84.81,0,0,NA,NA,NA,NA,16.399,NA,0.319,13.992,5.554
10/09/2024 11:00:00 PM,696.079,23.913,0.934,354.027,85.871,0,0,NA,NA,NA,NA,18.53,NA,0.262,12.38,5.353
10/10/2024 12:00:00 AM,695.686,23.896,0.946,116.606,86.582,0,0,NA,NA,NA,NA,21.218,NA,0.262,8.489,3.893
10/10/2024 01:00:00 AM,695.163,23.573,0.958,49.237,86.298,0,0,NA,NA,NA,NA,16.741,NA,0.269,10.563,4.353
10/10/2024 02:00:00 AM,695.031,23.247,0.968,80.664,89.171,0,0,NA,NA,NA,NA,6.041,NA,2.347,17.49,8.28
10/10/2024 03:00:00 AM,694.836,22.88,0.972,115.581,91.548,0,0,NA,NA,NA,NA,4.228,NA,1.162,21.811,9.057
10/10/2024 04:00:00 AM,694.927,22.732,0.959,347.242,91.488,0,0,NA,NA,NA,NA,3.975,NA,1.184,18.41,6.741
10/10/2024 05:00:00 AM,695.063,22.345,1.107,243.205,94.669,0,0,NA,NA,NA,NA,3.926,NA,3.352,24.589,9.607
10/10/2024 06:00:00 AM,695.712,22.109,1.088,355.553,95.238,0,0.4,NA,NA,NA,NA,3.926,NA,2.051,16.331,7.221
10/10/2024 07:00:00 AM,696.288,22.105,0.909,107.892,95.273,9.892,1.6,NA,NA,NA,NA,3.926,NA,1.074,19.191,8.012
10/10/2024 08:00:00 AM,696.624,22.568,1.042,0.861,94.27,96.747,0,NA,NA,NA,NA,3.926,NA,0.868,21.527,8.545
10/10/2024 09:00:00 AM,697.085,23.385,1.52,355.54,91.969,176.593,0,NA,NA,NA,NA,4.285,NA,0.459,20.716,9.83
10/10/2024 10:00:00 AM,697.43,24.141,2.066,27.899,88.469,167.104,0,NA,NA,NA,NA,15.136,NA,0.262,12.022,5.549
10/10/2024 11:00:00 AM,697.439,24.03,2.832,351.76,88.249,146.208,0,NA,NA,NA,NA,20.6,NA,0.262,8.063,3.438
10/10/2024 12:00:00 PM,696.837,24.387,3.133,348.996,85.952,329.987,0,NA,NA,NA,NA,25.448,NA,0.262,6.512,2.55
10/10/2024 01:00:00 PM,695.898,24.775,3.849,2.523,82.993,263.03,0,NA,NA,NA,NA,34.23,NA,0.262,5.274,2.213
10/10/2024 02:00:00 PM,695.142,25.851,3.994,4.9,77.847,456.637,0,NA,NA,NA,NA,37.157,NA,0.262,5.132,2.252
10/10/2024 03:00:00 PM,694.404,25.931,3.726,11.374,76.967,230.598,0,NA,NA,NA,NA,38.612,NA,0.439,5.814,2.435
10/10/2024 04:00:00 PM,694.133,26.111,4.231,331.041,76.479,162.899,0.2,NA,NA,NA,NA,44.185,NA,0.583,5.434,2.017
10/10/2024 05:00:00 PM,694.149,25.874,3.136,335.139,77.141,91.092,0,NA,NA,NA,NA,41.859,NA,1.016,7.223,2.279
10/10/2024 06:00:00 PM,694.365,24.565,2.416,348.183,83.455,10.955,0,NA,NA,NA,NA,30.424,NA,2.395,6.562,2.472
10/10/2024 07:00:00 PM,694.958,23.516,2.265,6.881,87.818,0,0,NA,NA,NA,NA,22.058,NA,1.504,7.647,3.107
10/10/2024 08:00:00 PM,695.696,23.187,1.407,344.118,90.032,0,0,NA,NA,NA,NA,18.195,NA,0.545,8.972,3.772
10/10/2024 09:00:00 PM,696.263,23.043,1.684,16.551,91.174,0,0,NA,NA,NA,NA,5.755,NA,0.879,15.538,7.712
10/10/2024 10:00:00 PM,696.6,22.492,1.558,44.971,92.32,0,0,NA,NA,NA,NA,5.277,NA,0.951,17.21,7.958
10/10/2024 11:00:00 PM,696.703,22.124,1.28,111.228,89.527,0,0,NA,NA,NA,NA,8.551,NA,0.707,14.236,5.764
10/11/2024 12:00:00 AM,696.891,21.739,1.502,66.562,88.5,0,0,NA,NA,NA,NA,8.738,NA,1.296,13.449,5.248
10/11/2024 01:00:00 AM,696.555,21.715,1.45,122.919,85.985,0,0,NA,NA,NA,NA,11.74,NA,0.769,13.546,4.107
10/11/2024 02:00:00 AM,695.91,21.211,1.089,110.318,87.537,0,0,NA,NA,NA,NA,8.688,NA,0.262,14.472,4.49
10/11/2024 03:00:00 AM,695.348,20.681,0.821,28.547,89.877,0,0,NA,NA,NA,NA,5.651,NA,0.575,16.601,5.003
10/11/2024 04:00:00 AM,695.429,20.159,0.754,82.258,93.451,0,0,NA,NA,NA,NA,3.926,NA,1.812,21.016,7.625
10/11/2024 05:00:00 AM,695.53,20.177,0.569,323.393,94.677,0,0,NA,NA,NA,NA,3.926,NA,2.593,20.835,8.093
10/11/2024 06:00:00 AM,695.812,20.106,0.805,2.225,94.609,0.209,0,NA,NA,NA,NA,3.926,NA,3.848,29.123,12.297
10/11/2024 07:00:00 AM,696.329,19.931,0.711,78.983,95.621,12.051,0,NA,NA,NA,NA,3.926,NA,4.274,36.634,15.634
10/11/2024 08:00:00 AM,696.765,22.475,1.151,304.207,87.026,78.767,0,NA,NA,NA,NA,3.934,NA,4.409,36.448,16.87
10/11/2024 09:00:00 AM,696.717,24.952,1.374,285.653,76.798,649.523,0,NA,NA,NA,NA,20.127,NA,1.689,25.832,12.549
10/11/2024 10:00:00 AM,696.478,26.847,1.47,315.761,70.187,660.732,0,NA,NA,NA,NA,46.47,NA,1.945,30.319,12.411
10/11/2024 11:00:00 AM,696.033,28.547,2.777,277.282,61.075,896.373,0,NA,NA,NA,NA,64.558,NA,0.329,12.441,5.413
10/11/2024 12:00:00 PM,695.596,27.503,4.886,336.841,68.916,489.133,0,NA,NA,NA,NA,56.994,NA,0.262,13.578,4.898
10/11/2024 01:00:00 PM,695.082,26.834,5.06,339.151,72.491,745.654,0,NA,NA,NA,NA,49.532,NA,0.262,8.962,3.446
10/11/2024 02:00:00 PM,694.358,27.723,4.952,343.505,68.013,573.974,0,NA,NA,NA,NA,45.382,NA,0.262,7.411,3.135
10/11/2024 03:00:00 PM,693.744,28.764,4.324,326.227,63.133,571.864,0,NA,NA,NA,NA,47.978,NA,0.262,5.872,2.384
10/11/2024 04:00:00 PM,693.493,27.954,3.665,316.703,68.009,164.736,0,NA,NA,NA,NA,46.557,NA,0.262,10.43,3.201
10/11/2024 05:00:00 PM,693.416,27.382,2.865,305.695,71.144,74.658,0,NA,NA,NA,NA,44.512,NA,0.262,10.769,3.406
10/11/2024 06:00:00 PM,693.341,26.367,2.47,333.99,75.494,9.578,0,NA,NA,NA,NA,41.42,NA,0.262,9.36,4.317
10/11/2024 07:00:00 PM,693.784,25.496,2.311,333.505,81.025,0,0,NA,NA,NA,NA,41.466,NA,0.262,8.237,4.072
10/11/2024 08:00:00 PM,694.519,24.927,2.187,346.555,84.203,0,0,NA,NA,NA,NA,40.447,NA,0.273,10.36,5.539
10/11/2024 09:00:00 PM,695.216,24.669,1.133,323.69,85.437,0,0,NA,NA,NA,NA,33.882,NA,0.262,14.277,7.028
10/11/2024 10:00:00 PM,695.815,24.474,1.079,328.214,85.73,0,0,NA,NA,NA,NA,21.883,NA,0.262,16.802,7.084
10/11/2024 11:00:00 PM,696.189,24.054,1.103,103.421,83.847,0,0,NA,NA,NA,NA,11.571,NA,0.262,14.91,6.599
10/12/2024 12:00:00 AM,695.918,23.605,1.172,101.455,83.609,0,0,NA,NA,NA,NA,10.024,NA,0.262,14.301,5.949
10/12/2024 01:00:00 AM,695.608,22.933,0.948,331.542,87.247,0,0,NA,NA,NA,NA,8.049,NA,1.783,13.878,6.535
10/12/2024 02:00:00 AM,694.95,22.39,0.783,127.579,88.044,0,0,NA,NA,NA,NA,5.443,NA,3.409,16.036,6.999
10/12/2024 03:00:00 AM,694.692,21.995,1.23,354.928,88.506,0,0,NA,NA,NA,NA,6.687,NA,3.386,21.282,9.953
10/12/2024 04:00:00 AM,694.838,21.854,1.026,97.265,83.652,0,0,NA,NA,NA,NA,5.273,NA,4.515,16.589,8.266
10/12/2024 05:00:00 AM,694.982,21.87,1.442,116.789,77.097,0,0,NA,NA,NA,NA,11.418,NA,2.251,9.783,4.451
10/12/2024 06:00:00 AM,695.379,22.159,1.495,111.371,72.603,0.386,0,NA,NA,NA,NA,14.015,NA,2.005,9.05,3.615
10/12/2024 07:00:00 AM,695.556,22.406,0.806,119.85,70.94,22.91,0,NA,NA,NA,NA,8.075,NA,2.068,12.723,5.043
10/12/2024 08:00:00 AM,695.741,24.689,1.215,345.451,64.224,83.117,0,NA,NA,NA,NA,12.144,NA,2.741,15.716,6.012
10/12/2024 09:00:00 AM,695.884,26.673,1.218,54.369,61.633,655.245,0,NA,NA,NA,NA,22.322,NA,2.324,20.243,8.002
10/12/2024 10:00:00 AM,695.759,28.125,1.549,291.591,62.82,638.595,0,NA,NA,NA,NA,60.278,NA,3.31,29.573,11.911
10/12/2024 11:00:00 AM,695.344,28.75,2.654,336.52,61.657,893.522,0,NA,NA,NA,NA,68.329,NA,2.274,20.329,8.32
10/12/2024 12:00:00 PM,694.776,29.168,4.49,346.122,62.992,771.481,0,NA,NA,NA,NA,64.101,NA,2.08,13.313,6.478
10/12/2024 01:00:00 PM,694.189,29.33,4.024,335.243,65.004,629.396,0,NA,NA,NA,NA,52.658,NA,0.595,13.53,6.295
10/12/2024 02:00:00 PM,693.51,29.39,4.923,322.071,64.131,532.101,0,NA,NA,NA,NA,51.374,NA,0.292,10.744,5.252
10/12/2024 03:00:00 PM,693.023,29.686,5.088,319.721,64.112,609.531,0,NA,NA,NA,NA,53.884,NA,0.412,10.743,5.294
10/12/2024 04:00:00 PM,692.723,28.696,4.713,332.878,69.383,108.782,0,NA,NA,NA,NA,53.954,NA,0.495,11.923,5.839
10/12/2024 05:00:00 PM,692.878,28.195,3.782,330.92,71.889,106.413,0,NA,NA,NA,NA,55.659,NA,0.366,15.847,9.679
10/12/2024 06:00:00 PM,693.382,27.375,3.275,322.839,75.245,42.718,0,NA,NA,NA,NA,51.856,NA,0.486,17.645,9.441
10/12/2024 07:00:00 PM,693.904,26.106,1.482,281.372,81.688,0,0,NA,NA,NA,NA,43.56,NA,0.696,22.025,9.563
10/12/2024 08:00:00 PM,694.432,25.741,1.091,16.906,83.46,0,0,NA,NA,NA,NA,27.49,NA,1.428,22.045,10.686
10/12/2024 09:00:00 PM,695.154,24.924,1.444,29.131,83.592,0,0,NA,NA,NA,NA,19.903,NA,1.476,28.261,12.124
10/12/2024 10:00:00 PM,695.463,24.488,1.723,118.351,79.763,0,0,NA,NA,NA,NA,21.646,NA,1.19,15.922,8.183
10/12/2024 11:00:00 PM,695.642,24.16,1.541,112.418,79.054,0,0,NA,NA,NA,NA,21.031,NA,1.7,14.673,7.549
10/13/2024 12:00:00 AM,696.032,23.914,1.081,61.33,79.192,0,0,NA,NA,NA,NA,16.821,NA,2.112,15.07,7.503
10/13/2024 01:00:00 AM,695.552,23.556,0.918,24.649,81.688,0,0,NA,NA,NA,NA,7.304,NA,2.31,18.682,9.868
10/13/2024 02:00:00 AM,695.202,22.966,0.803,89.2,83.19,0,0,NA,NA,NA,NA,5.723,NA,2.486,21.969,11.271
10/13/2024 03:00:00 AM,695.218,22.514,1.042,91.529,84.966,0,0,NA,NA,NA,NA,3.926,NA,1.988,20.414,10.635
10/13/2024 04:00:00 AM,694.982,22.439,1.138,15.042,80.873,0,0,NA,NA,NA,NA,10.309,NA,1.011,13.254,6.944
10/13/2024 05:00:00 AM,695.115,21.92,0.985,80.84,84.184,0,0,NA,NA,NA,NA,5.61,NA,1.232,14.746,8.035
10/13/2024 06:00:00 AM,695.417,21.333,1.137,262.722,85.389,0.563,0,NA,NA,NA,NA,7.081,NA,1.359,13.89,7.219
10/13/2024 07:00:00 AM,695.774,21.942,1.093,118.207,80.393,33.124,0,NA,NA,NA,NA,7.605,NA,0.724,13.916,7.269
10/13/2024 08:00:00 AM,696.167,23.809,1.195,306.743,77.664,150.848,0,NA,NA,NA,NA,10.942,NA,2.879,21.445,11.356
10/13/2024 09:00:00 AM,696.316,25.735,1.823,46.901,75.475,660.117,0,NA,NA,NA,NA,21.454,NA,3.198,37.549,18.121
10/13/2024 10:00:00 AM,696.011,27.605,2.162,278.783,69.399,708.341,0,NA,NA,NA,NA,58.579,NA,0.262,23.51,13.367
10/13/2024 11:00:00 AM,695.706,29.933,1.385,261.457,58.033,579.854,0,NA,NA,NA,NA,63.002,NA,0.262,15.14,7.864
10/13/2024 12:00:00 PM,695.099,29.394,4.314,324.855,64.62,520.549,0,NA,NA,NA,NA,63.91,NA,0.262,20.518,12.154
10/13/2024 01:00:00 PM,694.545,28.15,4.657,338.562,71.813,307.834,0,NA,NA,NA,NA,45.496,NA,0.262,19.336,12.4
10/13/2024 02:00:00 PM,693.933,27.615,4.61,320.055,73.953,167.007,0,NA,NA,NA,NA,44.064,NA,0.262,18.335,12.882
10/13/2024 03:00:00 PM,693.819,26.471,3.736,328.694,79.626,27.968,0,NA,NA,NA,NA,41.805,NA,0.262,17.957,12.777
10/13/2024 04:00:00 PM,694.143,25.795,3.171,12.128,81.831,22.942,0,NA,NA,NA,NA,40.745,NA,0.262,13.624,9.552
10/13/2024 05:00:00 PM,694.666,24.209,1.631,7.822,86.011,6.476,0,NA,NA,NA,NA,34.02,NA,0.262,15.046,9.676
10/13/2024 06:00:00 PM,695.119,23.849,1.531,325.546,86.76,0.918,0,NA,NA,NA,NA,25.301,NA,0.262,16.33,9.665
10/13/2024 07:00:00 PM,695.387,23.437,1.598,17.939,87.154,0,0,NA,NA,NA,NA,18.159,NA,0.262,17.926,10.205
10/13/2024 08:00:00 PM,695.957,23.113,1.057,330.915,88.066,0,0,NA,NA,NA,NA,9.957,NA,0.262,17.236,9.453
10/13/2024 09:00:00 PM,696.697,22.958,0.843,286.074,90.805,0,0,NA,NA,NA,NA,3.926,NA,0.262,51.254,30.866
10/13/2024 10:00:00 PM,697.148,22.828,1.055,76.906,90.492,0,0,NA,NA,NA,NA,3.926,NA,0.262,28.563,18.36
10/13/2024 11:00:00 PM,697.306,22.663,0.908,177.102,91.653,0,0.2,NA,NA,NA,NA,3.926,NA,0.307,38.739,24.337
10/14/2024 12:00:00 AM,697.479,22.603,1.473,64.147,89.587,0,0,NA,NA,NA,NA,6.213,NA,0.262,19.684,11.124
10/14/2024 01:00:00 AM,696.993,21.892,0.948,10.7,92.802,0,0,NA,NA,NA,NA,3.926,NA,0.561,20.582,10.809
10/14/2024 02:00:00 AM,696.415,21.615,0.792,331.542,92.856,0,0,NA,NA,NA,NA,4.111,NA,0.792,18.611,8.692
10/14/2024 03:00:00 AM,696.277,21.473,0.945,7.825,93.958,0,0,NA,NA,NA,NA,4.725,NA,2.327,20.106,9.091
10/14/2024 04:00:00 AM,696.476,21.453,0.747,2.563,93.298,0,0,NA,NA,NA,NA,3.926,NA,1.603,19.858,8.393
10/14/2024 05:00:00 AM,696.411,21.052,0.887,89.28,93.273,0,0,NA,NA,NA,NA,3.926,NA,1.834,17.581,6.976
10/14/2024 06:00:00 AM,696.608,21.199,0.709,205.32,92.748,0.225,0,NA,NA,NA,NA,3.926,NA,1.37,17.238,8.147
10/14/2024 07:00:00 AM,696.648,21.934,0.716,17.41,87.04,31.207,0,NA,NA,NA,NA,3.926,NA,1.21,16.733,7.923
10/14/2024 08:00:00 AM,697.277,22.92,1.006,270.54,89.086,125.924,0,NA,NA,NA,NA,3.926,NA,3.758,26.447,13.323
10/14/2024 09:00:00 AM,697.341,24.416,1.039,264.092,85.888,280.639,0,NA,NA,NA,NA,5.529,NA,0.262,39.292,17.141
10/14/2024 10:00:00 AM,697.208,25.93,1.659,26.1,78.746,510.544,0.2,NA,NA,NA,NA,18.631,NA,0.262,32.721,17.22
10/14/2024 11:00:00 AM,696.548,29.09,1.345,1.804,60.692,867.937,0,NA,NA,NA,NA,40.399,NA,0.262,15.526,9.087
10/14/2024 12:00:00 PM,695.512,30.26,2.754,357.26,54.644,768.194,0,NA,NA,NA,NA,56.946,NA,0.262,11.688,6.417
10/14/2024 01:00:00 PM,694.646,30.148,4.892,323.063,58.1,807.876,0,NA,NA,NA,NA,55.221,NA,0.262,11.881,6.626
10/14/2024 02:00:00 PM,694.233,29.169,5.232,334.451,65.455,503.278,0.2,NA,NA,NA,NA,49.186,NA,0.262,12.317,7.2
10/14/2024 03:00:00 PM,694.053,28.416,4.683,325.707,66.806,310.944,0,NA,NA,NA,NA,46.603,NA,0.262,14.86,9.396
10/14/2024 04:00:00 PM,693.747,28.479,4.566,339.734,67.187,197.586,0,NA,NA,NA,NA,46.619,NA,0.262,11.149,6.566
10/14/2024 05:00:00 PM,694.152,27.998,4.581,328.622,69.589,93.927,0,NA,NA,NA,NA,53.227,NA,0.262,11.973,7.384
10/14/2024 06:00:00 PM,694.655,26.815,2.94,332.571,75.922,6.557,0,NA,NA,NA,NA,51.833,NA,0.262,13.87,7.105
10/14/2024 07:00:00 PM,694.996,26.04,1.399,323.545,80.251,0,0,NA,NA,NA,NA,38.896,NA,0.262,16.24,8.287
10/14/2024 08:00:00 PM,695.55,25.139,1.375,74.604,81.891,0,0,NA,NA,NA,NA,21.578,NA,0.262,19.024,9.312
10/14/2024 09:00:00 PM,696.029,24.567,1.425,118.938,81.336,0,0,NA,NA,NA,NA,18.595,NA,0.262,16.652,7.971
10/14/2024 10:00:00 PM,696.583,24.518,1.355,50.398,81.095,0,0,NA,NA,NA,NA,12.309,NA,0.262,17.501,8.713
10/14/2024 11:00:00 PM,696.75,24.303,1.205,96.3,79.749,0,0,NA,NA,NA,NA,15.229,NA,0.262,14.206,7.158
10/15/2024 12:00:00 AM,696.781,23.554,1.031,52.425,83.539,0,0,NA,NA,NA,NA,10.203,NA,0.418,15.133,8.088
10/15/2024 01:00:00 AM,696.424,23.313,1.062,106.026,83.088,0,0,NA,NA,NA,NA,11.518,NA,1.028,15.061,7.836
10/15/2024 02:00:00 AM,695.689,22.51,0.956,53.618,85.575,0,0,NA,NA,NA,NA,7.094,NA,2.682,12.44,6.187
10/15/2024 03:00:00 AM,695.56,22.045,0.956,4.401,86.627,0,0,NA,NA,NA,NA,6.216,NA,1.338,15.402,7.45
10/15/2024 04:00:00 AM,695.936,21.788,1.589,83.846,86.873,0,0,NA,NA,NA,NA,6.965,NA,1.815,13.491,6.326
10/15/2024 05:00:00 AM,696.389,21.498,1.885,356.768,91.396,0,0,NA,NA,NA,NA,26.563,NA,0.883,10.004,5.252
10/15/2024 06:00:00 AM,696.711,21.393,1.071,37.947,91.02,1.143,0,NA,NA,NA,NA,12.011,NA,0.897,11.932,6.165
10/15/2024 07:00:00 AM,697.132,21.355,1.21,66.975,90.701,13.919,0,NA,NA,NA,NA,5.773,NA,1.349,13.99,6.905
10/15/2024 08:00:00 AM,697.595,21.93,1.035,51.78,86.563,49.332,0,NA,NA,NA,NA,4.441,NA,1.237,16.511,7.894
10/15/2024 09:00:00 AM,697.818,22.921,0.912,72.871,84.685,116.354,0,NA,NA,NA,NA,4.434,NA,2.713,25.881,10.274
10/15/2024 10:00:00 AM,697.489,24.425,2.024,267.273,81.784,467.528,0,NA,NA,NA,NA,13.839,NA,-999,32.556,12.512
10/15/2024 11:00:00 AM,696.992,27.169,2.17,254.617,68.296,957.789,0,NA,NA,NA,NA,-999,NA,-999,24.854,12.086
10/15/2024 12:00:00 PM,695.95,29.453,2.372,35.265,58.303,776.991,0,NA,NA,NA,NA,-999,NA,-999,14.468,7.67
10/15/2024 01:00:00 PM,694.847,29.638,4.521,327.266,59.143,896.856,0,NA,NA,NA,NA,-999,NA,1.099,10.265,5.646
10/15/2024 02:00:00 PM,694.082,29.223,4.289,336.901,63.517,355.507,0,NA,NA,NA,NA,48.945,NA,2.557,10.127,5.02
10/15/2024 03:00:00 PM,693.7,28.017,4.028,311.33,70.165,210.57,0,NA,NA,NA,NA,42.834,NA,1.894,14.328,6.048
10/15/2024 04:00:00 PM,693.421,27.376,4.855,334.072,73.009,131.369,0,NA,NA,NA,NA,41.043,NA,1.922,8.664,4.467
10/15/2024 05:00:00 PM,693.286,27.694,3.238,329.777,71.047,79.959,0,NA,NA,NA,NA,41.677,NA,1.4,11.38,5.412
10/15/2024 06:00:00 PM,693.826,26.737,3.659,333.678,70.924,20.992,0,NA,NA,NA,NA,42.614,NA,1.858,11.84,5.54
10/15/2024 07:00:00 PM,694.392,25.864,1.503,321.664,75.696,0,0,NA,NA,NA,NA,32.292,NA,3.519,25.585,10.541
10/15/2024 08:00:00 PM,695.47,25.301,2.126,30.949,78.731,0,0,NA,NA,NA,NA,22.792,NA,3.641,16.864,7.102
10/15/2024 09:00:00 PM,696.236,24.499,1.893,23.068,81.753,0,0,NA,NA,NA,NA,20.979,NA,2.542,16.532,7.347
10/15/2024 10:00:00 PM,696.919,23.776,1.207,345.174,82.913,0,0,NA,NA,NA,NA,26.666,NA,2.87,12.873,6.471
10/15/2024 11:00:00 PM,696.979,23.447,0.99,72.494,83.948,0,0,NA,NA,NA,NA,21.857,NA,2.59,18.482,7.764
10/16/2024 12:00:00 AM,696.894,23.535,0.579,8.465,82.721,0,0,NA,NA,NA,NA,13.961,NA,3.392,17.627,10.16
10/16/2024 01:00:00 AM,696.429,23.47,1.297,94.792,80.716,0,0,NA,NA,NA,NA,23.655,NA,1.804,15.335,6.863
10/16/2024 02:00:00 AM,695.753,22.903,1.191,178.029,82.18,0,0,NA,NA,NA,NA,31.776,NA,1.138,12.661,6.007
10/16/2024 03:00:00 AM,695.413,22.103,1.722,230.384,83.963,0,0,NA,NA,NA,NA,33.586,NA,0.903,9.568,4.49
10/16/2024 04:00:00 AM,695.227,22.084,1.015,190.19,83.756,0,0,NA,NA,NA,NA,28.74,NA,1.181,10.055,4.993
10/16/2024 05:00:00 AM,695.379,21.991,1.156,221.71,84.07,0,0,NA,NA,NA,NA,23.232,NA,0.714,13.696,8.102
10/16/2024 06:00:00 AM,695.728,21.669,1.016,212.776,84.148,0.499,0,NA,NA,NA,NA,11.177,NA,0.759,13.069,6.175
10/16/2024 07:00:00 AM,696.198,21.785,1.041,358.746,82.849,45.707,0,NA,NA,NA,NA,4.151,NA,0.967,19.653,8.027
10/16/2024 08:00:00 AM,696.413,23.957,1.48,20.328,77.509,89.706,0,NA,NA,NA,NA,11.534,NA,2.612,22.033,8.283
10/16/2024 09:00:00 AM,696.26,25.17,2.208,249.02,73.825,672.528,0,NA,NA,NA,NA,30.76,NA,2.691,25.194,9.008
10/16/2024 10:00:00 AM,696.454,27.566,2.021,285.153,62.393,784.981,0,NA,NA,NA,NA,50.59,NA,1.229,20.131,6.564
10/16/2024 11:00:00 AM,696.177,29.366,2.573,341.028,57.402,627.705,0,NA,NA,NA,NA,61.926,NA,0.262,14.741,5.268
10/16/2024 12:00:00 PM,695.526,28.449,5.041,327.048,66.125,731.669,0,NA,NA,NA,NA,60.848,NA,0.262,15.754,6.018
10/16/2024 01:00:00 PM,694.698,28.525,4.798,334.085,64.594,926.936,0,NA,NA,NA,NA,62.12,NA,0.262,12.661,5.572
10/16/2024 02:00:00 PM,694.028,29.413,4.351,326.799,60.581,584.671,0,NA,NA,NA,NA,63.916,NA,-999,13.779,5.359
10/16/2024 03:00:00 PM,693.124,29.582,4.238,330.381,59.892,479.021,0,NA,NA,NA,NA,58.179,NA,0.262,12.128,5.178
10/16/2024 04:00:00 PM,692.587,29.261,4.64,327.47,63.498,138.056,0,NA,NA,NA,NA,58.135,NA,0.262,9.669,5.017
10/16/2024 05:00:00 PM,693.075,27.95,4.587,304.071,71.524,110.409,0,NA,NA,NA,NA,56.921,NA,0.262,11.786,5.8
10/16/2024 06:00:00 PM,693.808,26.614,4.41,331.782,77.531,9.28,0,NA,NA,NA,NA,54.363,NA,0.262,12.271,6.88
10/16/2024 07:00:00 PM,694.458,25.485,4.229,326.523,82.032,0,0.2,NA,NA,NA,NA,46.746,NA,0.262,14.614,8.352
10/16/2024 08:00:00 PM,694.9,23.476,1.908,295.125,81.597,0,0,NA,NA,NA,NA,42.323,NA,0.262,10.443,5.295
10/16/2024 09:00:00 PM,695.326,23.598,1.11,351.385,79.348,0,0,NA,NA,NA,NA,30.324,NA,0.991,17.535,7.98
10/16/2024 10:00:00 PM,695.796,23.094,0.957,80.975,83.351,0,0,NA,NA,NA,NA,13.615,NA,1.658,25.421,10.423
10/16/2024 11:00:00 PM,695.73,23.359,1.201,174.968,82.549,0,0,NA,NA,NA,NA,10.04,NA,1.337,19.834,9.535
10/17/2024 12:00:00 AM,695.112,23.217,1.392,286.49,82.223,0,0,NA,NA,NA,NA,9.929,NA,2.152,18.646,8.59
10/17/2024 01:00:00 AM,695.082,22.453,1.399,40.027,84.791,0,0,NA,NA,NA,NA,10.258,NA,2.155,20.526,9.669
10/17/2024 02:00:00 AM,694.961,22.483,1.137,290.221,82.957,0,0,NA,NA,NA,NA,17.175,NA,1.486,14.872,7.527
10/17/2024 03:00:00 AM,694.586,22.406,1.245,101.152,82.513,0,0,NA,NA,NA,NA,16.102,NA,0.746,12.758,6.326
10/17/2024 04:00:00 AM,694.463,22.418,1.006,353.843,82.235,0,0,NA,NA,NA,NA,17.4,NA,0.947,11.602,5.654
10/17/2024 05:00:00 AM,694.169,22.03,0.837,284.785,84.88,0,0,NA,NA,NA,NA,10.531,NA,1.547,14.468,7.3
10/17/2024 06:00:00 AM,694.16,21.822,0.837,246.076,84.508,0.338,0,NA,NA,NA,NA,3.926,NA,1.838,17.299,8.331
10/17/2024 07:00:00 AM,694.441,22.531,0.91,213.634,83.781,16.739,0,NA,NA,NA,NA,3.926,NA,2.513,30.097,13.353
10/17/2024 08:00:00 AM,694.952,25.262,1.113,74.427,69.243,76.012,0,NA,NA,NA,NA,8.66,NA,1.962,21.031,8.579
10/17/2024 09:00:00 AM,695.534,26.543,1.818,356.945,69.093,666.291,0,NA,NA,NA,NA,28.191,NA,1.137,21.02,9.556
10/17/2024 10:00:00 AM,695.655,26.782,2.755,324.83,70.275,484.477,0,NA,NA,NA,NA,44.855,NA,0.403,15.071,7.15
10/17/2024 11:00:00 AM,695.278,27.881,2.86,337.503,65.316,696.257,0,NA,NA,NA,NA,51.805,NA,0.262,10.637,5.997
10/17/2024 12:00:00 PM,694.548,28.504,3.483,325.75,63.089,681.661,0,NA,NA,NA,NA,54.475,NA,0.262,10.789,6.747
10/17/2024 01:00:00 PM,693.713,29.065,3.907,305.959,62.557,533.954,0,NA,NA,NA,NA,56.734,NA,0.604,13.505,9.047
10/17/2024 02:00:00 PM,693.178,28.838,4.728,314.88,65.231,503.262,0,NA,NA,NA,NA,56.05,NA,0.262,12.852,7.494
10/17/2024 03:00:00 PM,692.617,29.623,4.161,317.752,62.05,665.597,0,NA,NA,NA,NA,56.342,NA,0.262,12.449,7.863
10/17/2024 04:00:00 PM,692.127,29.581,3.811,330.441,61.742,210.668,0,NA,NA,NA,NA,57.921,NA,0.262,12.468,7.721
10/17/2024 05:00:00 PM,692.365,29.211,2.818,330.169,63.77,97.439,0,NA,NA,NA,NA,53.362,NA,0.262,15.666,9.984
10/17/2024 06:00:00 PM,693.029,27.861,3.202,331.196,69.315,24.392,0,NA,NA,NA,NA,49.923,NA,0.262,15.32,9.72
10/17/2024 07:00:00 PM,693.193,26.891,1.135,299.476,74.034,0,0,NA,NA,NA,NA,43.292,NA,0.515,24.924,14.514
10/17/2024 08:00:00 PM,693.552,26.059,1.507,39.808,76.841,0,0,NA,NA,NA,NA,25.292,NA,2.013,28.658,15.18
10/17/2024 09:00:00 PM,694.606,25.501,1.028,54.083,77.08,0,0,NA,NA,NA,NA,18.705,NA,0.556,24.087,12.101
10/17/2024 10:00:00 PM,695.148,24.955,1.23,99.14,75.581,0,0,NA,NA,NA,NA,21.025,NA,1.072,19.817,9.676
10/17/2024 11:00:00 PM,695.168,24.615,1.625,97.5,75.311,0,0,NA,NA,NA,NA,22.114,NA,1.712,15.171,8.208
10/18/2024 12:00:00 AM,695.032,24.256,1.335,77.695,75.205,0,0,NA,NA,NA,NA,20.246,NA,1.442,15.092,7.306
10/18/2024 01:00:00 AM,694.734,23.836,1.266,104.384,75.901,0,0,NA,NA,NA,NA,15.61,NA,0.873,13.704,7.005
10/18/2024 02:00:00 AM,694.231,23.321,0.701,61.524,78.079,0,0,NA,NA,NA,NA,9.39,NA,1.863,15.025,8.065
10/18/2024 03:00:00 AM,693.911,22.856,0.863,333.222,81.409,0,0,NA,NA,NA,NA,7.33,NA,5.34,24.119,12.844
10/18/2024 04:00:00 AM,693.887,22.118,0.846,227.682,88.136,0,0,NA,NA,NA,NA,3.926,NA,6.832,32.824,17.768
10/18/2024 05:00:00 AM,693.949,21.406,0.684,22.257,91.83,0,0,NA,NA,NA,NA,3.926,NA,9.985,35.618,18.044
10/18/2024 06:00:00 AM,694.116,21.348,0.71,1.617,88.304,0.273,0,NA,NA,NA,NA,3.926,NA,6.706,30.487,15.112
10/18/2024 07:00:00 AM,694.819,21.59,0.755,305.114,88.11,18.241,0,NA,NA,NA,NA,3.926,NA,8.333,37.099,17.496
10/18/2024 08:00:00 AM,695.254,24.798,1.104,353.557,70.636,81.248,0,NA,NA,NA,NA,8.278,NA,2.215,25.612,10.602
10/18/2024 09:00:00 AM,695.251,26.048,1.751,251.455,73.088,680.494,0,NA,NA,NA,NA,33.33,NA,3.645,22.917,12.784
10/18/2024 10:00:00 AM,695.024,27.878,2.011,287.404,67.555,578.492,0,NA,NA,NA,NA,61.439,NA,2.007,32.009,16.253
10/18/2024 11:00:00 AM,694.446,30.099,2.292,269.915,56.906,1025.326,0,NA,NA,NA,NA,78.054,NA,0.622,26.877,12.52
10/18/2024 12:00:00 PM,693.665,30.062,5.232,342.394,64.353,647.86,0,NA,NA,NA,NA,70.258,NA,0.308,20.483,11.248
10/18/2024 01:00:00 PM,693.069,29.888,5.684,326.183,67.014,959.611,0,NA,NA,NA,NA,67.827,NA,0.262,22.236,11.746
10/18/2024 02:00:00 PM,692.535,30.318,4.68,333.101,64.786,620.068,0,NA,NA,NA,NA,61.298,NA,0.262,18.664,10.679
10/18/2024 03:00:00 PM,691.993,30.093,5.043,322.924,65.776,498.702,0,NA,NA,NA,NA,54.137,NA,0.262,15.286,9.601
10/18/2024 04:00:00 PM,691.638,29.953,4.641,327.115,66.91,187.984,0,NA,NA,NA,NA,54.058,NA,0.262,14.846,9.387
10/18/2024 05:00:00 PM,691.949,28.566,3.69,326.988,74.293,185.052,2,NA,NA,NA,NA,48.696,NA,0.262,19.914,12.28
10/18/2024 06:00:00 PM,692.58,26.069,1.7,327.164,87.825,43.258,0.2,NA,NA,NA,NA,31.22,NA,0.262,20.726,12.372
10/18/2024 07:00:00 PM,692.76,25.578,1.432,107.046,86.968,0,0,NA,NA,NA,NA,18.714,NA,0.262,20.926,12.51
10/18/2024 08:00:00 PM,693.505,25.496,1.385,19.514,86.863,0,0,NA,NA,NA,NA,23.246,NA,0.262,20.181,12.104
10/18/2024 09:00:00 PM,693.923,25.062,0.823,109.862,88.683,0,0,NA,NA,NA,NA,6.76,NA,0.262,27.41,14.619
10/18/2024 10:00:00 PM,693.93,24.636,1.113,288.138,88.723,0,0,NA,NA,NA,NA,8.115,NA,0.262,25.023,13.757
10/18/2024 11:00:00 PM,694.446,24.241,1.538,61.539,86.31,0,0,NA,NA,NA,NA,11.053,NA,0.262,17.691,10.217
10/19/2024 12:00:00 AM,694.578,24.188,1.443,97.366,83.916,0,0,NA,NA,NA,NA,10.235,NA,0.262,17.167,9.81
10/19/2024 01:00:00 AM,694.274,24.094,1.38,48.565,83.057,0,0,NA,NA,NA,NA,9.802,NA,0.262,16.994,10.057
10/19/2024 02:00:00 AM,693.535,23.931,1.451,33.073,80.81,0,0,NA,NA,NA,NA,12.378,NA,0.262,16.083,9.196
10/19/2024 03:00:00 AM,693.153,23.672,1.276,38.601,80.712,0,0,NA,NA,NA,NA,12.332,NA,0.262,16.561,9.057
10/19/2024 04:00:00 AM,692.892,23.217,1.163,355.791,81.205,0,0,NA,NA,NA,NA,11.294,NA,0.262,17.408,9.52
10/19/2024 05:00:00 AM,693.081,23.258,0.973,152.804,81.406,0,0,NA,NA,NA,NA,7.541,NA,0.262,17.66,9.651
10/19/2024 06:00:00 AM,693.658,22.493,1.23,69.999,90.343,0.098,0,NA,NA,NA,NA,3.926,NA,0.262,24.894,13.192
10/19/2024 07:00:00 AM,694.5,22.219,1.373,5.398,93.544,1.369,0,NA,NA,NA,NA,3.926,NA,0.262,23.794,12.624
10/19/2024 08:00:00 AM,695.039,22.57,1.104,14.598,91.81,30.514,0,NA,NA,NA,NA,6.585,NA,0.262,21.994,11.96
10/19/2024 09:00:00 AM,695.191,23.56,1.175,280.992,88.328,95.748,0,NA,NA,NA,NA,6.576,NA,0.262,24.579,13.147
10/19/2024 10:00:00 AM,695.081,25.123,1.368,310.89,84.304,348.676,0,NA,NA,NA,NA,14.358,NA,0.262,34.561,17.651
10/19/2024 11:00:00 AM,694.257,27.166,2.108,297.514,76.143,521.049,0,NA,NA,NA,NA,39.541,NA,0.262,40.166,21.621
10/19/2024 12:00:00 PM,693.237,28.953,2.385,274.114,67.858,598.205,0,NA,NA,NA,NA,75.371,NA,0.262,28.542,17.053
10/19/2024 01:00:00 PM,692.145,30.1,4.246,324.22,60.869,923.437,0,NA,NA,NA,NA,76.987,NA,0.262,17.392,11.427
10/19/2024 02:00:00 PM,691.906,27.749,5.408,330.342,73.425,383.476,0,NA,NA,NA,NA,54.591,NA,0.262,14.042,6.8
10/19/2024 03:00:00 PM,691.718,26.256,4.938,339.868,77.07,169.843,0.2,NA,NA,NA,NA,60.854,NA,0.262,9.761,5.562
10/19/2024 04:00:00 PM,691.565,27.579,3.878,330.424,71.464,123.975,0,NA,NA,NA,NA,61.331,NA,0.262,9.803,5.842
10/19/2024 05:00:00 PM,691.823,27.415,2.81,325.002,71.72,70.26,0,NA,NA,NA,NA,57.471,NA,0.262,9.534,5.909
10/19/2024 06:00:00 PM,692.411,26.261,2.469,268.769,76.086,23.312,0,NA,NA,NA,NA,54.142,NA,0.262,11.276,6.615
10/19/2024 07:00:00 PM,692.9,25.615,1.629,307.932,78.576,0,0,NA,NA,NA,NA,44.118,NA,0.262,11.527,7.127
10/19/2024 08:00:00 PM,693.608,25.102,1.358,324.636,81.677,0,0,NA,NA,NA,NA,42.706,NA,0.262,11.983,6.951
10/19/2024 09:00:00 PM,694.301,24.916,0.977,47.942,81.743,0,0,NA,NA,NA,NA,20.724,NA,0.262,20.933,11.75
10/19/2024 10:00:00 PM,694.636,24.382,0.759,252.951,82.387,0,0,NA,NA,NA,NA,14.635,NA,0.262,22.886,12.402
10/19/2024 11:00:00 PM,694.909,24.031,0.763,256.696,83.092,0,0,NA,NA,NA,NA,9.037,NA,0.262,24.397,12.696
10/20/2024 12:00:00 AM,695.102,23.608,0.846,144.912,86.578,0,0,NA,NA,NA,NA,4.329,NA,0.262,31.083,16.464
10/20/2024 01:00:00 AM,694.477,23.332,0.887,38.263,85.993,0,0,NA,NA,NA,NA,10.578,NA,0.262,28.734,15.206
10/20/2024 02:00:00 AM,694.254,22.959,1.088,0.378,86.394,0,0,NA,NA,NA,NA,10.381,NA,0.262,19.392,10.08
10/20/2024 03:00:00 AM,694.258,22.939,0.882,222.914,82.584,0,0,NA,NA,NA,NA,30.793,NA,0.262,9.06,4.803
10/20/2024 04:00:00 AM,694.154,22.776,1.718,272,82.124,0,0,NA,NA,NA,NA,35.405,NA,0.262,9.515,4.673
10/20/2024 05:00:00 AM,694.322,22.774,1.156,184.652,80.842,0,0,NA,NA,NA,NA,32.6,NA,0.262,8.479,4.142
10/20/2024 06:00:00 AM,694.633,22.281,0.912,91.388,81.148,1.788,0,NA,NA,NA,NA,11.156,NA,0.262,12.196,6.222
10/20/2024 07:00:00 AM,694.579,23.165,1.438,205.503,79.481,40.535,0,NA,NA,NA,NA,27.231,NA,0.262,11.358,5.111
10/20/2024 08:00:00 AM,694.798,25.477,1.247,34.409,71.581,90.012,0,NA,NA,NA,NA,21.355,NA,0.262,16.779,7.697
10/20/2024 09:00:00 AM,695,25.788,2.272,247.337,73.326,512.889,0,NA,NA,NA,NA,41.776,NA,0.262,20.383,9.919
10/20/2024 10:00:00 AM,694.479,27.967,2.249,275.441,65.377,556.49,0,NA,NA,NA,NA,60.683,NA,0.262,16.158,8.532
10/20/2024 11:00:00 AM,693.671,30.433,2.196,217.322,55.657,1031.755,0,NA,NA,NA,NA,74.022,NA,0.262,14.294,8.938
10/20/2024 12:00:00 PM,693.173,30.049,4.243,337.864,61.628,824.711,0,NA,NA,NA,NA,63.542,NA,0.262,15.626,8.344
10/20/2024 01:00:00 PM,693.306,27.046,6.097,336.481,75.793,397.976,0,NA,NA,NA,NA,47.659,NA,0.262,16.499,9.125
10/20/2024 02:00:00 PM,692.981,26.406,5.158,345.769,77.329,308.721,0,NA,NA,NA,NA,49.769,NA,0.262,11.617,7.129
10/20/2024 03:00:00 PM,692.264,27.164,4.201,330.256,73.866,397.444,0,NA,NA,NA,NA,53.659,NA,0.262,12.98,8.693
10/20/2024 04:00:00 PM,691.842,27.13,3.437,352.45,73.22,163.479,0,NA,NA,NA,NA,54.17,NA,0.262,12.681,9.07
10/20/2024 05:00:00 PM,691.768,27.61,2.812,1.934,70.438,86.871,0,NA,NA,NA,NA,55.936,NA,0.262,13.915,9.095
10/20/2024 06:00:00 PM,692.03,26.751,2.05,324.217,73.182,6.67,0,NA,NA,NA,NA,53.096,NA,0.262,15.761,10.038
10/20/2024 07:00:00 PM,692.487,25.721,2.434,354.475,81.263,0,0,NA,NA,NA,NA,40.354,NA,0.262,17.802,11.759
10/20/2024 08:00:00 PM,693.313,25.339,1.461,313.164,83.863,0,0,NA,NA,NA,NA,36.942,NA,0.262,15.127,9.08
10/20/2024 09:00:00 PM,694.024,25.159,1.907,46.228,84.605,0,0,NA,NA,NA,NA,28.759,NA,0.262,16.396,9.184
10/20/2024 10:00:00 PM,694.208,24.679,1.151,329.023,86.983,0,0,NA,NA,NA,NA,21.416,NA,0.262,17.69,9.549
10/20/2024 11:00:00 PM,694.022,24.273,1.043,21.371,87.853,0,0,NA,NA,NA,NA,20.194,NA,0.262,18.375,9.834
10/21/2024 12:00:00 AM,694.194,23.733,1.319,122.542,87.254,0,0,NA,NA,NA,NA,15.173,NA,0.262,16.192,9.11
10/21/2024 01:00:00 AM,694.058,23.737,1.269,37.739,83.999,0,0,NA,NA,NA,NA,14.427,NA,0.262,15.272,9.41
10/21/2024 02:00:00 AM,693.879,23.206,1.649,38.365,88.134,0,0,NA,NA,NA,NA,15.732,NA,0.262,15.209,10.116
10/21/2024 03:00:00 AM,693.742,22.718,1.502,329.531,91.302,0,0,NA,NA,NA,NA,26.004,NA,0.262,7.511,5.02
10/21/2024 04:00:00 AM,693.802,22.434,1.536,34.359,89.653,0,0,NA,NA,NA,NA,24.321,NA,0.262,6.346,4.038
10/21/2024 05:00:00 AM,693.901,22.627,1.703,116.53,80.432,0,0,NA,NA,NA,NA,14.286,NA,0.262,9.844,5.655
10/21/2024 06:00:00 AM,694.266,22.848,1.804,106.352,76.898,0.757,0,NA,NA,NA,NA,10.621,NA,0.262,11.381,5.956
10/21/2024 07:00:00 AM,694.84,22.886,1.252,344.971,78.125,30.208,0,NA,NA,NA,NA,5.094,NA,0.262,16.996,7.225
10/21/2024 08:00:00 AM,694.838,24.746,1.088,88.22,78.894,72.951,0,NA,NA,NA,NA,13.212,NA,0.262,16.174,6.857
10/21/2024 09:00:00 AM,694.545,25.737,2.08,266.601,75.121,496.504,0,NA,NA,NA,NA,25.131,NA,0.262,23.812,10.572
10/21/2024 10:00:00 AM,694.507,28.031,2.238,282.846,65.885,610.917,0,NA,NA,NA,NA,55.411,NA,0.262,19.761,8.708
10/21/2024 11:00:00 AM,694.607,26.636,3.216,295.533,74.659,260.291,0,NA,NA,NA,NA,46.205,NA,0.262,13.684,5.734
10/21/2024 12:00:00 PM,694.097,26.891,4.977,336.084,74.349,290.821,0,NA,NA,NA,NA,44.792,NA,0.262,10.539,4.789
10/21/2024 01:00:00 PM,693.614,26.829,5.058,335.696,74.098,402.004,0,NA,NA,NA,NA,43.445,NA,0.262,7.593,4.197
10/21/2024 02:00:00 PM,693.023,27.011,4.547,342.454,72.983,391.387,0,NA,NA,NA,NA,45.329,NA,0.262,6.902,4.025
10/21/2024 03:00:00 PM,692.542,27.401,4.64,334.674,71.74,381.511,0,NA,NA,NA,NA,45.259,NA,0.262,7.871,4.298
10/21/2024 04:00:00 PM,692.517,26.786,4.658,332.989,73.401,162.674,0,NA,NA,NA,NA,47.269,NA,0.262,9.656,5.746
10/21/2024 05:00:00 PM,692.674,26.281,3.976,349.092,76.738,81.844,0,NA,NA,NA,NA,41.708,NA,0.262,9.205,4.767
10/21/2024 06:00:00 PM,692.985,25.519,3.056,340.295,80.323,9.344,0,NA,NA,NA,NA,36.779,NA,0.262,9.682,4.991
10/21/2024 07:00:00 PM,693.553,25.101,2.488,336.523,80.654,0,0,NA,NA,NA,NA,31.294,NA,0.262,11.239,5.899
10/21/2024 08:00:00 PM,694.202,24.681,1.854,355.574,83.556,0,0,NA,NA,NA,NA,20.377,NA,0.262,13.14,6.714
10/21/2024 09:00:00 PM,694.989,23.964,1.618,21.843,86.823,0,0,NA,NA,NA,NA,17.907,NA,0.262,15.381,8.229
10/21/2024 10:00:00 PM,695.313,22.995,1.697,72.743,90.006,0,22.199,NA,NA,NA,NA,25.313,NA,0.262,11.056,6.026
10/21/2024 11:00:00 PM,695.611,21.841,0.895,207.253,97.118,0,9.4,NA,NA,NA,NA,19.53,NA,0.262,11.668,6.626
10/22/2024 12:00:00 AM,695.336,21.948,0.567,314.263,97.649,0,0,NA,NA,NA,NA,11.128,NA,0.262,19.394,8.647
10/22/2024 01:00:00 AM,694.864,21.921,0.814,67.721,97.847,0,0,NA,NA,NA,NA,8.406,NA,0.262,23.767,9.164
10/22/2024 02:00:00 AM,694.482,22.033,0.659,23.066,98.034,0,0.2,NA,NA,NA,NA,5.443,NA,0.262,22.246,10.039
10/22/2024 03:00:00 AM,694.17,21.968,0.844,180.597,98.119,0,0,NA,NA,NA,NA,6.06,NA,0.262,16.885,7.65
10/22/2024 04:00:00 AM,694.567,21.524,1.338,33.144,98.113,0,0.8,NA,NA,NA,NA,20.652,NA,0.262,7.374,3.628
10/22/2024 05:00:00 AM,694.776,21.267,0.909,37.292,98.1,0,0,NA,NA,NA,NA,18.366,NA,0.262,10.912,3.374
10/22/2024 06:00:00 AM,695.46,21.076,0.895,118.747,98.105,0.128,0,NA,NA,NA,NA,10.681,NA,0.262,8.72,3.118
10/22/2024 07:00:00 AM,696.136,21.275,1.045,101.297,97.954,22.039,0.2,NA,NA,NA,NA,3.926,NA,-999,13.583,4.952
10/22/2024 08:00:00 AM,696.753,21.485,1.139,289.066,97.54,41.596,0,NA,NA,NA,NA,4.668,NA,0.262,16.855,6.888
10/22/2024 09:00:00 AM,696.977,22.693,1.154,30.379,93.316,200.663,0,NA,NA,NA,NA,10.045,NA,0.262,16.544,6.121
10/22/2024 10:00:00 AM,697.05,24.13,2.527,347.666,84.709,356.571,0,NA,NA,NA,NA,24.017,NA,0.262,8.594,3.583
10/22/2024 11:00:00 AM,696.638,25.525,2.256,323.457,78.413,603.635,0,NA,NA,NA,NA,28.993,NA,-999,6.332,3.018
10/22/2024 12:00:00 PM,695.709,26.234,2.327,282.651,75.158,509.241,0,NA,NA,NA,NA,33.92,NA,0.262,6.362,3.224
10/22/2024 01:00:00 PM,694.885,27.73,2.159,323.496,69.349,601.727,0,NA,NA,NA,NA,37.902,NA,-999,7.61,4.057
10/22/2024 02:00:00 PM,694.076,27.632,4.891,325.713,70.324,562.625,0,NA,NA,NA,NA,39.888,NA,0.262,6.152,3.352
10/22/2024 03:00:00 PM,693.493,27.684,5.081,327.046,71.297,603.586,0,NA,NA,NA,NA,36.59,NA,0.262,6.614,3.755
10/22/2024 04:00:00 PM,693.213,26.271,4.332,337.32,78.717,196.01,0,NA,NA,NA,NA,35.757,NA,-999,7.273,4.036
10/22/2024 05:00:00 PM,693.33,23.863,2.752,1.336,90.943,59.369,0.2,NA,NA,NA,NA,22.748,NA,0.366,9.165,4.366
10/22/2024 06:00:00 PM,693.752,23.154,1.719,320.838,93.034,6.492,0,NA,NA,NA,NA,20.02,NA,0.262,9.644,4.188
10/22/2024 07:00:00 PM,694.237,23.328,0.888,324.18,92.572,0,0,NA,NA,NA,NA,12.828,NA,0.262,10.75,4.924
10/22/2024 08:00:00 PM,694.992,23.399,1.128,41.073,92.032,0,0,NA,NA,NA,NA,10.79,NA,0.262,13.891,6.336
10/22/2024 09:00:00 PM,695.465,23.067,0.914,22.834,93.614,0,0,NA,NA,NA,NA,4.474,NA,-999,14.257,7.175
10/22/2024 10:00:00 PM,695.807,23.025,0.959,1.731,93.939,0,0,NA,NA,NA,NA,3.942,NA,0.262,19.215,8.991
10/22/2024 11:00:00 PM,696.132,22.772,0.893,38.075,94.219,0,0,NA,NA,NA,NA,4.047,NA,0.262,18.385,8.574
10/23/2024 12:00:00 AM,696.104,22.447,0.906,342.015,94.805,0,0,NA,NA,NA,NA,3.926,NA,0.262,17.828,7.428
10/23/2024 01:00:00 AM,695.817,22.237,1.003,50.487,93.637,0,0,NA,NA,NA,NA,3.926,NA,0.346,12.583,6.06
10/23/2024 02:00:00 AM,695.271,21.958,1.182,62.482,92.425,0,0,NA,NA,NA,NA,5.795,NA,-999,10.387,4.579
10/23/2024 03:00:00 AM,694.794,21.861,1.215,122.334,90.241,0,0,NA,NA,NA,NA,6.78,NA,1.125,7.9,3.525
10/23/2024 04:00:00 AM,694.667,21.809,1.17,116.864,90.462,0,0,NA,NA,NA,NA,6.503,NA,-999,9.381,4.531
10/23/2024 05:00:00 AM,694.891,21.577,1.228,278.131,93.171,0,0,NA,NA,NA,NA,3.926,NA,3.107,14.429,6.922
10/23/2024 06:00:00 AM,695.289,21.823,1.012,138.214,88.601,0.161,0,NA,NA,NA,NA,3.926,NA,-999,11.544,4.778
10/23/2024 07:00:00 AM,695.553,22.225,0.715,319.119,87.207,33.108,0,NA,NA,NA,NA,3.926,NA,1.482,17.184,7.261
10/23/2024 08:00:00 AM,695.989,23.497,1.102,241.742,85.039,122.202,0,NA,NA,NA,NA,4.293,NA,-999,22.11,9.231
10/23/2024 09:00:00 AM,696.067,25.667,1.215,290.878,78.177,531.231,0,NA,NA,NA,NA,12.587,NA,4.027,27.299,13.546
10/23/2024 10:00:00 AM,696.028,27.055,2.474,352.166,69.746,620.68,0,NA,NA,NA,NA,37.741,NA,-999,20.401,10.732
10/23/2024 11:00:00 AM,695.667,27.265,4.523,330.921,72.246,859.173,0,NA,NA,NA,NA,42.671,NA,0.657,9.948,5.655
10/23/2024 12:00:00 PM,695.213,27.402,4.69,330.553,71.665,502.473,0,NA,NA,NA,NA,41.712,NA,0.262,8.817,4.752
10/23/2024 01:00:00 PM,694.562,27.836,4.884,333.959,70.249,681.789,0.2,NA,NA,NA,NA,43.993,NA,-999,8.525,4.852
10/23/2024 02:00:00 PM,693.885,28.166,4.949,341.825,70.236,513.928,0,NA,NA,NA,NA,40.755,NA,0.262,9.138,4.668
10/23/2024 03:00:00 PM,693.219,27.904,4.25,326.908,71.207,263.964,0,NA,NA,NA,NA,40.037,NA,-999,8.31,4.722
10/23/2024 04:00:00 PM,692.928,27.096,4.067,0.364,75.189,100.71,0,NA,NA,NA,NA,34.884,NA,-999,10.178,4.812
10/23/2024 05:00:00 PM,692.943,26.434,2.832,335.376,78.496,59.369,0,NA,NA,NA,NA,36.858,NA,-999,10.823,5.28
10/23/2024 06:00:00 PM,692.982,25.948,2.259,330.933,81.59,8.538,0,NA,NA,NA,NA,31.343,NA,0.283,12.476,7.256
10/23/2024 07:00:00 PM,693.507,25.359,1.888,339.292,84.106,0,0,NA,NA,NA,NA,24.918,NA,0.263,12.081,6.317
10/23/2024 08:00:00 PM,694.212,25.193,1.581,346.359,84.65,0,0,NA,NA,NA,NA,16.195,NA,0.287,12.433,6.426
10/23/2024 09:00:00 PM,694.745,24.864,1.153,48.2,86.164,0,0,NA,NA,NA,NA,7.671,NA,0.262,16.776,8.807
10/23/2024 10:00:00 PM,695.136,24.705,0.722,19.648,87.214,0,0,NA,NA,NA,NA,7.695,NA,-999,19.121,9.269
10/23/2024 11:00:00 PM,695.008,24.29,0.816,38.14,89.23,0,0,NA,NA,NA,NA,8.748,NA,-999,20.907,9.885
10/24/2024 12:00:00 AM,694.692,24.028,0.933,55.584,88.561,0,0,NA,NA,NA,NA,11.303,NA,0.384,14.337,6.876
10/24/2024 01:00:00 AM,694.205,23.411,1.013,342.135,89.789,0,0,NA,NA,NA,NA,7.622,NA,0.262,12.313,6.035
10/24/2024 02:00:00 AM,694.011,23.013,1.079,48.057,90.726,0,0,NA,NA,NA,NA,14.774,NA,0.262,13.257,5.521
10/24/2024 03:00:00 AM,693.639,22.739,1.183,278.587,90.765,0,0,NA,NA,NA,NA,17.278,NA,0.294,10.62,4.885
10/24/2024 04:00:00 AM,693.603,21.947,1.165,213.645,92.986,0,0,NA,NA,NA,NA,18.461,NA,0.947,10.467,5.201
10/24/2024 05:00:00 AM,693.815,21.786,0.887,354.77,94.906,0,0,NA,NA,NA,NA,7.61,NA,1.562,17.389,7.922
10/24/2024 06:00:00 AM,694.187,21.841,0.878,228.391,95.26,0.145,0,NA,NA,NA,NA,3.926,NA,2.755,25.07,12.002
10/24/2024 07:00:00 AM,694.642,22.136,0.99,56.924,94.873,35.299,0,NA,NA,NA,NA,3.926,NA,-999,28.641,14.215
10/24/2024 08:00:00 AM,695.266,23.22,0.943,327.99,90.345,87.547,0,NA,NA,NA,NA,4.27,NA,0.563,28.851,14.691
10/24/2024 09:00:00 AM,695.69,24.964,1.391,355.515,82.553,310.009,0,NA,NA,NA,NA,16.5,NA,0.287,20.748,10.484
10/24/2024 10:00:00 AM,695.546,26.445,2.127,329.518,75.395,607.598,0,NA,NA,NA,NA,30.948,NA,0.262,11.924,6.302
10/24/2024 11:00:00 AM,694.796,28.306,1.921,4.364,67.155,913.273,0,NA,NA,NA,NA,40.827,NA,0.262,9.42,5.057
10/24/2024 12:00:00 PM,693.769,28.706,2.917,324.182,65.235,608.5,0,NA,NA,NA,NA,43.734,NA,0.262,8.136,4.396
10/24/2024 01:00:00 PM,692.879,28.915,3.148,322.7,67.817,623.871,0,NA,NA,NA,NA,42.837,NA,0.262,9.912,5.326
10/24/2024 02:00:00 PM,692.21,28.745,4.378,317.053,69.059,383.573,0,NA,NA,NA,NA,39.969,NA,-999,8.43,4.605
10/24/2024 03:00:00 PM,691.545,27.527,4.693,332.571,72.795,182.313,0,NA,NA,NA,NA,39.697,NA,0.262,10.028,4.609
10/24/2024 04:00:00 PM,691.336,27.287,3.944,340.154,74.844,135.848,0,NA,NA,NA,NA,36.256,NA,0.262,12.471,6.925
10/24/2024 05:00:00 PM,691.489,26.263,4.239,334.455,78.974,59.192,0,NA,NA,NA,NA,36.255,NA,0.262,10.592,6.488
10/24/2024 06:00:00 PM,691.847,25.801,3.528,329.634,80.877,11.1,0,NA,NA,NA,NA,35.042,NA,0.262,7.956,4.44
10/24/2024 07:00:00 PM,692.686,25.223,1.737,321.028,84.026,0,0,NA,NA,NA,NA,25.673,NA,0.262,12.217,7.01
10/24/2024 08:00:00 PM,693.544,24.791,0.759,5.034,86.359,0,0,NA,NA,NA,NA,18.201,NA,0.278,12.889,7.208
10/24/2024 09:00:00 PM,694.458,24.671,0.774,38.926,87.168,0,0,NA,NA,NA,NA,12.193,NA,0.653,17.989,9.928
10/24/2024 10:00:00 PM,694.826,24.312,0.845,63.138,86.583,0,0,NA,NA,NA,NA,10.51,NA,0.599,20.238,10.043
10/24/2024 11:00:00 PM,695.015,24.113,1.269,107.671,85.532,0,0,NA,NA,NA,NA,8.946,NA,0.605,14.353,7.5
10/25/2024 12:00:00 AM,694.903,23.843,1.268,120.25,82.449,0,0,NA,NA,NA,NA,10.846,NA,0.385,11.004,5.596
10/25/2024 01:00:00 AM,694.493,23.171,0.662,99.045,84.354,0,0,NA,NA,NA,NA,7.25,NA,-999,12.138,5.997
10/25/2024 02:00:00 AM,693.982,22.335,0.688,330.984,90.357,0,0,NA,NA,NA,NA,4.352,NA,-999,15.01,7.973
10/25/2024 03:00:00 AM,693.627,22.186,0.665,68.959,88.004,0,0,NA,NA,NA,NA,3.926,NA,3.509,14.352,7.74
10/25/2024 04:00:00 AM,693.474,22.075,1.095,104.779,82.663,0,0,NA,NA,NA,NA,8.133,NA,-999,11.04,5.863
10/25/2024 05:00:00 AM,693.427,22.326,1.279,86.467,74.533,0,0,NA,NA,NA,NA,18.082,NA,2.899,7.51,3.589
10/25/2024 06:00:00 AM,693.666,21.873,1.136,211.503,75.502,0.37,0,NA,NA,NA,NA,8.709,NA,-999,9.695,4.541
10/25/2024 07:00:00 AM,694.231,22.49,1.129,308.973,73.038,18.398,0,NA,NA,NA,NA,6.008,NA,3.717,18.693,6.929
10/25/2024 08:00:00 AM,694.644,24.482,1.315,77.436,72.261,70.695,0,NA,NA,NA,NA,6.563,NA,5.594,24.177,10.113
10/25/2024 09:00:00 AM,694.869,25.863,1.563,258.638,75.32,549.042,0,NA,NA,NA,NA,25.908,NA,5.633,29.854,16.039
10/25/2024 10:00:00 AM,694.905,28.281,1.416,2.208,63.273,618.167,0,NA,NA,NA,NA,59.262,NA,2.773,23.242,12.916
10/25/2024 11:00:00 AM,694.4,29.388,2.983,297.748,59.721,1018.834,0,NA,NA,NA,NA,63.55,NA,2.46,12.307,6.53
10/25/2024 12:00:00 PM,693.727,29.402,4.585,336.842,63.689,618.876,0,NA,NA,NA,NA,57.857,NA,-999,12.954,6.402
10/25/2024 01:00:00 PM,693.084,29.279,4.625,323.54,62.605,892.208,0,NA,NA,NA,NA,55.398,NA,-999,10.05,5.463
10/25/2024 02:00:00 PM,692.527,30.069,4.225,324.166,58.367,468.172,0,NA,NA,NA,NA,53.125,NA,1.349,8.778,4.972
10/25/2024 03:00:00 PM,692.06,29.642,3.988,284.927,61.198,272.358,0,NA,NA,NA,NA,49.421,NA,-999,9.509,5.166
10/25/2024 04:00:00 PM,691.863,29.954,4.026,294.924,62.648,142.422,0,NA,NA,NA,NA,50.134,NA,1.896,10.268,5.601
10/25/2024 05:00:00 PM,692.021,29.06,3.419,306.589,64.587,65.942,0,NA,NA,NA,NA,52.366,NA,1.198,9.622,5.766
10/25/2024 06:00:00 PM,692.309,28.225,3.106,326.509,69.772,12.824,0,NA,NA,NA,NA,49.007,NA,1.73,11.803,6.824
10/25/2024 07:00:00 PM,692.903,27.312,1.941,292.977,74.828,0,0,NA,NA,NA,NA,39.713,NA,2.74,17.967,9.011
10/25/2024 08:00:00 PM,693.725,26.41,0.997,38.565,77.597,0,0,NA,NA,NA,NA,22.416,NA,-999,19.128,9.387
10/25/2024 09:00:00 PM,694.46,25.766,1.128,194.496,79.198,0,0,NA,NA,NA,NA,13.959,NA,2.5,22.945,10.871
10/25/2024 10:00:00 PM,694.857,25.265,1.564,117.545,75.794,0,0,NA,NA,NA,NA,28.485,NA,2.137,13.917,6.808
10/25/2024 11:00:00 PM,694.983,24.946,1.615,104.096,74.92,0,0,NA,NA,NA,NA,33.039,NA,-999,11.297,5.905
10/26/2024 12:00:00 AM,694.685,24.662,1.591,112.485,74.963,0,0,NA,NA,NA,NA,31.643,NA,3.331,10.64,5.618
10/26/2024 01:00:00 AM,694.271,24.247,1.592,307.895,77.02,0,0,NA,NA,NA,NA,24.006,NA,2.199,12.145,6.253
10/26/2024 02:00:00 AM,693.727,24.099,0.922,139.229,75.726,0,0,NA,NA,NA,NA,23.631,NA,0.298,10.369,5.609
10/26/2024 03:00:00 AM,693.52,23.619,0.891,72.579,78.8,0,0,NA,NA,NA,NA,18.535,NA,-999,13.092,6.747
10/26/2024 04:00:00 AM,693.5,23.082,0.798,211.891,83.771,0,0,NA,NA,NA,NA,5.205,NA,-999,16.954,9.09
10/26/2024 05:00:00 AM,693.923,22.244,0.711,330.256,89.305,0,45.799,NA,NA,NA,NA,3.926,NA,4.144,20.081,10.573
10/26/2024 06:00:00 AM,694.398,21.95,0.788,265.971,90.237,0.225,0,NA,NA,NA,NA,3.926,NA,3.447,23.489,11.221
10/26/2024 07:00:00 AM,694.609,21.94,0.877,353.101,91.6,22.007,0,NA,NA,NA,NA,3.926,NA,-999,37.836,16.104
10/26/2024 08:00:00 AM,694.801,24.043,1.283,52.91,84.079,100.742,0,NA,NA,NA,NA,3.926,NA,0.507,44.186,21.497
10/26/2024 09:00:00 AM,695.058,26.723,1.066,341.135,71.678,551.596,0,NA,NA,NA,NA,28.679,NA,0.382,34.68,19.132
10/26/2024 10:00:00 AM,694.822,28.092,1.138,264.188,65.549,389.147,0,NA,NA,NA,NA,59.128,NA,0.262,19.572,11.365
10/26/2024 11:00:00 AM,694.402,29.929,1.373,300.518,59.53,515.169,0,NA,NA,NA,NA,61.261,NA,0.262,16.907,9.213
10/26/2024 12:00:00 PM,693.754,29.596,2.781,324.592,64.932,454.768,0,NA,NA,NA,NA,64.493,NA,-999,20.219,10.835
10/26/2024 01:00:00 PM,692.987,29.62,4.389,288.924,67.707,863.797,0,NA,NA,NA,NA,53.769,NA,0.262,15.124,8.843
10/26/2024 02:00:00 PM,692.306,29.456,4.582,316.451,68.329,539.947,0,NA,NA,NA,NA,47.256,NA,-999,13.596,8.081
10/26/2024 03:00:00 PM,691.681,28.818,4.639,316.912,70.573,314.746,0,NA,NA,NA,NA,42.025,NA,-999,13.928,8.207
10/26/2024 04:00:00 PM,691.483,27.931,4.119,326.64,74.295,142.228,0,NA,NA,NA,NA,43.421,NA,0.262,15.192,10.128
10/26/2024 05:00:00 PM,691.639,27.858,3.346,324.069,73.982,71.468,0,NA,NA,NA,NA,45.129,NA,0.262,14.056,9.586
10/26/2024 06:00:00 PM,692.198,27.234,1.538,296.513,77.357,15.289,0,NA,NA,NA,NA,43.707,NA,0.262,18.863,10.627
10/26/2024 07:00:00 PM,692.673,26.456,1.297,306.805,81.309,0,0,NA,NA,NA,NA,30.312,NA,0.262,21.691,11.256
10/26/2024 08:00:00 PM,693.694,26.031,0.976,18.623,83.402,0,0,NA,NA,NA,NA,22.854,NA,-999,26.786,15.013
10/26/2024 09:00:00 PM,694.106,25.393,1.457,82.422,83.65,0,0,NA,NA,NA,NA,17.197,NA,0.262,28.987,15.521
10/26/2024 10:00:00 PM,694.27,25.261,1.435,98.594,81.397,0,0,NA,NA,NA,NA,15.355,NA,0.262,22.785,12.448
10/26/2024 11:00:00 PM,694.455,25.066,1.736,64.757,80.458,0,0,NA,NA,NA,NA,14.596,NA,-999,19.348,11.409
10/27/2024 12:00:00 AM,694.165,24.28,1.14,89.169,84.438,0,0,NA,NA,NA,NA,7.188,NA,0.262,23.932,14.136
10/27/2024 01:00:00 AM,693.584,24.295,1.309,46.913,76.106,0,0,NA,NA,NA,NA,11.321,NA,0.38,14.864,8.47
10/27/2024 02:00:00 AM,692.986,23.137,0.936,78.758,85.362,0,0,NA,NA,NA,NA,3.926,NA,2.949,21.32,12.169
10/27/2024 03:00:00 AM,692.983,23.479,1.727,102.752,74.139,0,0,NA,NA,NA,NA,13.847,NA,1.1,10.809,6.419
10/27/2024 04:00:00 AM,692.862,23.051,1.064,61.415,75.806,0,0,NA,NA,NA,NA,9.877,NA,-999,9.723,5.611
10/27/2024 05:00:00 AM,693.22,22.399,0.936,223.604,80.835,0,0,NA,NA,NA,NA,4.327,NA,4.589,15.041,8.233
10/27/2024 06:00:00 AM,693.434,22.628,1.247,107.689,77.172,2.593,0,NA,NA,NA,NA,6.275,NA,3.655,11.792,6.611
10/27/2024 07:00:00 AM,693.808,22.953,0.979,62.139,80.474,54.793,0,NA,NA,NA,NA,5.029,NA,-999,20.317,9.129
10/27/2024 08:00:00 AM,693.977,24.124,1.132,329.975,80.842,128.776,0,NA,NA,NA,NA,4.212,NA,-999,30.167,16.406
10/27/2024 09:00:00 AM,694.125,26.251,1.448,279.303,74.02,427.105,0,NA,NA,NA,NA,20.058,NA,6.616,26.896,15.892
10/27/2024 10:00:00 AM,693.936,28.02,1.644,284.178,67.848,462.018,0,NA,NA,NA,NA,44.529,NA,0.978,19.095,11.146
10/27/2024 11:00:00 AM,693.585,29.172,2.729,336.19,63.601,556.944,0,NA,NA,NA,NA,60.658,NA,0.389,18.717,11.105
10/27/2024 12:00:00 PM,693.021,28.901,3.483,314.48,69.926,362.805,0,NA,NA,NA,NA,51.121,NA,0.277,19.988,11.796
10/27/2024 01:00:00 PM,692.738,27.463,3.465,337.864,76.904,80.861,0,NA,NA,NA,NA,42.766,NA,0.262,20.933,13.641
10/27/2024 02:00:00 PM,692.387,26.317,2.194,338.378,83.012,120.301,0.6,NA,NA,NA,NA,33.732,NA,-999,19.628,13.13
10/27/2024 03:00:00 PM,691.802,26.877,1.262,310.298,80.857,181.974,0,NA,NA,NA,NA,33.128,NA,0.262,16.101,11.136
10/27/2024 04:00:00 PM,691.38,28.55,1.267,225.559,71.071,169.037,0,NA,NA,NA,NA,41.172,NA,0.262,13.931,9.493
10/27/2024 05:00:00 PM,691.659,27.503,0.893,287.959,73.156,39.617,0,NA,NA,NA,NA,28.479,NA,0.269,15.728,9.931
10/27/2024 06:00:00 PM,692.042,26.869,0.967,178.352,73.831,2.529,0,NA,NA,NA,NA,13.757,NA,0.377,17.123,11.089
10/27/2024 07:00:00 PM,692.571,26.179,1.13,340.496,78.597,0,0,NA,NA,NA,NA,20.941,NA,0.467,22.651,14.229
10/27/2024 08:00:00 PM,693.426,25.654,1.129,54.367,77.074,0,0,NA,NA,NA,NA,16.456,NA,0.352,22.252,11.351
10/27/2024 09:00:00 PM,694.25,25.216,0.926,109.263,75.566,0,0,NA,NA,NA,NA,15.947,NA,0.555,21.406,10.096
10/27/2024 10:00:00 PM,694.642,24.571,0.693,92.113,81.428,0,0,NA,NA,NA,NA,5.862,NA,1.514,37.296,25.565
10/27/2024 11:00:00 PM,694.422,24.136,0.832,11.423,83.892,0,0,NA,NA,NA,NA,3.926,NA,1.11,29.813,17.739
10/28/2024 12:00:00 AM,693.908,23.976,0.77,65.057,81.605,0,-999,NA,NA,NA,NA,5.535,NA,0.607,23.318,13.831
10/28/2024 01:00:00 AM,693.414,23.461,1.073,334.432,84.572,0,-999,NA,NA,NA,NA,3.926,NA,1.92,22.597,13.911
10/28/2024 02:00:00 AM,692.953,23.257,1.194,113.073,80.971,0,-999,NA,NA,NA,NA,-999,NA,-999,14.94,9.03
10/28/2024 03:00:00 AM,693.004,22.471,1.081,105.165,85.369,0,-999,NA,NA,NA,NA,6.984,NA,1.56,15.585,9.498
10/28/2024 04:00:00 AM,693.101,21.952,0.81,244.128,86.508,0,-999,NA,NA,NA,NA,5.535,NA,-999,13.716,8.047
10/28/2024 05:00:00 AM,693.206,21.95,0.812,3.611,85.25,0,-999,NA,NA,NA,NA,3.926,NA,-999,12.645,7.581
10/28/2024 06:00:00 AM,693.624,21.867,0.845,253.348,86.381,0.241,-999,NA,NA,NA,NA,-999,NA,-999,18.79,9.917
10/28/2024 07:00:00 AM,694.121,22.312,0.916,281.259,88.149,28.436,-999,NA,NA,NA,NA,3.926,NA,3.072,26.623,14.105
10/28/2024 08:00:00 AM,694.797,23.135,0.98,339.302,83.855,63.671,-999,NA,NA,NA,NA,-999,NA,-999,34.078,15.84
10/28/2024 09:00:00 AM,695.329,24.073,0.668,78.849,80.438,98.213,-999,NA,NA,NA,NA,3.926,NA,1.734,50.115,17.122
10/28/2024 10:00:00 AM,695.076,25.337,2.042,275.834,81.128,415.521,-999,NA,NA,NA,NA,10.25,NA,2.028,46.885,18.794
10/28/2024 11:00:00 AM,694.544,27.854,2.365,247.509,70.024,696.628,-999,NA,NA,NA,NA,38.669,NA,0.262,36.676,14.421
10/28/2024 12:00:00 PM,694.003,30.243,1.971,316.632,60.051,703.7,-999,NA,NA,NA,NA,57.411,NA,0.262,21.34,11.58
10/28/2024 01:00:00 PM,693.507,29.05,3.058,335.812,67.167,115.484,-999,NA,NA,NA,NA,51.34,NA,-999,20.267,10.757
10/28/2024 02:00:00 PM,693.168,27.066,3.184,331.654,77.495,182.474,-999,NA,NA,NA,NA,38.869,NA,0.262,18.736,10.44
10/28/2024 03:00:00 PM,692.657,28.501,2.777,308.118,73.233,520.453,-999,NA,NA,NA,NA,36.046,NA,-999,15.703,9.081
10/28/2024 04:00:00 PM,692.485,28.24,3.043,309.984,72.16,229.969,-999,NA,NA,NA,NA,-999,NA,-999,23.125,18.309
10/28/2024 05:00:00 PM,692.542,28.129,2.346,294.497,72.623,121.88,-999,NA,NA,NA,NA,37.856,NA,0.262,17.645,11.038
10/28/2024 06:00:00 PM,692.866,26.903,2.367,312.183,77.367,18.396,-999,NA,NA,NA,NA,38.119,NA,0.262,17.223,10.04
10/28/2024 07:00:00 PM,693.429,25.984,1.177,272.345,82.541,0,-999,NA,NA,NA,NA,29.91,NA,0.262,19.971,10.917
10/28/2024 08:00:00 PM,694.173,25.551,1.052,313.673,84.962,0,-999,NA,NA,NA,NA,28.254,NA,0.262,19.514,10.973
10/28/2024 09:00:00 PM,694.875,25.137,1.044,279.993,87.25,0,-999,NA,NA,NA,NA,15.276,NA,0.262,23.116,12.76
10/28/2024 10:00:00 PM,695.132,24.655,0.824,279.169,88.817,0,-999,NA,NA,NA,NA,7.886,NA,0.262,26.824,14.31
10/28/2024 11:00:00 PM,695.062,24.284,1.095,81.28,87.002,0,-999,NA,NA,NA,NA,10.882,NA,0.262,21.989,10.628
10/29/2024 12:00:00 AM,694.769,23.999,0.64,316.609,86.241,0,-999,NA,NA,NA,NA,9.361,NA,0.268,17.415,9.431
10/29/2024 01:00:00 AM,694.436,23.374,0.655,278.994,90.303,0,-999,NA,NA,NA,NA,-999,NA,-999,22.963,12.018
10/29/2024 02:00:00 AM,694.249,22.952,0.756,329.756,92.14,0,-999,NA,NA,NA,NA,3.931,NA,0.262,24.61,13.202
10/29/2024 03:00:00 AM,694.042,22.522,0.496,304.799,93.125,0,-999,NA,NA,NA,NA,3.926,NA,-999,23.158,13.704
10/29/2024 04:00:00 AM,693.987,22.2,0.576,300.144,92.824,0,-999,NA,NA,NA,NA,3.926,NA,0.262,19.388,11.85
10/29/2024 05:00:00 AM,694.076,21.829,0.598,238.988,94.997,0,-999,NA,NA,NA,NA,3.926,NA,1.331,23.731,14.034
10/29/2024 06:00:00 AM,694.477,22.007,1.033,199.397,87.713,0.434,-999,NA,NA,NA,NA,3.926,NA,0.591,18.924,11.126
10/29/2024 07:00:00 AM,694.922,23.155,0.76,59.172,76.492,41.598,-999,NA,NA,NA,NA,3.926,NA,1.414,18.39,8.759
10/29/2024 08:00:00 AM,695.35,24.637,0.92,322.804,75.721,150.332,-999,NA,NA,NA,NA,4.503,NA,2.653,27.346,12.744
10/29/2024 09:00:00 AM,695.518,26.183,1.213,293.102,78.383,317.598,-999,NA,NA,NA,NA,19.575,NA,-999,45.297,21.727
10/29/2024 10:00:00 AM,695.283,28.06,1.218,282.371,70.565,513.074,-999,NA,NA,NA,NA,28.72,NA,-999,46.105,21.659
10/29/2024 11:00:00 AM,694.682,29.786,1.304,266.588,60.806,702.798,-999,NA,NA,NA,NA,36.038,NA,-999,28.084,13.522
10/29/2024 12:00:00 PM,694.014,30.191,3.404,304.441,59.284,606.181,-999,NA,NA,NA,NA,56.076,NA,-999,15.445,8.533
10/29/2024 01:00:00 PM,693.377,29.781,3.422,275.636,62.78,720.795,-999,NA,NA,NA,NA,49.588,NA,-999,14.393,7.825
10/29/2024 02:00:00 PM,692.691,29.945,2.957,287.488,63.763,524.19,-999,NA,NA,NA,NA,17.612,NA,-999,12.289,6.753
10/29/2024 03:00:00 PM,692.188,29.246,3.487,290.604,67.763,371.183,-999,NA,NA,NA,NA,-999,NA,3.118,13.824,7.236
10/29/2024 04:00:00 PM,692.203,27.96,2.6,300.157,74.271,135.385,-999,NA,NA,NA,NA,-999,NA,-999,13.884,8.484
10/29/2024 05:00:00 PM,692.531,26.986,2.748,317.265,78.707,54.342,-999,NA,NA,NA,NA,33.901,NA,3.309,19.737,13.57
10/29/2024 06:00:00 PM,693.071,26.213,1.936,305.721,81.081,6.202,-999,NA,NA,NA,NA,37.992,NA,3.642,18.812,11.413
10/29/2024 07:00:00 PM,693.534,25.873,0.846,269.269,83.122,0,-999,NA,NA,NA,NA,32.548,NA,3.62,25.453,11.354
10/29/2024 08:00:00 PM,694.065,25.78,0.81,6.382,84.167,0,-999,NA,NA,NA,NA,16.954,NA,3.9,29.544,14.937
10/29/2024 09:00:00 PM,694.431,25.378,0.9,35.862,85.773,0,-999,NA,NA,NA,NA,9.822,NA,-999,34.783,16.416
10/29/2024 10:00:00 PM,694.814,24.986,0.839,45.055,84.127,0,-999,NA,NA,NA,NA,8.454,NA,4.598,28.85,14.705
10/29/2024 11:00:00 PM,695.192,24.908,0.803,65.232,81.098,0,-999,NA,NA,NA,NA,13.672,NA,4.928,21.96,11.394
10/30/2024 12:00:00 AM,695.057,25.063,0.641,102.791,81.392,0,-999,NA,NA,NA,NA,9.61,NA,5.121,21.618,12.745
10/30/2024 01:00:00 AM,694.55,24.484,0.509,352.709,83.271,0,-999,NA,NA,NA,NA,10.06,NA,2.493,18.789,10.732
10/30/2024 02:00:00 AM,693.96,23.749,0.778,266.765,88.16,0,-999,NA,NA,NA,NA,-999,NA,-999,29.202,17.322
10/30/2024 03:00:00 AM,693.725,23.501,0.665,348.77,89.452,0,-999,NA,NA,NA,NA,3.926,NA,-999,31.394,18.864
10/30/2024 04:00:00 AM,693.533,23.244,0.69,30.306,90.179,0,-999,NA,NA,NA,NA,3.926,NA,1.308,37.331,25.083
10/30/2024 05:00:00 AM,693.668,22.722,0.884,46.08,90.49,0,-999,NA,NA,NA,NA,3.926,NA,1.969,28.199,17.349
10/30/2024 06:00:00 AM,693.794,22.751,1.012,93.087,83.179,0.257,-999,NA,NA,NA,NA,5.154,NA,2.709,17.42,9.65
10/30/2024 07:00:00 AM,694.26,22.922,0.76,354.171,80.836,14.918,-999,NA,NA,NA,NA,4.062,NA,-999,26.402,12.365
10/30/2024 08:00:00 AM,694.963,25.713,1.031,32.185,69.959,87.679,-999,NA,NA,NA,NA,7.597,NA,-999,27.115,10.18
10/30/2024 09:00:00 AM,695.415,26.777,1.56,246.402,73.07,534.099,-999,NA,NA,NA,NA,34.33,NA,6.584,45.087,31.042
10/30/2024 10:00:00 AM,695.438,29.847,1.053,239.8,60.032,641.268,-999,NA,NA,NA,NA,50.162,NA,2.117,20.677,11.962
10/30/2024 11:00:00 AM,694.946,30.592,2.034,339.682,58.273,697.911,-999,NA,NA,NA,NA,47.842,NA,-999,20.896,11.565
10/30/2024 12:00:00 PM,694.131,30.13,3.748,320.979,61.522,788.961,-999,NA,NA,NA,NA,27.877,NA,-999,16.434,9.484
10/30/2024 01:00:00 PM,693.351,30.014,3.581,317.67,64.464,1014.844,-999,NA,NA,NA,NA,21.259,NA,0.262,16.493,10.017
10/30/2024 02:00:00 PM,692.341,30.656,4.052,313.494,62.419,731.836,-999,NA,NA,NA,NA,-999,NA,-999,15.78,8.685
10/30/2024 03:00:00 PM,691.834,29.182,4.71,322.144,66.716,615.937,-999,NA,NA,NA,NA,28.882,NA,0.262,20.181,8.383
10/30/2024 04:00:00 PM,692.214,26.787,4.398,317.265,76.231,99.083,-999,NA,NA,NA,NA,14.067,NA,0.262,15.645,7.782
10/30/2024 05:00:00 PM,693.409,21.712,2.099,317.963,93.09,0,-999,NA,NA,NA,NA,25.477,NA,-999,10.316,4.835
10/30/2024 06:00:00 PM,693.643,21.176,1.631,10.009,94.421,0,-999,NA,NA,NA,NA,-999,NA,-999,12.399,5.931
10/30/2024 07:00:00 PM,693.694,20.914,1.018,34.821,93.232,0,-999,NA,NA,NA,NA,11.82,NA,0.262,11.42,5.147
10/30/2024 08:00:00 PM,694.538,20.853,1.005,261.127,94.588,0,-999,NA,NA,NA,NA,-999,NA,-999,14.55,6.438
10/30/2024 09:00:00 PM,694.899,20.755,0.987,220.444,95.87,0,-999,NA,NA,NA,NA,3.926,NA,0.262,15.661,7.659
10/30/2024 10:00:00 PM,695.145,20.97,0.674,224.063,96.137,0,-999,NA,NA,NA,NA,3.926,NA,-999,18.351,8.534
10/30/2024 11:00:00 PM,695.391,21.298,0.646,191.539,94.509,0,-999,NA,NA,NA,NA,-999,NA,-999,16.566,8.239
10/31/2024 12:00:00 AM,695.151,21.244,0.791,278.261,95.87,0,-999,NA,NA,NA,NA,3.926,NA,0.262,22.083,9.437
10/31/2024 01:00:00 AM,695.32,21.055,1.141,36.632,96.072,0,-999,NA,NA,NA,NA,3.926,NA,0.262,21.662,9.933
10/31/2024 02:00:00 AM,694.872,21.238,0.663,89.077,94.201,0,-999,NA,NA,NA,NA,3.926,NA,0.262,18.82,8.637
10/31/2024 03:00:00 AM,694.53,21.176,0.926,58.972,94.416,0,-999,NA,NA,NA,NA,3.926,NA,0.262,18.468,8.557
10/31/2024 04:00:00 AM,694.4,20.987,0.61,267.526,95.917,0,-999,NA,NA,NA,NA,3.926,NA,0.262,23.241,9.813
10/31/2024 05:00:00 AM,694.464,20.876,0.554,329.631,96.846,0,-999,NA,NA,NA,NA,3.926,NA,0.262,24.452,10.509
10/31/2024 06:00:00 AM,694.497,20.8,0.627,251.682,96.499,0,-999,NA,NA,NA,NA,3.926,NA,0.262,23.825,9.78
10/31/2024 07:00:00 AM,694.651,20.848,0.742,0.907,96.689,8.587,-999,NA,NA,NA,NA,3.926,NA,0.262,27.995,11.321
10/31/2024 08:00:00 AM,694.826,21.499,0.915,236,92.452,41.631,-999,NA,NA,NA,NA,3.926,NA,-999,23.468,9.417
10/31/2024 09:00:00 AM,695.088,22.336,0.982,68.109,90.252,100.098,-999,NA,NA,NA,NA,3.926,NA,0.262,36.201,11.033
10/31/2024 10:00:00 AM,694.962,24.357,1.012,248.649,83.61,361.049,-999,NA,NA,NA,NA,7.834,NA,0.262,36.636,11.216
10/31/2024 11:00:00 AM,694.526,28.288,1.124,358.161,69.659,570.51,-999,NA,NA,NA,NA,24.74,NA,0.262,44.774,11.002
10/31/2024 12:00:00 PM,693.682,27.48,2.567,273.881,70.042,509.449,-999,NA,NA,NA,NA,51.144,NA,-999,18.876,6.95
10/31/2024 01:00:00 PM,693.358,25.886,3.233,318.031,79.451,438.061,-999,NA,NA,NA,NA,40.425,NA,0.262,11.854,5.891
10/31/2024 02:00:00 PM,692.876,26.762,3.007,345.049,76.743,554.528,-999,NA,NA,NA,NA,41.26,NA,0.262,11.309,5.315
10/31/2024 03:00:00 PM,692.256,27.307,3.433,319.988,72.535,551.676,-999,NA,NA,NA,NA,44.98,NA,-999,8.811,4.179
10/31/2024 04:00:00 PM,691.776,27.289,2.95,308.572,71.717,124.871,-999,NA,NA,NA,NA,46.23,NA,0.262,7.548,3.812
10/31/2024 05:00:00 PM,691.965,26.374,2.337,316.282,74.796,90.173,-999,NA,NA,NA,NA,42.566,NA,0.262,8.983,3.798
10/31/2024 06:00:00 PM,692.318,24.611,1.643,321.199,82.636,9.279,-999,NA,NA,NA,NA,36.582,NA,0.262,8.084,3.944
10/31/2024 07:00:00 PM,693.027,23.858,1.643,302.001,85.384,0,-999,NA,NA,NA,NA,25.986,NA,0.262,11.127,5.245
10/31/2024 08:00:00 PM,694.024,23.565,1.646,335.816,87.049,0,-999,NA,NA,NA,NA,26.47,NA,0.262,11.021,5.465
10/31/2024 09:00:00 PM,694.734,23.41,1.729,317.726,88.163,0,-999,NA,NA,NA,NA,-999,NA,-999,10.105,5.777
10/31/2024 10:00:00 PM,695.021,23.063,1.222,323.963,88.89,0,-999,NA,NA,NA,NA,21.247,NA,0.262,11.442,5.862
10/31/2024 11:00:00 PM,695.243,22.677,1.425,356.157,89.401,0,-999,NA,NA,NA,NA,25.54,NA,0.262,9.577,5.257
11/01/2024 12:00:00 AM,695.012,22.612,0.842,69.707,89.496,0,-999,NA,NA,NA,NA,21.483,NA,0.262,9.02,4.622
11/01/2024 01:00:00 AM,694.556,22.415,0.692,265.472,89.346,0,-999,NA,NA,NA,NA,12.31,NA,-999,11.013,5.352
11/01/2024 02:00:00 AM,693.944,21.659,0.9,71.308,94.139,0,-999,NA,NA,NA,NA,3.926,NA,0.262,18.718,8.423
11/01/2024 03:00:00 AM,693.455,21.204,0.697,88.849,94.788,0,-999,NA,NA,NA,NA,3.926,NA,0.262,16.848,7.565
11/01/2024 04:00:00 AM,693.381,20.972,0.959,353.398,92.084,0,-999,NA,NA,NA,NA,3.926,NA,0.262,13.356,5.282
11/01/2024 05:00:00 AM,693.596,20.947,0.809,76.746,90.463,0,-999,NA,NA,NA,NA,5.266,NA,0.262,13.733,5.51
11/01/2024 06:00:00 AM,694.013,21.012,1.283,83.174,86.9,0.177,-999,NA,NA,NA,NA,3.926,NA,-999,10.911,4.747
11/01/2024 07:00:00 AM,694.414,20.941,1.045,284.632,87.099,13.349,-999,NA,NA,NA,NA,3.926,NA,0.262,16.603,6.52
11/01/2024 08:00:00 AM,694.692,21.612,1.199,260.404,86.236,92.832,-999,NA,NA,NA,NA,3.926,NA,0.262,21.48,8.45
11/01/2024 09:00:00 AM,695.112,23.935,0.973,47.897,77.443,352.446,-999,NA,NA,NA,NA,10.535,NA,0.262,19.101,7.453
11/01/2024 10:00:00 AM,695.453,25.543,1.281,285.093,72.638,255.119,-999,NA,NA,NA,NA,22.294,NA,-999,22.294,8.692
11/01/2024 11:00:00 AM,695.381,25.855,1.653,301.975,71.731,264.882,-999,NA,NA,NA,NA,47.409,NA,0.262,12.898,5.684
11/01/2024 12:00:00 PM,694.997,26.901,2.697,308.739,70.715,790.7,-999,NA,NA,NA,NA,49.782,NA,-999,6.959,3.102
11/01/2024 01:00:00 PM,694.266,27.959,3.058,296.187,65.591,759.091,-999,NA,NA,NA,NA,52.077,NA,0.262,6.554,2.993
11/01/2024 02:00:00 PM,693.415,28.162,3.629,310.837,64.837,691.247,-999,NA,NA,NA,NA,53.358,NA,0.262,7.368,3.162
11/01/2024 03:00:00 PM,692.614,28.298,3.74,314.196,63.675,549.459,-999,NA,NA,NA,NA,54.481,NA,0.262,8.562,4.023
11/01/2024 04:00:00 PM,692.276,27.039,3.552,317.234,70.037,128.373,-999,NA,NA,NA,NA,49.87,NA,0.262,8.636,5.795
11/01/2024 05:00:00 PM,692.739,25.901,2.898,311.046,75.061,90.206,-999,NA,NA,NA,NA,43.362,NA,0.262,8.071,4.207
11/01/2024 06:00:00 PM,692.986,24.906,1.781,316.519,80.289,3.125,-999,NA,NA,NA,NA,34.51,NA,0.262,8.71,4.151
11/01/2024 07:00:00 PM,693.495,24.325,1.761,352.111,84.867,0,-999,NA,NA,NA,NA,25.154,NA,0.262,10.307,5.049
11/01/2024 08:00:00 PM,694.297,23.856,1.226,345.467,87.813,0,-999,NA,NA,NA,NA,19.673,NA,0.262,10.851,4.855
11/01/2024 09:00:00 PM,694.925,23.512,1.285,7.103,89.375,0,-999,NA,NA,NA,NA,18.746,NA,0.262,12.516,5.621
11/01/2024 10:00:00 PM,695.213,23.087,1.289,29.662,91.827,0,-999,NA,NA,NA,NA,8.338,NA,0.262,15.031,7.08
11/01/2024 11:00:00 PM,695.329,22.638,0.703,56.243,94.372,0,-999,NA,NA,NA,NA,4.882,NA,0.262,17.093,8.062
11/02/2024 12:00:00 AM,695.011,22.468,0.958,344.902,94.229,0,-999,NA,NA,NA,NA,3.926,NA,0.262,16.265,8.063
11/02/2024 01:00:00 AM,694.537,22.353,0.737,37.305,94.32,0,-999,NA,NA,NA,NA,4.537,NA,0.262,14.124,7.006
11/02/2024 02:00:00 AM,694.115,22.054,0.942,248.412,95.328,0,-999,NA,NA,NA,NA,3.926,NA,0.262,16.231,8.489
11/02/2024 03:00:00 AM,693.901,21.698,0.941,19.882,96.686,0,-999,NA,NA,NA,NA,3.926,NA,0.262,19.586,10.586
11/02/2024 04:00:00 AM,693.72,21.488,0.957,41.915,96.642,0,-999,NA,NA,NA,NA,3.926,NA,0.262,16.074,9.112
11/02/2024 05:00:00 AM,693.809,21.314,0.916,28.029,94.903,0,-999,NA,NA,NA,NA,3.926,NA,0.262,12.223,6.122
11/02/2024 06:00:00 AM,694.135,21.218,0.839,351.173,92.262,0.112,-999,NA,NA,NA,NA,3.926,NA,0.262,12.531,5.399
11/02/2024 07:00:00 AM,694.436,21.289,0.588,352.372,92.209,9.505,-999,NA,NA,NA,NA,3.926,NA,0.262,17.916,8.571
11/02/2024 08:00:00 AM,694.932,23.363,0.811,6.043,81.978,127.744,-999,NA,NA,NA,NA,3.926,NA,0.262,17.645,7.651
11/02/2024 09:00:00 AM,695.28,24.981,0.948,287.266,82.381,430.046,-999,NA,NA,NA,NA,-999,NA,-999,25.183,13.672
11/02/2024 10:00:00 AM,695.258,28.142,1.189,280.492,67.166,764.794,-999,NA,NA,NA,NA,33.315,NA,0.262,23.284,13.491
11/02/2024 11:00:00 AM,694.846,30.13,1.444,302.828,56.496,787.801,-999,NA,NA,NA,NA,52.497,NA,-999,12.578,6.571
11/02/2024 12:00:00 PM,694.403,28.577,3.874,284.7,67.175,549.582,-999,NA,NA,NA,NA,60.231,NA,0.262,13.414,7.361
11/02/2024 01:00:00 PM,693.718,28.534,3.414,313.618,69.169,1001.119,-999,NA,NA,NA,NA,48.582,NA,-999,12.712,7.504
11/02/2024 02:00:00 PM,692.894,28.648,3.904,290.049,66.145,663.908,-999,NA,NA,NA,NA,40.58,NA,0.262,9.87,4.174
11/02/2024 03:00:00 PM,692.405,28.953,3.531,312.757,64.979,552.755,-999,NA,NA,NA,NA,40.174,NA,0.262,8.02,3.684
11/02/2024 04:00:00 PM,692.082,28.78,3.066,305.117,66.01,98.745,-999,NA,NA,NA,NA,-999,NA,-999,6.203,3.386
11/02/2024 05:00:00 PM,692.091,27.736,3.257,293.562,70.146,83.632,-999,NA,NA,NA,NA,36.756,NA,0.262,6.381,3.319
11/02/2024 06:00:00 PM,692.204,26.011,1.66,310.552,77.137,4.543,-999,NA,NA,NA,NA,31.244,NA,0.262,9.163,4.149
11/02/2024 07:00:00 PM,692.545,24.945,0.829,270.617,82.177,0,-999,NA,NA,NA,NA,20.636,NA,0.262,13.328,5.73
11/02/2024 08:00:00 PM,693.954,24.342,1.517,33.082,85.693,0,-999,NA,NA,NA,NA,14.189,NA,0.262,15.724,7.933
11/02/2024 09:00:00 PM,694.626,24.121,1.333,337.419,88.228,0,-999,NA,NA,NA,NA,15.768,NA,0.262,12.941,6.837
11/02/2024 10:00:00 PM,694.918,23.672,1.664,29.082,89.33,0,-999,NA,NA,NA,NA,12.346,NA,-999,14.01,7.007
11/02/2024 11:00:00 PM,694.833,23.537,0.905,72.568,90.734,0,-999,NA,NA,NA,NA,13.154,NA,0.262,13.54,7.229
11/03/2024 12:00:00 AM,694.847,23.481,1.072,68.017,86.282,0,-999,NA,NA,NA,NA,6.224,NA,0.262,16.995,7.883
11/03/2024 01:00:00 AM,694.574,23.461,1.011,49.9,81.847,0,-999,NA,NA,NA,NA,5.521,NA,0.262,12.514,5.172
11/03/2024 02:00:00 AM,693.887,23.167,0.992,292.13,86.412,0,-999,NA,NA,NA,NA,-999,NA,-999,13.094,5.959
11/03/2024 03:00:00 AM,693.475,22.781,0.947,21.787,87.384,0,-999,NA,NA,NA,NA,3.926,NA,0.262,11.9,5.881
11/03/2024 04:00:00 AM,693.199,22.683,0.749,12.683,86.605,0,-999,NA,NA,NA,NA,3.926,NA,0.262,11.37,5.421
11/03/2024 05:00:00 AM,693.359,22.588,1.014,236.223,85.238,0,-999,NA,NA,NA,NA,3.926,NA,-999,10.523,4.217
11/03/2024 06:00:00 AM,693.785,22.261,1.27,43.188,85.463,0.29,-999,NA,NA,NA,NA,3.926,NA,0.262,11.798,4.319
11/03/2024 07:00:00 AM,694.307,22.315,1.313,105.218,84.05,35.251,-999,NA,NA,NA,NA,3.926,NA,0.262,10.426,4.025
11/03/2024 08:00:00 AM,694.723,24.357,1.069,84.543,80.512,184.434,-999,NA,NA,NA,NA,4.741,NA,0.262,14.212,6.404
11/03/2024 09:00:00 AM,695.003,26.56,1.059,31.626,74.191,333.3,-999,NA,NA,NA,NA,16.042,NA,0.262,13.971,7.244
11/03/2024 10:00:00 AM,694.761,27.629,1.29,245.854,71.109,577.519,-999,NA,NA,NA,NA,29.899,NA,0.262,13.438,6.724
11/03/2024 11:00:00 AM,694.162,28.549,2.353,247.1,66.669,664.599,-999,NA,NA,NA,NA,50.756,NA,0.262,15.301,7.696
11/03/2024 12:00:00 PM,693.552,29.182,2.928,255.486,65.705,591.761,-999,NA,NA,NA,NA,49.559,NA,0.262,13.142,6.103
11/03/2024 01:00:00 PM,693.126,26.973,1.592,268.541,81.494,442.719,-999,NA,NA,NA,NA,29.644,NA,0.262,15.98,9.282
11/03/2024 02:00:00 PM,692.399,28.184,3.63,304.946,72.366,445.875,-999,NA,NA,NA,NA,31.422,NA,-999,9.806,5.788
11/03/2024 03:00:00 PM,691.878,28.264,2.84,312.361,71.22,404.536,-999,NA,NA,NA,NA,33.352,NA,-999,8.626,5.594
11/03/2024 04:00:00 PM,691.493,29.396,2.821,304.997,67.484,190.014,-999,NA,NA,NA,NA,32.819,NA,0.262,7.067,3.657
11/03/2024 05:00:00 PM,691.452,27.799,2.77,317.244,69.901,89.335,-999,NA,NA,NA,NA,32.118,NA,0.262,7.52,3.475
11/03/2024 06:00:00 PM,692.205,25.915,1.942,103.999,76.043,11.567,-999,NA,NA,NA,NA,26.869,NA,0.262,9.574,5.078
11/03/2024 07:00:00 PM,692.893,25.009,2.176,96.112,76.779,0,-999,NA,NA,NA,NA,22.019,NA,0.262,9.594,3.959
11/03/2024 08:00:00 PM,693.849,24.413,1.61,88.896,79.034,0,-999,NA,NA,NA,NA,20.461,NA,0.262,12.542,6.401
11/03/2024 09:00:00 PM,694.793,23.93,1.422,54.951,80.405,0,-999,NA,NA,NA,NA,16.815,NA,0.262,16.249,8.104
11/03/2024 10:00:00 PM,695.142,23.388,1.194,64.123,82.897,0,-999,NA,NA,NA,NA,11.091,NA,0.262,13.809,5.502
11/03/2024 11:00:00 PM,695.424,22.935,0.974,46.39,85.82,0,-999,NA,NA,NA,NA,6.574,NA,0.262,13.071,4.628
11/04/2024 12:00:00 AM,695.388,22.843,1.159,107.614,85.809,0,-999,NA,NA,NA,NA,8.012,NA,0.262,10.715,3.961
11/04/2024 01:00:00 AM,694.902,22.39,1.109,269.776,89.315,0,-999,NA,NA,NA,NA,3.926,NA,0.262,12.625,4.476
11/04/2024 02:00:00 AM,694.707,22.266,1.059,274.531,90.541,0,-999,NA,NA,NA,NA,3.926,NA,-999,13.943,5.037
11/04/2024 03:00:00 AM,694.396,22.189,1.166,84.884,90.116,0,-999,NA,NA,NA,NA,3.926,NA,0.262,11.583,4.109
11/04/2024 04:00:00 AM,694.492,22.102,1.425,5.777,91.515,0,-999,NA,NA,NA,NA,10.462,NA,0.262,9.175,3.459
11/04/2024 05:00:00 AM,695.292,20.163,1.231,236.201,94.189,0,-999,NA,NA,NA,NA,23.985,NA,0.262,5.039,2.007
11/04/2024 06:00:00 AM,695.794,20.199,0.733,91.66,96.837,0.032,-999,NA,NA,NA,NA,-999,NA,-999,7.326,2.583
11/04/2024 07:00:00 AM,695.793,20.717,1.424,154.041,96.058,13.098,-999,NA,NA,NA,NA,5.951,NA,0.262,10.199,4.451
11/04/2024 08:00:00 AM,695.948,21.457,1.17,148.707,92.511,25.342,-999,NA,NA,NA,NA,-999,NA,0.262,26.012,7.339
11/04/2024 09:00:00 AM,696.506,21.762,0.888,87.827,90.607,34.655,-999,NA,NA,NA,NA,6.117,NA,0.262,13.491,4.223
11/04/2024 10:00:00 AM,696.914,22.388,0.65,337.39,90.161,93.283,-999,NA,NA,NA,NA,-999,NA,0.262,9.382,3.391
11/04/2024 11:00:00 AM,696.787,23.39,1.079,264.105,89.044,172.05,-999,NA,NA,NA,NA,13.33,NA,0.262,14.45,4.873
11/04/2024 12:00:00 PM,695.955,23.628,1.474,184.826,87.841,225.867,-999,NA,NA,NA,NA,22.721,NA,0.262,18.355,5.989
11/04/2024 01:00:00 PM,695.009,25.07,1.781,179.057,82.047,379.851,-999,NA,NA,NA,NA,26.969,NA,0.262,12.586,4.031
11/04/2024 02:00:00 PM,694.136,25.282,2.287,247.63,76.805,326.34,-999,NA,NA,NA,NA,39.455,NA,0.262,6.101,2.163
11/04/2024 03:00:00 PM,693.433,26.041,2.137,250.33,72.456,277.997,-999,NA,NA,NA,NA,41.635,NA,-999,5.546,2.18
11/04/2024 04:00:00 PM,693.047,27.079,1.2,25.279,68.226,156.632,-999,NA,NA,NA,NA,40.547,NA,-999,10.794,4.099
11/04/2024 05:00:00 PM,692.971,25.839,0.782,275.595,74.927,42.356,-999,NA,NA,NA,NA,32.916,NA,0.262,11.39,4.073
11/04/2024 06:00:00 PM,693.236,23.838,1.043,295.699,88.397,6.943,-999,NA,NA,NA,NA,8.25,NA,-999,10.633,5.026
11/04/2024 07:00:00 PM,693.725,22.816,1.794,37.439,93.327,0,-999,NA,NA,NA,NA,5.429,NA,0.262,11.88,4.794
11/04/2024 08:00:00 PM,694.593,22.199,2.078,1.337,95.264,0,-999,NA,NA,NA,NA,8.426,NA,0.262,8.983,3.989
11/04/2024 09:00:00 PM,695.179,22.097,1.194,11.461,95.01,0,-999,NA,NA,NA,NA,9.421,NA,0.262,9.248,4.26
11/04/2024 10:00:00 PM,695.515,22.031,0.946,20.134,94.978,0,-999,NA,NA,NA,NA,4.073,NA,0.262,14.489,5.997
11/04/2024 11:00:00 PM,695.718,21.963,1.405,43.56,92.864,0,-999,NA,NA,NA,NA,-999,NA,0.262,14.521,5.576
11/05/2024 12:00:00 AM,695.63,21.932,0.89,92.712,91.841,0,-999,NA,NA,NA,NA,3.926,NA,0.262,15.137,5.067
11/05/2024 01:00:00 AM,695.066,21.832,0.635,53.738,89.382,0,-999,NA,NA,NA,NA,-999,NA,-999,13.636,4.397
11/05/2024 02:00:00 AM,694.445,21.438,0.736,351.64,93.53,0,-999,NA,NA,NA,NA,-999,NA,0.262,17.891,8.273
11/05/2024 03:00:00 AM,694.206,21.133,0.801,310.046,92.957,0,-999,NA,NA,NA,NA,3.926,NA,0.262,18.646,7.322
11/05/2024 04:00:00 AM,694.145,20.876,0.472,298.052,94.07,0,-999,NA,NA,NA,NA,3.926,NA,-999,21.845,8.733
11/05/2024 05:00:00 AM,694.279,20.676,0.449,79.999,91.403,0,-999,NA,NA,NA,NA,-999,NA,0.262,15.902,4.922
11/05/2024 06:00:00 AM,694.576,20.728,0.502,344.007,92.845,0.08,-999,NA,NA,NA,NA,3.926,NA,0.262,21.475,7.908
11/05/2024 07:00:00 AM,695.058,20.965,0.505,271.632,95.572,33.607,-999,NA,NA,NA,NA,3.926,NA,-999,36.113,19.349
11/05/2024 08:00:00 AM,695.626,22.437,1.085,298.958,88.535,137.782,-999,NA,NA,NA,NA,-999,NA,0.262,31.06,13.742
11/05/2024 09:00:00 AM,696.144,24.499,1.199,333.933,77.589,386.247,-999,NA,NA,NA,NA,4.854,NA,0.262,24.638,7.706
11/05/2024 10:00:00 AM,696.076,27.54,1.118,22.055,67.918,700.04,-999,NA,NA,NA,NA,16.998,NA,-999,21.326,6.623
11/05/2024 11:00:00 AM,695.639,28.92,1.778,319.558,60.838,817.783,-999,NA,NA,NA,NA,34.745,NA,0.262,12.167,4.471
11/05/2024 12:00:00 PM,695.007,29.024,2.859,300.761,62.62,919.38,-999,NA,NA,NA,NA,52.034,NA,0.262,10.24,4.103
11/05/2024 01:00:00 PM,694.328,28.374,4.213,299.459,68.03,509.513,-999,NA,NA,NA,NA,42.595,NA,0.262,8.599,3.421
11/05/2024 02:00:00 PM,693.828,28.561,3.741,314.325,66.676,720.843,-999,NA,NA,NA,NA,38.655,NA,0.262,5.985,2.448
11/05/2024 03:00:00 PM,693.386,28.659,3.011,312.509,66.95,369.991,-999,NA,NA,NA,NA,34.529,NA,0.262,5.95,2.249
11/05/2024 04:00:00 PM,693.204,28.304,3.495,344.88,69.276,173.661,-999,NA,NA,NA,NA,34.132,NA,0.262,5.887,2.393
11/05/2024 05:00:00 PM,693.172,27.865,2.769,340.682,70.536,92.735,-999,NA,NA,NA,NA,31.611,NA,0.262,7.696,2.747
11/05/2024 06:00:00 PM,693.344,26.603,2.51,318.479,75.177,12.58,-999,NA,NA,NA,NA,30.746,NA,0.262,8.262,2.924
11/05/2024 07:00:00 PM,694.124,25.119,1.332,290.67,82.147,0,-999,NA,NA,NA,NA,26.681,NA,0.262,8.346,2.942
11/05/2024 08:00:00 PM,694.751,24.603,1.383,332.335,81.339,0,-999,NA,NA,NA,NA,8.847,NA,0.262,14.749,7.501
11/05/2024 09:00:00 PM,695.404,24.189,0.973,70.866,80.289,0,-999,NA,NA,NA,NA,-999,NA,0.262,13.019,5.558
11/05/2024 10:00:00 PM,695.871,23.648,1.171,85.841,80.077,0,-999,NA,NA,NA,NA,4.121,NA,-999,13.378,5.712
11/05/2024 11:00:00 PM,696.058,23.113,1.121,44.583,80.754,0,-999,NA,NA,NA,NA,6.022,NA,0.262,11.745,3.933
11/06/2024 12:00:00 AM,695.865,22.789,1.372,53.11,79.234,0,-999,NA,NA,NA,NA,8.514,NA,0.262,9.405,2.745
11/06/2024 01:00:00 AM,695.531,22.729,1.395,59.178,78.586,0,-999,NA,NA,NA,NA,9.712,NA,0.262,8.9,2.338
11/06/2024 02:00:00 AM,695.059,22.405,1.354,57.221,79.691,0,-999,NA,NA,NA,NA,9.692,NA,0.262,8.43,2.314
11/06/2024 03:00:00 AM,694.588,22.113,0.847,55.952,80.537,0,-999,NA,NA,NA,NA,-999,NA,0.262,8.851,2.477
11/06/2024 04:00:00 AM,694.31,21.986,1.343,87.114,79.929,0,-999,NA,NA,NA,NA,8.114,NA,0.262,7.83,2.137
11/06/2024 05:00:00 AM,694.257,21.62,1.362,77.606,80.59,0,-999,NA,NA,NA,NA,5.765,NA,0.262,8.781,2.524
11/06/2024 06:00:00 AM,694.493,21.19,1.267,43.241,81.961,0.499,-999,NA,NA,NA,NA,3.926,NA,0.262,11.852,3.251
11/06/2024 07:00:00 AM,694.937,21.416,0.846,310.552,84.288,33.35,-999,NA,NA,NA,NA,3.926,NA,0.262,17.856,6.062
11/06/2024 08:00:00 AM,695.548,23.238,1.165,94.546,77.278,98.227,-999,NA,NA,NA,NA,3.926,NA,0.262,21.001,6.033
11/06/2024 09:00:00 AM,695.765,26.084,0.871,251.503,70.991,488.295,-999,NA,NA,NA,NA,11.596,NA,0.262,18.782,6.671
11/06/2024 10:00:00 AM,695.822,28.273,1.344,309.679,60.808,749.908,-999,NA,NA,NA,NA,25.292,NA,0.262,20.408,5.053
11/06/2024 11:00:00 AM,695.371,28.619,2.548,349.411,64.251,769.159,-999,NA,NA,NA,NA,39.314,NA,0.262,10.484,3.862
11/06/2024 12:00:00 PM,694.689,28.251,3.114,320.196,68.403,544.49,-999,NA,NA,NA,NA,34.161,NA,0.262,9.03,3.892
11/06/2024 01:00:00 PM,693.942,27.445,3.595,315.467,71.325,232.547,-999,NA,NA,NA,NA,35.524,NA,0.262,8.321,4.092
11/06/2024 02:00:00 PM,693.317,27.178,3.105,318.696,71.967,165.735,-999,NA,NA,NA,NA,33.876,NA,0.262,8.271,4.081
11/06/2024 03:00:00 PM,692.851,26.252,3.086,318.953,77.507,109.442,-999,NA,NA,NA,NA,33.306,NA,-999,10.015,5.665
11/06/2024 04:00:00 PM,692.553,26.021,2.338,343.234,79.209,108.894,-999,NA,NA,NA,NA,33.169,NA,0.262,10.542,6.427
11/06/2024 05:00:00 PM,692.573,26.426,2.087,316.557,76.681,83.793,-999,NA,NA,NA,NA,30.273,NA,0.262,10.494,5.307
11/06/2024 06:00:00 PM,692.795,25.614,1.941,347.378,80.846,30.063,-999,NA,NA,NA,NA,27.463,NA,0.262,10.436,5.898
11/06/2024 07:00:00 PM,693.115,25.078,1.487,311.316,83.986,0,-999,NA,NA,NA,NA,18.117,NA,0.262,12.742,7.043
11/06/2024 08:00:00 PM,694.058,24.712,1.561,3.009,86.204,0,-999,NA,NA,NA,NA,-999,NA,-999,15.224,7.897
11/06/2024 09:00:00 PM,694.558,23.902,0.81,3.886,90.433,0,-999,NA,NA,NA,NA,13.846,NA,0.262,15.482,8.241
11/06/2024 10:00:00 PM,694.973,23.525,0.696,310.408,93.394,0,-999,NA,NA,NA,NA,3.926,NA,0.262,16.291,8.906
11/06/2024 11:00:00 PM,695.053,23.408,0.908,64.221,92.23,0,-999,NA,NA,NA,NA,4.059,NA,0.262,19.514,9.303
11/07/2024 12:00:00 AM,694.714,23.16,0.71,7.147,92.602,0,-999,NA,NA,NA,NA,3.926,NA,0.262,18.084,9.153
11/07/2024 01:00:00 AM,694.299,22.868,0.833,60.959,93.977,0,-999,NA,NA,NA,NA,4.396,NA,0.262,19.294,9.607
11/07/2024 02:00:00 AM,693.784,22.611,0.991,95.784,94.323,0,-999,NA,NA,NA,NA,3.926,NA,-999,17.139,8.173
11/07/2024 03:00:00 AM,693.699,22.307,1.166,49,95.451,0,-999,NA,NA,NA,NA,6.997,NA,0.262,10.31,6.045
11/07/2024 04:00:00 AM,693.796,21.365,0.837,16.042,96.986,0,-999,NA,NA,NA,NA,13.065,NA,0.262,7.691,3.96
11/07/2024 05:00:00 AM,694.099,21.337,1.11,288.109,97.275,0,-999,NA,NA,NA,NA,7.818,NA,0.262,10.059,3.836
11/07/2024 06:00:00 AM,694.339,21.242,1.175,219.929,97.096,0.161,-999,NA,NA,NA,NA,4.751,NA,-999,16.329,7.398
11/07/2024 07:00:00 AM,694.645,21.452,0.864,90.636,96.86,31.626,-999,NA,NA,NA,NA,-999,NA,0.262,19.944,10.738
11/07/2024 08:00:00 AM,695.166,22.457,1.107,13.406,94.601,109.297,-999,NA,NA,NA,NA,3.926,NA,-999,26.495,13.32
11/07/2024 09:00:00 AM,695.301,24.069,1.163,265.05,88.805,302.212,-999,NA,NA,NA,NA,8.632,NA,0.262,26.601,12.734
11/07/2024 10:00:00 AM,695.177,26.168,1.157,257.171,78.402,554.592,-999,NA,NA,NA,NA,28.029,NA,0.262,19.363,8.821
11/07/2024 11:00:00 AM,694.672,26.621,2.475,317.912,75.745,341.233,-999,NA,NA,NA,NA,37.428,NA,0.262,12.406,5.775
11/07/2024 12:00:00 PM,694.089,26.268,2.31,270.287,75.196,178.446,-999,NA,NA,NA,NA,35.483,NA,0.262,7.816,3.36
11/07/2024 01:00:00 PM,693.504,25.851,2.687,321.325,77.88,233.943,-999,NA,NA,NA,NA,29.136,NA,-999,8.176,3.637
11/07/2024 02:00:00 PM,692.862,26.199,3.584,348.799,76.826,318.854,-999,NA,NA,NA,NA,31.499,NA,-999,6.682,3.143
11/07/2024 03:00:00 PM,692.257,26.069,2.811,324.688,76.667,159.596,-999,NA,NA,NA,NA,35.628,NA,0.262,5.649,3.251
11/07/2024 04:00:00 PM,692.282,25.259,2.173,351.14,79.464,54.632,-999,NA,NA,NA,NA,26.551,NA,0.262,13.03,5.015
11/07/2024 05:00:00 PM,692.458,25.333,1.571,334.67,80.227,35.75,-999,NA,NA,NA,NA,17.878,NA,0.262,13.98,5.757
11/07/2024 06:00:00 PM,692.98,24.372,2.545,339.167,80.056,5.058,-999,NA,NA,NA,NA,25.297,NA,0.262,9.935,4.951
11/07/2024 07:00:00 PM,693.652,22.169,4.163,52.535,85.717,0,-999,NA,NA,NA,NA,34.555,NA,-999,7.336,3.084
11/07/2024 08:00:00 PM,694.475,21.842,3.026,69.602,85.718,0,-999,NA,NA,NA,NA,33.922,NA,0.262,6.614,2.501
11/07/2024 09:00:00 PM,694.92,21.648,2.085,40.659,87.445,0,-999,NA,NA,NA,NA,23.481,NA,-999,10.711,4.349
11/07/2024 10:00:00 PM,695.134,22.021,1.192,30.918,84.666,0,-999,NA,NA,NA,NA,20.063,NA,0.262,9.026,3.68
11/07/2024 11:00:00 PM,695.006,21.599,1.054,218.69,89.247,0,-999,NA,NA,NA,NA,5.077,NA,0.262,15.797,5.946
11/08/2024 12:00:00 AM,694.334,20.763,0.465,88.651,93.03,0,-999,NA,NA,NA,NA,3.926,NA,0.262,17.34,6.676
11/08/2024 01:00:00 AM,693.878,20.42,0.59,23.785,93.749,0,-999,NA,NA,NA,NA,3.926,NA,0.262,16.936,6.203
11/08/2024 02:00:00 AM,693.519,20.133,0.729,1.822,93.313,0,-999,NA,NA,NA,NA,4.119,NA,0.262,14.038,4.922
11/08/2024 03:00:00 AM,693.216,20.088,1.187,21.316,92.146,0,-999,NA,NA,NA,NA,3.926,NA,0.262,13.561,4.628
11/08/2024 04:00:00 AM,693.164,19.991,0.986,44.393,90.789,0,-999,NA,NA,NA,NA,5.006,NA,0.262,15.702,4.243
11/08/2024 05:00:00 AM,693.488,19.622,0.898,43.681,92.967,0,-999,NA,NA,NA,NA,3.926,NA,0.262,16.696,5.245
11/08/2024 06:00:00 AM,693.72,19.41,0.867,113.568,92.516,0.161,-999,NA,NA,NA,NA,3.926,NA,0.262,18.632,6.348
11/08/2024 07:00:00 AM,694.196,19.542,0.707,42.345,95.096,15.982,-999,NA,NA,NA,NA,3.926,NA,0.262,33.653,15.684
11/08/2024 08:00:00 AM,694.878,22.551,1,265.523,85.483,116.177,-999,NA,NA,NA,NA,3.926,NA,0.262,32.25,15.069
11/08/2024 09:00:00 AM,694.956,24.535,1.553,3.511,79.726,529.895,-999,NA,NA,NA,NA,8.259,NA,0.262,45.053,20.613
11/08/2024 10:00:00 AM,694.969,26.643,1.472,236.975,69.522,544.562,-999,NA,NA,NA,NA,33.846,NA,-999,21.157,9.032
11/08/2024 11:00:00 AM,694.525,27.921,2.861,342.618,65.241,682.305,-999,NA,NA,NA,NA,56.539,NA,0.262,14.038,6.9
11/08/2024 12:00:00 PM,694.095,27.379,3.205,287.924,71.352,680.308,-999,NA,NA,NA,NA,47.897,NA,0.262,10.615,4.577
11/08/2024 01:00:00 PM,693.553,25.442,3.862,320.402,78.628,399.684,-999,NA,NA,NA,NA,33.81,NA,-999,7.485,3.728
11/08/2024 02:00:00 PM,692.832,25.516,3.356,308.141,76.916,448.017,-999,NA,NA,NA,NA,36.586,NA,0.262,5.171,2.87
11/08/2024 03:00:00 PM,692.269,25.438,3.416,306.223,76.748,265.059,-999,NA,NA,NA,NA,37.305,NA,-999,5.149,2.743
11/08/2024 04:00:00 PM,692.455,24.492,3.286,316.841,81,109.523,-999,NA,NA,NA,NA,34.018,NA,-999,7.037,3.892
11/08/2024 05:00:00 PM,692.707,24.23,2.078,313.825,82.202,64.879,-999,NA,NA,NA,NA,31.765,NA,-999,6.984,3.878
11/08/2024 06:00:00 PM,693.211,23.728,1.47,299.138,83.829,9.038,-999,NA,NA,NA,NA,27.682,NA,0.262,7.183,3.52
11/08/2024 07:00:00 PM,693.862,23.128,1.635,347.29,87.827,0,-999,NA,NA,NA,NA,13.804,NA,-999,8.047,4.4
11/08/2024 08:00:00 PM,694.664,22.651,0.916,358.152,91.495,0,-999,NA,NA,NA,NA,7.919,NA,0.262,10.404,5.717
11/08/2024 09:00:00 PM,695.171,22.37,1.137,1.156,93.009,0,-999,NA,NA,NA,NA,3.926,NA,0.262,18.74,10.009
11/08/2024 10:00:00 PM,695.362,22.238,0.903,355.721,93.225,0,-999,NA,NA,NA,NA,4.018,NA,0.262,21.58,11.609
11/08/2024 11:00:00 PM,695.482,21.904,0.811,266.377,94.108,0,-999,NA,NA,NA,NA,3.926,NA,0.262,17.719,9.297
11/09/2024 12:00:00 AM,695.344,21.645,0.591,30.2,95.02,0,-999,NA,NA,NA,NA,3.926,NA,0.262,18.532,8.762
11/09/2024 01:00:00 AM,695.085,21.602,0.801,280.863,95.257,0,-999,NA,NA,NA,NA,3.926,NA,-999,19.873,9.575
11/09/2024 02:00:00 AM,694.682,21.329,0.669,43.64,96.38,0,-999,NA,NA,NA,NA,3.926,NA,-999,21.125,9.328
11/09/2024 03:00:00 AM,694.418,21.282,0.654,350.18,96.761,0,-999,NA,NA,NA,NA,3.926,NA,0.262,23.403,11.111
11/09/2024 04:00:00 AM,694.242,21.257,0.667,228.772,95.639,0,-999,NA,NA,NA,NA,3.926,NA,0.262,20.599,8.682
11/09/2024 05:00:00 AM,694.408,21.104,0.631,115.467,96.301,0,-999,NA,NA,NA,NA,3.926,NA,0.262,21.46,9.447
11/09/2024 06:00:00 AM,694.79,21.004,0.647,44.357,96.869,0.064,-999,NA,NA,NA,NA,3.926,NA,0.262,23.724,10.918
11/09/2024 07:00:00 AM,695.2,21.019,0.631,267.497,96.624,40.68,-999,NA,NA,NA,NA,3.926,NA,0.262,24.848,10.171
11/09/2024 08:00:00 AM,695.795,22.812,0.83,342.154,90.836,147.755,-999,NA,NA,NA,NA,3.926,NA,0.262,24.758,10.032
11/09/2024 09:00:00 AM,696.006,24.082,1.457,254.595,84.704,346.322,-999,NA,NA,NA,NA,7.384,NA,-999,33.461,10.347
11/09/2024 10:00:00 AM,695.69,26.407,1.892,337.794,74.781,707.986,-999,NA,NA,NA,NA,25.932,NA,0.262,25.346,7.273
11/09/2024 11:00:00 AM,694.982,29.17,1.327,319.179,62.346,800.014,-999,NA,NA,NA,NA,46.895,NA,0.262,15.427,5.023
11/09/2024 12:00:00 PM,694.117,28.831,4.597,318.14,65.081,1160.773,-999,NA,NA,NA,NA,59.568,NA,-999,12.441,5.018
11/09/2024 01:00:00 PM,693.555,27.796,4.757,322.686,69.452,989.46,-999,NA,NA,NA,NA,56.185,NA,-999,10.011,5.334
11/09/2024 02:00:00 PM,692.971,27.808,4.047,313.634,69.711,532.568,-999,NA,NA,NA,NA,47.891,NA,0.262,9.906,5.553
11/09/2024 03:00:00 PM,692.448,27.55,3.292,300.369,71.085,390.5,-999,NA,NA,NA,NA,40.742,NA,0.262,8.072,4.269
11/09/2024 04:00:00 PM,692.435,27.813,3.057,323.369,69.453,181.33,-999,NA,NA,NA,NA,43.827,NA,0.262,6.87,3.904
11/09/2024 05:00:00 PM,692.635,27.287,2.678,302.19,71.963,108.572,-999,NA,NA,NA,NA,42.261,NA,0.262,6.926,3.901
11/09/2024 06:00:00 PM,693.266,25.536,2.75,287.726,79.396,15.176,-999,NA,NA,NA,NA,43.732,NA,0.262,8.274,4.472
11/09/2024 07:00:00 PM,693.989,24.282,2.768,309.144,81.364,0,-999,NA,NA,NA,NA,36.478,NA,-999,6.667,3.418
11/09/2024 08:00:00 PM,694.853,23.058,2.208,308.858,84.404,0,-999,NA,NA,NA,NA,33.836,NA,0.262,5.513,2.207
11/09/2024 09:00:00 PM,695.768,22.715,1.49,335.358,88.214,0,-999,NA,NA,NA,NA,26.458,NA,-999,7.98,3.472
11/09/2024 10:00:00 PM,696.238,22.706,1.037,2.495,88.819,0,-999,NA,NA,NA,NA,21.047,NA,0.262,9.786,4.422
11/09/2024 11:00:00 PM,696.24,22.727,0.897,10.444,89.121,0,-999,NA,NA,NA,NA,16.436,NA,0.262,14.919,7.264
11/10/2024 12:00:00 AM,696.055,22.22,1.006,19.661,91.886,0,-999,NA,NA,NA,NA,8.171,NA,0.262,12.075,5.149
11/10/2024 01:00:00 AM,695.778,21.842,0.999,277.682,93.976,0,-999,NA,NA,NA,NA,5.804,NA,0.262,13.846,5.726
11/10/2024 02:00:00 AM,695.483,21.355,0.828,51.451,94.342,0,-999,NA,NA,NA,NA,7.136,NA,0.262,15.997,4.957
11/10/2024 03:00:00 AM,695.175,21.322,0.629,279.941,94.777,0,-999,NA,NA,NA,NA,3.995,NA,0.262,13.102,4.469
11/10/2024 04:00:00 AM,695.083,21.308,0.682,38.226,95.59,0,-999,NA,NA,NA,NA,3.926,NA,0.262,14.128,5.081
11/10/2024 05:00:00 AM,695.266,21.062,0.542,3.96,95.767,0,-999,NA,NA,NA,NA,3.926,NA,0.262,14.837,5.196
11/10/2024 06:00:00 AM,695.653,21.158,0.67,190.427,94.868,0.032,-999,NA,NA,NA,NA,7.289,NA,0.262,8.353,3.347
11/10/2024 07:00:00 AM,696.099,21.268,0.701,1.536,95.097,29.789,-999,NA,NA,NA,NA,3.926,NA,-999,15.05,5.27
11/10/2024 08:00:00 AM,696.601,21.83,0.794,260.028,93.529,65.314,-999,NA,NA,NA,NA,4.664,NA,0.262,11.416,4.772
11/10/2024 09:00:00 AM,696.961,22.31,1.768,258.743,91.431,122.96,-999,NA,NA,NA,NA,11.727,NA,0.262,8.178,2.725
11/10/2024 10:00:00 AM,697.113,23.524,1.192,264.329,89.042,197.151,-999,NA,NA,NA,NA,12.975,NA,0.262,12.715,5.185
11/10/2024 11:00:00 AM,696.707,25.52,1.317,21.609,79.747,292.223,-999,NA,NA,NA,NA,25.901,NA,-999,9.88,4.411
11/10/2024 12:00:00 PM,696.021,23.9,2.142,280.265,85.818,154.135,-999,NA,NA,NA,NA,19.401,NA,0.262,7.89,3.533
11/10/2024 01:00:00 PM,695.201,23.724,1.692,79.129,85.791,341.958,-999,NA,NA,NA,NA,22.521,NA,-999,9.158,4.748
11/10/2024 02:00:00 PM,694.118,26.505,1.855,353.677,74.272,621.84,-999,NA,NA,NA,NA,25.035,NA,0.262,10.143,7.036
11/10/2024 03:00:00 PM,692.999,27.951,2.749,318.907,64.656,583.083,-999,NA,NA,NA,NA,28.576,NA,0.262,5.163,2.595
11/10/2024 04:00:00 PM,692.499,28.141,3.225,309.502,67.112,218.869,-999,NA,NA,NA,NA,28.152,NA,0.262,5.568,2.045
11/10/2024 05:00:00 PM,692.813,27.327,3.316,308.566,71.02,131.112,-999,NA,NA,NA,NA,25.318,NA,-999,5.131,2.066
11/10/2024 06:00:00 PM,693.362,25.154,2.579,325.752,81.335,16.348,-999,NA,NA,NA,NA,24.231,NA,-999,10.664,3.183
11/10/2024 07:00:00 PM,694.137,24.177,1.648,304.156,86.718,0,-999,NA,NA,NA,NA,18.857,NA,0.262,6.192,3.295
11/10/2024 08:00:00 PM,694.919,23.346,1.5,330.971,88.386,0,-999,NA,NA,NA,NA,12.891,NA,0.262,6.83,3.543
11/10/2024 09:00:00 PM,695.54,22.159,0.927,359.923,94.022,0,-999,NA,NA,NA,NA,5.252,NA,-999,10.39,4.133
11/10/2024 10:00:00 PM,696.084,21.823,0.746,68.537,95.407,0,-999,NA,NA,NA,NA,3.926,NA,0.262,11.703,4.584
11/10/2024 11:00:00 PM,696.145,21.772,0.926,266.044,96.179,0,-999,NA,NA,NA,NA,3.926,NA,0.262,16.133,6.833
11/11/2024 12:00:00 AM,696.088,21.383,1.529,38.694,96.991,0,-999,NA,NA,NA,NA,9.808,NA,0.262,10.069,4.81
11/11/2024 01:00:00 AM,696.229,19.865,1.808,308.354,98.012,0,-999,NA,NA,NA,NA,25.619,NA,-999,5,2
11/11/2024 02:00:00 AM,695.55,19.701,0.807,22.542,98.431,0,-999,NA,NA,NA,NA,26.344,NA,-999,5,2
11/11/2024 03:00:00 AM,694.872,19.458,1.183,255.25,98.576,0,-999,NA,NA,NA,NA,27.423,NA,0.262,5,2
11/11/2024 04:00:00 AM,694.719,19.491,0.608,316.967,98.729,0,-999,NA,NA,NA,NA,20.4,NA,-999,5.38,2.123
11/11/2024 05:00:00 AM,695.3,19.741,0.838,12.297,98.778,0,-999,NA,NA,NA,NA,12.507,NA,0.262,7.234,3.463
11/11/2024 06:00:00 AM,695.706,19.812,0.913,267.373,98.829,1.031,-999,NA,NA,NA,NA,5.937,NA,0.262,10.531,4.686
11/11/2024 07:00:00 AM,696.613,19.687,0.684,342.365,98.868,8.973,-999,NA,NA,NA,NA,9.123,NA,-999,13.252,5.652
11/11/2024 08:00:00 AM,697.328,19.752,1.214,336.584,98.865,21.604,-999,NA,NA,NA,NA,9.318,NA,0.262,9.709,3.817
11/11/2024 09:00:00 AM,698.116,20.117,0.693,318.588,98.773,55.003,-999,NA,NA,NA,NA,14.549,NA,0.262,5.271,2.026
11/11/2024 10:00:00 AM,698.131,20.89,0.657,280.869,98.413,184.198,-999,NA,NA,NA,NA,13.458,NA,0.262,5.324,2.689
11/11/2024 11:00:00 AM,697.368,22.265,1.225,278.148,96.808,548.228,-999,NA,NA,NA,NA,17.475,NA,-999,5.744,3.137
11/11/2024 12:00:00 PM,696.269,26.634,1.018,6.866,70.763,708.743,-999,NA,NA,NA,NA,23.024,NA,0.262,5.253,2.063
11/11/2024 01:00:00 PM,695.115,27.754,1.178,312.312,66.074,635.132,-999,NA,NA,NA,NA,27.416,NA,-999,5.294,2.069
11/11/2024 02:00:00 PM,694.145,27.791,2.614,306.105,66.84,552.031,-999,NA,NA,NA,NA,28.837,NA,0.262,5,2.002
11/11/2024 03:00:00 PM,693.454,26.898,3.898,323.377,69.12,505.921,-999,NA,NA,NA,NA,27.145,NA,0.262,5.027,2.28
11/11/2024 04:00:00 PM,693.124,26.262,2.99,322.744,74.503,157.679,-999,NA,NA,NA,NA,24.58,NA,0.262,5.212,2.062
11/11/2024 05:00:00 PM,693.308,24.999,2.871,323.777,78.824,79.089,-999,NA,NA,NA,NA,23.317,NA,0.262,5.145,2
11/11/2024 06:00:00 PM,693.741,23.805,1.925,305.023,83.358,13.565,-999,NA,NA,NA,NA,19.788,NA,0.262,5.096,2
11/11/2024 07:00:00 PM,694.232,22.874,1.865,308.266,85.942,0,-999,NA,NA,NA,NA,18.274,NA,0.262,5.397,2
11/11/2024 08:00:00 PM,694.889,22.488,1.276,313.902,86.962,0,-999,NA,NA,NA,NA,17.546,NA,0.262,5.798,2.046
11/11/2024 09:00:00 PM,695.48,22.251,0.797,339.328,88.78,0,-999,NA,NA,NA,NA,9.585,NA,0.262,5.446,2.419
11/11/2024 10:00:00 PM,695.781,21.861,0.753,18.023,92.256,0,-999,NA,NA,NA,NA,4.002,NA,0.262,8.864,3.674
11/11/2024 11:00:00 PM,695.856,21.535,0.751,34.363,94.289,0,-999,NA,NA,NA,NA,3.926,NA,0.262,12.614,4.256
11/12/2024 12:00:00 AM,695.935,21.44,0.776,301.414,95.303,0,-999,NA,NA,NA,NA,3.926,NA,0.262,12.202,3.892
11/12/2024 01:00:00 AM,695.55,21.235,0.676,141.983,96.612,0,-999,NA,NA,NA,NA,3.926,NA,0.262,10.491,3.796
11/12/2024 02:00:00 AM,695.007,20.981,0.634,317.214,97.181,0,-999,NA,NA,NA,NA,3.926,NA,0.262,9.412,3.799
11/12/2024 03:00:00 AM,694.533,20.788,0.748,327.653,97.341,0,-999,NA,NA,NA,NA,3.926,NA,-999,10.829,3.932
11/12/2024 04:00:00 AM,694.528,20.578,0.475,66.225,96.719,0,-999,NA,NA,NA,NA,4.017,NA,0.262,14.7,4.226
11/12/2024 05:00:00 AM,694.875,20.701,0.674,291.936,96.656,0,-999,NA,NA,NA,NA,3.926,NA,0.262,16.697,5.993
11/12/2024 06:00:00 AM,695.382,20.676,0.673,244.283,96.407,0.064,-999,NA,NA,NA,NA,3.926,NA,-999,17.894,6.474
11/12/2024 07:00:00 AM,695.912,20.604,0.763,23.913,95.094,16.852,-999,NA,NA,NA,NA,3.926,NA,0.262,18.221,5.679
11/12/2024 08:00:00 AM,696.478,22.254,0.931,321.342,89.719,103.481,-999,NA,NA,NA,NA,3.926,NA,0.262,21.182,6.456
11/12/2024 09:00:00 AM,696.867,22.845,1.279,275.699,91.496,185.567,-999,NA,NA,NA,NA,13.321,NA,0.262,32.442,13.655
11/12/2024 10:00:00 AM,696.802,24.223,1.415,268.037,84.07,522.386,-999,NA,NA,NA,NA,16.078,NA,0.262,29.864,15.408
11/12/2024 11:00:00 AM,696.175,27.568,1.383,8.381,69.242,648.731,-999,NA,NA,NA,NA,21.693,NA,-999,14.075,6.491
11/12/2024 12:00:00 PM,695.425,26.897,3.041,307.248,70.583,755.352,-999,NA,NA,NA,NA,23.74,NA,2.867,8.503,2.597
11/12/2024 01:00:00 PM,694.489,27.189,3.664,306.639,69.648,719.699,-999,NA,NA,NA,NA,24.554,NA,2.777,5.519,2
11/12/2024 02:00:00 PM,693.575,27.47,3.712,304.226,68.652,653.74,-999,NA,NA,NA,NA,23.461,NA,3.796,5.198,2
11/12/2024 03:00:00 PM,692.847,27.696,3.167,321.466,68.028,467.238,-999,NA,NA,NA,NA,25.76,NA,3.043,5.403,2.051
11/12/2024 04:00:00 PM,692.647,27.273,3.527,321.739,71.125,251.091,-999,NA,NA,NA,NA,31.898,NA,3,5.968,2
11/12/2024 05:00:00 PM,692.956,26.08,3.643,313.632,76.388,127.019,-999,NA,NA,NA,NA,29.403,NA,-999,5.214,2
11/12/2024 06:00:00 PM,693.591,24.46,2.629,332.563,79.352,16.707,-999,NA,NA,NA,NA,23.287,NA,3.901,5.818,2.014
11/12/2024 07:00:00 PM,694.291,23.41,2.044,312.54,83.324,0,-999,NA,NA,NA,NA,16.92,NA,5.12,7.879,2.65
11/12/2024 08:00:00 PM,695.139,22.406,1.617,87.574,88.366,0,-999,NA,NA,NA,NA,12.236,NA,3.889,7.133,2.412
11/12/2024 09:00:00 PM,695.73,21.761,1.42,75.022,91.25,0,-999,NA,NA,NA,NA,9.939,NA,3.993,11.357,3.57
11/12/2024 10:00:00 PM,696.207,20.89,1.118,335.175,95.593,0,-999,NA,NA,NA,NA,6.898,NA,4.909,10.159,4.023
11/12/2024 11:00:00 PM,696.317,20.747,0.918,252.225,96.894,0,-999,NA,NA,NA,NA,6.374,NA,5.441,12.127,3.983
11/13/2024 12:00:00 AM,696.231,20.789,0.843,327.855,97.272,0,-999,NA,NA,NA,NA,3.926,NA,8.618,13.76,8.967
11/13/2024 01:00:00 AM,695.907,20.62,0.824,226.714,97.581,0,-999,NA,NA,NA,NA,6.406,NA,4.73,10.16,7.368
11/13/2024 02:00:00 AM,695.589,20.149,1.908,343.602,97.728,0,-999,NA,NA,NA,NA,13.918,NA,-999,5.232,3.26
11/13/2024 03:00:00 AM,695.207,19.486,0.73,42.023,95.457,0,-999,NA,NA,NA,NA,20.221,NA,-999,5.052,2
11/13/2024 04:00:00 AM,694.995,19.502,0.482,128.936,96.081,0,-999,NA,NA,NA,NA,9.499,NA,1.259,6.485,2.32
11/13/2024 05:00:00 AM,694.992,19.615,0.542,274.48,95.91,0,-999,NA,NA,NA,NA,7.411,NA,1.653,7.786,2.569
11/13/2024 06:00:00 AM,695.178,19.721,1.084,95.748,95.314,0.306,-999,NA,NA,NA,NA,3.926,NA,2.5,11.948,3.408
11/13/2024 07:00:00 AM,695.472,20.19,0.664,91.092,94.424,28.758,-999,NA,NA,NA,NA,3.926,NA,5.588,21.446,5.904
11/13/2024 08:00:00 AM,695.573,21.709,0.721,260.023,91.068,108.927,-999,NA,NA,NA,NA,4.018,NA,2.974,23.868,7.169
11/13/2024 09:00:00 AM,695.809,23.756,1.529,231.229,82.299,497.865,-999,NA,NA,NA,NA,14.397,NA,1.992,12.541,4.381
11/13/2024 10:00:00 AM,695.778,25.54,1.184,318.324,72.55,445.174,-999,NA,NA,NA,NA,24.522,NA,3.69,13.608,4.795
11/13/2024 11:00:00 AM,695.552,26.16,2.88,346.083,66.621,336.399,-999,NA,NA,NA,NA,31.789,NA,1.264,8.223,3.158
11/13/2024 12:00:00 PM,695.265,25.23,3.025,343.967,71.153,147.545,-999,NA,NA,NA,NA,23.559,NA,1.607,8.782,3.607
11/13/2024 01:00:00 PM,694.39,25.659,2.4,342.662,72.516,274.549,-999,NA,NA,NA,NA,27.455,NA,1.045,8.105,3.257
11/13/2024 02:00:00 PM,693.459,26.266,2.314,277.082,71.342,362.967,-999,NA,NA,NA,NA,29.878,NA,1.394,7.47,3.108
11/13/2024 03:00:00 PM,692.816,25.382,2.718,346.639,73.899,116.273,-999,NA,NA,NA,NA,26.397,NA,1.862,7.369,3.012
11/13/2024 04:00:00 PM,692.679,24.852,2.735,323.51,77.531,119.786,-999,NA,NA,NA,NA,27.125,NA,1.57,7.434,3.31
11/13/2024 05:00:00 PM,693.068,24.235,2.061,340.458,80.334,27.888,-999,NA,NA,NA,NA,22.931,NA,1.537,8.716,3.794
11/13/2024 06:00:00 PM,693.496,23.296,1.648,304.618,86.357,2.988,-999,NA,NA,NA,NA,16.343,NA,-999,12.325,4.461
11/13/2024 07:00:00 PM,694.067,23.034,0.989,6.339,83.008,0,-999,NA,NA,NA,NA,15.608,NA,1.094,13.622,4.916
11/13/2024 08:00:00 PM,694.888,22.229,1.649,66.755,89.359,0,-999,NA,NA,NA,NA,10.602,NA,1.901,10.96,4.693
11/13/2024 09:00:00 PM,695.563,20.444,1.099,344.032,95.416,0,-999,NA,NA,NA,NA,11.035,NA,1.439,6.867,3.953
11/13/2024 10:00:00 PM,695.823,20.106,0.935,246.94,95.658,0,-999,NA,NA,NA,NA,9.397,NA,1.539,8.955,4.076
11/13/2024 11:00:00 PM,696.035,20.165,0.668,273.188,96.547,0,-999,NA,NA,NA,NA,5.984,NA,6.423,11.089,6.374
11/14/2024 12:00:00 AM,695.745,20.2,0.628,349.812,97.101,0,-999,NA,NA,NA,NA,3.926,NA,6.785,15.16,9.502
11/14/2024 01:00:00 AM,695.23,20.146,0.609,306.078,97.354,0,-999,NA,NA,NA,NA,3.926,NA,-999,16.489,8.282
11/14/2024 02:00:00 AM,694.744,20.149,0.556,228.819,97.507,0,-999,NA,NA,NA,NA,3.926,NA,4.212,20.78,10.499
11/14/2024 03:00:00 AM,694.449,20.194,0.558,267.174,97.539,0,-999,NA,NA,NA,NA,3.926,NA,4.82,19.613,12.224
11/14/2024 04:00:00 AM,694.266,20.095,0.802,301.312,97.41,0,-999,NA,NA,NA,NA,3.926,NA,1.781,14.376,7.987
11/14/2024 05:00:00 AM,694.365,20.07,0.788,267.675,97.031,0,-999,NA,NA,NA,NA,3.926,NA,2.719,14.356,7.437
11/14/2024 06:00:00 AM,694.754,20.036,0.595,297.549,97.054,0,-999,NA,NA,NA,NA,3.926,NA,-999,14.044,6.983
11/14/2024 07:00:00 AM,695.252,20.085,0.599,259.119,96.855,11.954,-999,NA,NA,NA,NA,3.926,NA,2.913,20.733,9.842
11/14/2024 08:00:00 AM,695.954,20.478,0.868,223.942,95.618,67.425,-999,NA,NA,NA,NA,3.926,NA,1.689,13.748,7.434
11/14/2024 09:00:00 AM,696.421,20.868,1.071,238.738,93.869,43.999,-999,NA,NA,NA,NA,3.97,NA,-999,11.958,4.812
11/14/2024 10:00:00 AM,696.433,21.149,1.338,248.529,92.836,82.118,-999,NA,NA,NA,NA,6.858,NA,1.921,13.642,5.107
11/14/2024 11:00:00 AM,695.922,22.639,1.027,5.398,87.904,203.402,-999,NA,NA,NA,NA,6.92,NA,-999,28.934,12.176
11/14/2024 12:00:00 PM,694.958,25.019,2.306,330.895,76.403,773.3,-999,NA,NA,NA,NA,28.147,NA,0.688,20.752,7.61
11/14/2024 01:00:00 PM,694.036,25.996,1.96,247.304,69.919,666.677,-999,NA,NA,NA,NA,43.635,NA,-999,10.83,3.918
11/14/2024 02:00:00 PM,693.239,25.57,2.25,257.308,75.099,229.422,-999,NA,NA,NA,NA,29.548,NA,1.319,9.457,3.609
11/14/2024 03:00:00 PM,692.75,24.284,1.733,316.852,82.15,48.236,-999,NA,NA,NA,NA,17.59,NA,-999,10.095,3.975
11/14/2024 04:00:00 PM,692.499,24.14,1.149,325.591,83.099,55.841,-999,NA,NA,NA,NA,15.591,NA,1.299,10.119,3.655
11/14/2024 05:00:00 PM,692.8,23.143,1.407,44.171,88.149,31.642,-999,NA,NA,NA,NA,14.868,NA,0.582,12.056,5.86
11/14/2024 06:00:00 PM,693.263,22.301,1.319,103.333,90.843,5.816,-999,NA,NA,NA,NA,10.417,NA,1.034,12.002,5.349
11/14/2024 07:00:00 PM,693.714,21.964,0.997,105.72,91.433,0,-999,NA,NA,NA,NA,6.488,NA,1.186,13.674,5.304
11/14/2024 08:00:00 PM,694.412,21.803,0.804,88.165,92.582,0,-999,NA,NA,NA,NA,4.004,NA,-999,21.681,6.713
11/14/2024 09:00:00 PM,695.159,21.739,1.041,42.629,93.234,0,-999,NA,NA,NA,NA,3.926,NA,1.255,23.286,7.15
11/14/2024 10:00:00 PM,695.544,21.752,1.023,32.153,91.963,0,-999,NA,NA,NA,NA,3.926,NA,1.352,22.551,7.139
11/14/2024 11:00:00 PM,695.478,21.565,1.223,73.589,93.578,0,-999,NA,NA,NA,NA,3.926,NA,2.893,26.905,8.826
11/15/2024 12:00:00 AM,695.414,21.282,1.22,8.252,95.075,0,-999,NA,NA,NA,NA,3.926,NA,1.949,28.348,10.112
11/15/2024 01:00:00 AM,695.377,21.178,1.496,309.174,94.163,0,-999,NA,NA,NA,NA,5.897,NA,0.52,16.602,6.113
11/15/2024 02:00:00 AM,695.127,20.75,0.994,4.318,94.216,0,-999,NA,NA,NA,NA,6.728,NA,0.878,13.916,4.249
11/15/2024 03:00:00 AM,694.681,20.166,0.74,299.325,94.023,0,-999,NA,NA,NA,NA,12.446,NA,-999,8.809,2.855
11/15/2024 04:00:00 AM,694.558,20.21,0.681,231.479,94.024,0,-999,NA,NA,NA,NA,9.274,NA,1.335,11.664,3.29
11/15/2024 05:00:00 AM,694.721,20.046,0.46,320.532,95.949,0,-999,NA,NA,NA,NA,3.926,NA,1.94,16.905,4.817
11/15/2024 06:00:00 AM,695.046,19.937,0.586,320.252,96.376,0.241,-999,NA,NA,NA,NA,3.926,NA,2.567,17.217,5.151
11/15/2024 07:00:00 AM,695.403,20.066,0.447,77.157,96.153,12.405,-999,NA,NA,NA,NA,3.926,NA,2.176,22.615,7.805
11/15/2024 08:00:00 AM,695.847,23.032,0.835,0.195,86.19,49.863,-999,NA,NA,NA,NA,3.926,NA,1.458,27.632,8.864
11/15/2024 09:00:00 AM,696.176,24.716,1.054,271.782,77.627,482.705,-999,NA,NA,NA,NA,10.109,NA,1.665,19.56,6.993
11/15/2024 10:00:00 AM,695.886,27.531,1.012,289.824,64.726,547.455,-999,NA,NA,NA,NA,22.535,NA,-999,9.459,3.338
11/15/2024 11:00:00 AM,695.491,27.78,2.161,316.701,63.128,754.74,-999,NA,NA,NA,NA,32.45,NA,0.502,8.244,3.249
11/15/2024 12:00:00 PM,694.856,27.321,2.83,311.861,65.306,638.169,-999,NA,NA,NA,NA,31.347,NA,-999,6.588,2.746
11/15/2024 01:00:00 PM,694.056,27.264,3.369,305.02,66.293,424.148,-999,NA,NA,NA,NA,30.324,NA,0.435,5.71,2.432
11/15/2024 02:00:00 PM,693.06,27.531,3.182,332.954,66.667,543.508,-999,NA,NA,NA,NA,27.682,NA,0.734,6.54,2.572
11/15/2024 03:00:00 PM,692.156,27.435,3.898,338.631,68.943,495.948,-999,NA,NA,NA,NA,24.442,NA,0.521,6.776,2.919
11/15/2024 04:00:00 PM,691.843,26.83,3.133,341.546,72.022,160.063,-999,NA,NA,NA,NA,24.615,NA,-999,7.592,3.442
11/15/2024 05:00:00 PM,691.83,25.868,2.412,331.19,76.232,44.482,-999,NA,NA,NA,NA,22.475,NA,1.611,9.568,4.312
11/15/2024 06:00:00 PM,692.235,24.986,2.499,320.471,80.549,7.217,-999,NA,NA,NA,NA,24.139,NA,0.953,10.877,4.815
11/15/2024 07:00:00 PM,692.616,24.327,1.986,317.907,83.372,0,-999,NA,NA,NA,NA,20.626,NA,0.74,8.274,4.045
11/15/2024 08:00:00 PM,693.285,23.79,1.23,308.618,82.531,0,-999,NA,NA,NA,NA,15.263,NA,-999,10.452,4.848
11/15/2024 09:00:00 PM,693.942,23.694,0.823,299.036,80.684,0,-999,NA,NA,NA,NA,9.439,NA,1.086,12.237,5.445
11/15/2024 10:00:00 PM,694.181,23.122,1.116,76.12,83.58,0,-999,NA,NA,NA,NA,6.142,NA,1.292,17.75,6.875
11/15/2024 11:00:00 PM,694.22,22.832,1.169,41.21,83.139,0,-999,NA,NA,NA,NA,6.893,NA,0.657,16.678,5.108
11/16/2024 12:00:00 AM,694.225,22.753,1.158,93.782,83.782,0,-999,NA,NA,NA,NA,5.782,NA,0.493,15.594,5.194
11/16/2024 01:00:00 AM,693.982,22.348,1.015,71.797,85.653,0,-999,NA,NA,NA,NA,5.383,NA,-999,16.013,5.339
11/16/2024 02:00:00 AM,693.449,21.759,0.736,292.316,89.521,0,-999,NA,NA,NA,NA,3.926,NA,4.285,21.464,7.763
11/16/2024 03:00:00 AM,693.314,21.704,0.928,54.927,89.372,0,-999,NA,NA,NA,NA,4.293,NA,3.903,21.017,7.436
11/16/2024 04:00:00 AM,693.049,21.464,1.036,28.605,90.434,0,-999,NA,NA,NA,NA,3.926,NA,-999,23.881,8.598
11/16/2024 05:00:00 AM,693.256,21.764,0.947,359.316,87.481,0,-999,NA,NA,NA,NA,3.926,NA,3.658,18.569,6.111
11/16/2024 06:00:00 AM,693.724,21.792,1.264,58.226,86.924,0.08,-999,NA,NA,NA,NA,3.926,NA,-999,21.339,7.18
11/16/2024 07:00:00 AM,694.424,21.58,1.522,60.359,89.674,27.485,-999,NA,NA,NA,NA,3.926,NA,5.221,25.104,9.398
11/16/2024 08:00:00 AM,695.026,22.073,1.241,33.368,87.839,36.33,-999,NA,NA,NA,NA,3.926,NA,-999,21.717,7.195
11/16/2024 09:00:00 AM,695.34,23.869,1.59,81.671,78.242,411.139,-999,NA,NA,NA,NA,7.807,NA,3.313,14.611,4.489
11/16/2024 10:00:00 AM,695.322,26.291,1.926,1.058,72.214,596.892,-999,NA,NA,NA,NA,21.812,NA,3.705,10.77,3.482
11/16/2024 11:00:00 AM,695.053,26.134,3.306,331.881,75.177,414.974,-999,NA,NA,NA,NA,30.101,NA,3.6,5.876,2.243
11/16/2024 12:00:00 PM,694.645,26.193,3.416,320.539,76.455,353.123,-999,NA,NA,NA,NA,27.769,NA,3.558,5.633,2.108
11/16/2024 01:00:00 PM,694.178,25.67,3.297,327.802,77.537,161.481,-999,NA,NA,NA,NA,26.767,NA,-999,5.464,2.5
11/16/2024 02:00:00 PM,693.528,26.213,2.666,335.087,76.751,399.12,-999,NA,NA,NA,NA,27.915,NA,3.903,5.555,2.506
11/16/2024 03:00:00 PM,693.033,25.733,3.108,316.786,78.531,116.515,-999,NA,NA,NA,NA,26.249,NA,3.069,5.892,2.883
11/16/2024 04:00:00 PM,692.957,24.695,2.668,335.242,83.396,87.724,-999,NA,NA,NA,NA,21.461,NA,5.228,6.867,3.587
11/16/2024 05:00:00 PM,693.041,24.093,1.109,289.016,85.886,38.408,-999,NA,NA,NA,NA,23.018,NA,4.129,5.104,2.797
11/16/2024 06:00:00 PM,693.05,23.88,1.241,339.746,85.768,8.909,-999,NA,NA,NA,NA,19.965,NA,3.623,7.54,3.62
11/16/2024 07:00:00 PM,693.462,23.603,1.507,29.763,87.662,0,-999,NA,NA,NA,NA,11.451,NA,3.013,10.661,5.277
11/16/2024 08:00:00 PM,694.168,23.384,1.513,5.357,89.264,0,-999,NA,NA,NA,NA,10.017,NA,3.435,9.982,5.529
11/16/2024 09:00:00 PM,694.609,23.191,1.155,312.566,90.596,0,-999,NA,NA,NA,NA,9.371,NA,3.147,11.553,6.068
11/16/2024 10:00:00 PM,695.163,22.095,2.185,333.256,94.164,0,-999,NA,NA,NA,NA,15.521,NA,-999,8.642,4.407
11/16/2024 11:00:00 PM,695.146,21.39,0.513,282.565,96.627,0,-999,NA,NA,NA,NA,16.216,NA,3.253,10.875,3.685
11/17/2024 12:00:00 AM,695.046,21.491,0.808,23.489,96.981,0,-999,NA,NA,NA,NA,3.938,NA,4.109,18.53,7.298
11/17/2024 01:00:00 AM,694.561,21.156,0.894,49.333,97.268,0,-999,NA,NA,NA,NA,3.926,NA,-999,19.469,8.21
11/17/2024 02:00:00 AM,694.201,21.1,0.752,103.58,97.479,0,-999,NA,NA,NA,NA,3.926,NA,-999,18.668,7.189
11/17/2024 03:00:00 AM,694.021,20.857,0.817,286.358,97.335,0,-999,NA,NA,NA,NA,3.926,NA,0.583,21.604,6.532
11/17/2024 04:00:00 AM,693.759,20.795,0.583,302.122,97.101,0,-999,NA,NA,NA,NA,3.926,NA,-999,20.984,6.375
11/17/2024 05:00:00 AM,693.878,20.888,0.775,88.228,96.885,0,-999,NA,NA,NA,NA,3.926,NA,4.085,23.831,8.295
11/17/2024 06:00:00 AM,694.415,20.771,0.746,356.153,97.277,0,-999,NA,NA,NA,NA,3.926,NA,6.075,35.652,16.737
11/17/2024 07:00:00 AM,694.897,20.843,0.936,95.813,97.196,14.693,-999,NA,NA,NA,NA,3.926,NA,-999,27.905,8.986
11/17/2024 08:00:00 AM,695.504,21.403,0.832,73.569,92.812,51.362,-999,NA,NA,NA,NA,3.926,NA,-999,22.984,8.238
11/17/2024 09:00:00 AM,695.836,23.999,1.113,16.044,86.202,424.06,-999,NA,NA,NA,NA,5.794,NA,0.273,27.907,14.631
11/17/2024 10:00:00 AM,695.999,25.78,1.625,251.684,79.387,576.868,-999,NA,NA,NA,NA,19.844,NA,0.319,19.089,10.641
11/17/2024 11:00:00 AM,695.664,25.81,3.543,321.325,77.437,758.011,-999,NA,NA,NA,NA,29.834,NA,0.262,7.332,3.17
11/17/2024 12:00:00 PM,694.914,26.159,3.502,319.98,76.297,461.486,-999,NA,NA,NA,NA,31.662,NA,-999,6.445,2.643
11/17/2024 01:00:00 PM,694.238,25.807,3.606,317.386,78.759,365.464,-999,NA,NA,NA,NA,29.735,NA,0.262,7.287,3.877
11/17/2024 02:00:00 PM,693.612,25.974,3.632,330.19,76.53,302.888,-999,NA,NA,NA,NA,31.631,NA,-999,7.702,5.61
11/17/2024 03:00:00 PM,693.089,25.772,3.531,350.013,77.777,299.054,-999,NA,NA,NA,NA,28.735,NA,0.507,7.935,5.637
11/17/2024 04:00:00 PM,692.997,25.031,2.593,324.273,80.349,78.122,-999,NA,NA,NA,NA,28.842,NA,0.907,7.51,5.053
11/17/2024 05:00:00 PM,693.26,24.031,2.262,340.868,85.123,9.006,-999,NA,NA,NA,NA,26.439,NA,0.527,6.966,4.526
11/17/2024 06:00:00 PM,693.665,23.48,1.398,347.246,87.994,3.947,-999,NA,NA,NA,NA,21.17,NA,-999,6.532,3.902
11/17/2024 07:00:00 PM,694.11,23.254,1.292,316.21,89.795,0,-999,NA,NA,NA,NA,13.554,NA,0.262,8.037,4.671
11/17/2024 08:00:00 PM,694.814,22.96,1.346,25.075,91.405,0,-999,NA,NA,NA,NA,13.489,NA,0.311,8.582,4.458
11/17/2024 09:00:00 PM,695.357,22.768,1.366,346.782,91.829,0,-999,NA,NA,NA,NA,9.41,NA,0.272,10.421,5.003
11/17/2024 10:00:00 PM,695.681,22.423,1.181,333.592,92.351,0,-999,NA,NA,NA,NA,10.219,NA,0.262,9.113,4.472
11/17/2024 11:00:00 PM,695.778,22.413,0.926,55.493,91.958,0,-999,NA,NA,NA,NA,12.141,NA,0.262,10.034,4.951
11/18/2024 12:00:00 AM,695.414,22.349,0.902,18.227,92.305,0,-999,NA,NA,NA,NA,14.873,NA,0.281,9.772,4.324
11/18/2024 01:00:00 AM,694.996,22.341,0.59,42.551,92.691,0,-999,NA,NA,NA,NA,11.274,NA,0.59,11.265,5.08
11/18/2024 02:00:00 AM,694.455,22.093,0.597,272.622,94.317,0,-999,NA,NA,NA,NA,8.159,NA,0.856,13.225,5.122
11/18/2024 03:00:00 AM,694.032,21.782,0.818,274.591,95.895,0,-999,NA,NA,NA,NA,3.926,NA,1.02,22.824,8.317
11/18/2024 04:00:00 AM,693.732,21.27,0.732,47.401,94.022,0,-999,NA,NA,NA,NA,3.926,NA,-999,21.232,6.529
11/18/2024 05:00:00 AM,693.786,21.224,1.253,26.658,89.413,0,-999,NA,NA,NA,NA,3.926,NA,-999,18.056,5.797
11/18/2024 06:00:00 AM,694.163,20.879,1.057,78.599,85.178,0.145,-999,NA,NA,NA,NA,3.926,NA,1.148,16.022,5.216
11/18/2024 07:00:00 AM,694.603,20.937,1.759,38.888,81.119,29.563,-999,NA,NA,NA,NA,3.926,NA,0.418,14.726,4.649
11/18/2024 08:00:00 AM,695.143,22.761,1.03,335.777,76.511,124.216,-999,NA,NA,NA,NA,-999,NA,1.87,19.247,6.317
11/18/2024 09:00:00 AM,695.653,23.924,1.056,318.609,76.171,152.411,-999,NA,NA,NA,NA,4.295,NA,8.138,15.405,4.992
11/18/2024 10:00:00 AM,695.568,25.829,1.271,310.575,72.499,507.306,-999,NA,NA,NA,NA,8.275,NA,-999,29.929,10.026
11/18/2024 11:00:00 AM,695.151,26.581,2.313,298.828,73.168,590.971,-999,NA,NA,NA,NA,27.013,NA,0.697,16.986,7.572
11/18/2024 12:00:00 PM,694.46,26.862,2.992,313.13,74.208,741.941,-999,NA,NA,NA,NA,31.065,NA,0.262,10.056,5.737
11/18/2024 01:00:00 PM,693.877,26.687,3.282,321.855,75.039,325.685,-999,NA,NA,NA,NA,31.691,NA,-999,10.068,5.69
11/18/2024 02:00:00 PM,693.114,26.665,4.146,307.102,76.005,579.097,-999,NA,NA,NA,NA,33.206,NA,0.262,9.192,5.451
11/18/2024 03:00:00 PM,692.337,26.968,3.79,313.707,73.474,551.387,-999,NA,NA,NA,NA,36.587,NA,0.262,7.61,4.812
11/18/2024 04:00:00 PM,691.873,26.951,3.366,320.781,72.989,162.625,-999,NA,NA,NA,NA,39.12,NA,0.262,9.577,5.037
11/18/2024 05:00:00 PM,691.906,26.65,2.639,312.445,74.456,108.653,-999,NA,NA,NA,NA,33.068,NA,0.262,9.661,4.707
11/18/2024 06:00:00 PM,692.308,25.478,2.074,327.361,77.895,20.493,-999,NA,NA,NA,NA,30.769,NA,0.262,8.152,4.455
11/18/2024 07:00:00 PM,692.885,24.486,1.306,298.342,83.12,0,-999,NA,NA,NA,NA,28.521,NA,0.262,10.59,5.092
11/18/2024 08:00:00 PM,693.57,24.288,0.989,301.252,83.214,0,-999,NA,NA,NA,NA,25.132,NA,0.262,10.401,5.306
11/18/2024 09:00:00 PM,694.231,23.64,1.553,353.071,86.207,0,-999,NA,NA,NA,NA,8.864,NA,0.262,19.496,8.149
11/18/2024 10:00:00 PM,694.556,22.962,1.06,333.721,85.15,0,-999,NA,NA,NA,NA,20.111,NA,0.262,14.572,6.457
11/18/2024 11:00:00 PM,694.822,22.752,0.974,24.249,86.891,0,-999,NA,NA,NA,NA,7.775,NA,0.262,21.028,7.364
11/19/2024 12:00:00 AM,694.797,22.337,0.949,14.865,88.783,0,-999,NA,NA,NA,NA,6.74,NA,0.262,19.696,7.29
11/19/2024 01:00:00 AM,694.681,22.04,1.121,94.912,91.181,0,-999,NA,NA,NA,NA,6.86,NA,0.988,18.059,6.935
11/19/2024 02:00:00 AM,694.232,21.717,1.119,86.336,91.017,0,-999,NA,NA,NA,NA,9.184,NA,0.748,16.759,5.608
11/19/2024 03:00:00 AM,693.908,21.767,1.222,87.622,89.286,0,-999,NA,NA,NA,NA,8.869,NA,0.518,14.631,5.106
11/19/2024 04:00:00 AM,693.751,21.531,0.986,94.168,90.88,0,-999,NA,NA,NA,NA,6.281,NA,1.778,20.426,6.986
11/19/2024 05:00:00 AM,693.933,21.051,0.746,77.118,93.748,0,-999,NA,NA,NA,NA,5.528,NA,3.35,21.412,8.127
11/19/2024 06:00:00 AM,694.426,20.894,1.08,293.571,94.272,1.369,-999,NA,NA,NA,NA,4.521,NA,-999,23.719,9.126
11/19/2024 07:00:00 AM,695.166,21.46,1.296,101.899,88.798,41.872,-999,NA,NA,NA,NA,3.926,NA,0.703,19.918,6.748
11/19/2024 08:00:00 AM,695.713,22.813,1.068,50.11,84.044,120.011,-999,NA,NA,NA,NA,6.865,NA,1.603,29.065,9.024
11/19/2024 09:00:00 AM,696.164,24.135,0.989,275.867,82.173,165.074,-999,NA,NA,NA,NA,7.912,NA,1.375,39.138,12.184
11/19/2024 10:00:00 AM,696.221,24.941,1.987,333.644,78.514,434.758,-999,NA,NA,NA,NA,17.359,NA,0.332,27.176,9.669
11/19/2024 11:00:00 AM,695.827,26.115,3.704,323.447,74.363,548.518,-999,NA,NA,NA,NA,39.744,NA,0.262,14.374,6.995
11/19/2024 12:00:00 PM,695.248,26.768,3.538,314.178,74.226,629.67,-999,NA,NA,NA,NA,39.317,NA,0.264,11.06,5.79
11/19/2024 01:00:00 PM,694.442,27.2,3.777,318.415,73.292,741.255,-999,NA,NA,NA,NA,36.524,NA,0.262,10.122,5.249
11/19/2024 02:00:00 PM,693.75,26.805,3.253,316.494,74.965,282.476,-999,NA,NA,NA,NA,36.317,NA,0.262,9.874,5.282
11/19/2024 03:00:00 PM,693.072,26.342,3.339,323.298,76.695,255.457,-999,NA,NA,NA,NA,31.05,NA,-999,10.498,6.006
11/19/2024 04:00:00 PM,692.566,26.057,2.781,321.657,77.744,127.616,-999,NA,NA,NA,NA,31.989,NA,0.374,10.42,5.645
11/19/2024 05:00:00 PM,692.699,26.188,2.093,302.385,77.675,88.321,-999,NA,NA,NA,NA,32.715,NA,-999,11.341,5.931
11/19/2024 06:00:00 PM,692.907,25.457,1.692,314.904,81.873,16.513,-999,NA,NA,NA,NA,28.429,NA,0.262,10.788,5.94
11/19/2024 07:00:00 PM,693.37,24.625,0.638,308.68,85.719,0,-999,NA,NA,NA,NA,21.013,NA,0.262,14.502,8.106
11/19/2024 08:00:00 PM,694.056,24.475,1.03,17.24,86.796,0,-999,NA,NA,NA,NA,13.071,NA,0.262,17.656,8.373
11/19/2024 09:00:00 PM,694.64,24.027,1.313,327.239,85.656,0,-999,NA,NA,NA,NA,28.729,NA,-999,20.811,8.887
11/19/2024 10:00:00 PM,695.453,23.315,1.635,94.677,81.722,0,-999,NA,NA,NA,NA,18.484,NA,-999,17.956,5.868
11/19/2024 11:00:00 PM,695.626,22.816,1.764,96.602,81.881,0,-999,NA,NA,NA,NA,16.975,NA,0.454,18.472,5.73
11/20/2024 12:00:00 AM,695.127,22.503,1.597,104.486,83.133,0,-999,NA,NA,NA,NA,16.062,NA,0.933,16.019,5.217
11/20/2024 01:00:00 AM,695.166,22.24,1.644,101.822,84.523,0,-999,NA,NA,NA,NA,12.496,NA,-999,14.243,4.983
11/20/2024 02:00:00 AM,694.708,22.272,1.351,87.763,83.601,0,-999,NA,NA,NA,NA,12.965,NA,2.192,13.634,4.911
11/20/2024 03:00:00 AM,694.62,22.164,1.08,73.665,83.871,0,-999,NA,NA,NA,NA,12.01,NA,3.256,14.096,5.007
11/20/2024 04:00:00 AM,694.477,21.836,1.128,87.518,87.931,0,-999,NA,NA,NA,NA,7.532,NA,1.968,16.942,5.989
11/20/2024 05:00:00 AM,694.899,21.216,1.321,29.575,86.97,0,-999,NA,NA,NA,NA,6.484,NA,2.019,16.495,5.373
11/20/2024 06:00:00 AM,695.532,21.294,1.171,98.469,84.919,0.112,-999,NA,NA,NA,NA,5.073,NA,2.299,15.686,5.628
11/20/2024 07:00:00 AM,696.091,21.584,1.095,100.811,85.997,29.724,-999,NA,NA,NA,NA,5.399,NA,2.352,18.889,6.42
11/20/2024 08:00:00 AM,696.93,22.965,1.1,56.045,81.909,146.836,-999,NA,NA,NA,NA,11.43,NA,-999,24.033,6.946
11/20/2024 09:00:00 AM,697.242,24.086,1.432,349.416,81.156,231.5,-999,NA,NA,NA,NA,26.496,NA,2.58,12.27,4.681
11/20/2024 10:00:00 AM,697.104,25.486,1.413,357.773,75.832,589.028,-999,NA,NA,NA,NA,33.436,NA,2.07,7.224,3.527
11/20/2024 11:00:00 AM,696.558,28.214,1.568,77.649,64.615,779.568,-999,NA,NA,NA,NA,39.211,NA,2.221,7.689,3.626
11/20/2024 12:00:00 PM,695.983,27.84,2.699,308.944,67.389,1024.919,-999,NA,NA,NA,NA,46.14,NA,3.017,5.94,3.147
11/20/2024 01:00:00 PM,695.265,27.578,3.835,282.226,70.941,621.971,-999,NA,NA,NA,NA,44.637,NA,1.886,8.038,3.302
11/20/2024 02:00:00 PM,694.442,27.852,3.312,303.52,68.726,650.518,-999,NA,NA,NA,NA,42.529,NA,1.268,6.139,2.551
11/20/2024 03:00:00 PM,693.649,27.53,3.668,312.472,69.388,576.005,-999,NA,NA,NA,NA,45.18,NA,1.643,5.272,2.356
11/20/2024 04:00:00 PM,693.199,27.274,3.789,318.566,72.22,173.613,-999,NA,NA,NA,NA,50.799,NA,1.399,6.922,2.85
11/20/2024 05:00:00 PM,693.308,26.203,3.733,310.64,77.016,120.656,-999,NA,NA,NA,NA,49.085,NA,1.512,7.259,3.155
11/20/2024 06:00:00 PM,693.522,24.483,2.107,314.472,83.877,16.401,-999,NA,NA,NA,NA,42.774,NA,1.38,6.502,2.862
11/20/2024 07:00:00 PM,694.314,24.017,1.46,310.884,86.156,0,-999,NA,NA,NA,NA,36.156,NA,1.515,8.527,3.958
11/20/2024 08:00:00 PM,695.194,23.61,1.45,33.954,88.317,0,-999,NA,NA,NA,NA,21.891,NA,-999,12.05,5.496
11/20/2024 09:00:00 PM,695.788,23.011,1.583,297.532,90.379,0,-999,NA,NA,NA,NA,23.718,NA,1.846,12.535,5.156
11/20/2024 10:00:00 PM,696.129,22.52,1.888,306.627,90.006,0,-999,NA,NA,NA,NA,17.343,NA,-999,12.68,5.27
11/20/2024 11:00:00 PM,696.133,21.855,2.377,45.084,88.849,0,-999,NA,NA,NA,NA,30.192,NA,3.018,9.643,3.962
11/21/2024 12:00:00 AM,696.285,20.842,1.959,38.224,94.595,0,-999,NA,NA,NA,NA,21.636,NA,4.151,15.159,5.6
11/21/2024 01:00:00 AM,695.807,20.146,2.11,101.637,96.661,0,-999,NA,NA,NA,NA,25.128,NA,2.697,10.366,4.342
11/21/2024 02:00:00 AM,695.078,20.269,0.59,242.804,97.584,0,-999,NA,NA,NA,NA,14.748,NA,2.044,18.591,7.005
11/21/2024 03:00:00 AM,694.878,20.388,0.655,319.002,97.831,0,-999,NA,NA,NA,NA,7.537,NA,-999,17.848,7.941
11/21/2024 04:00:00 AM,694.827,20.422,0.69,134.641,97.998,0,-999,NA,NA,NA,NA,6.95,NA,3.626,21.717,9.543
11/21/2024 05:00:00 AM,695.231,20.173,0.803,64.952,98.084,0,-999,NA,NA,NA,NA,8.383,NA,2.207,19.379,6.241
11/21/2024 06:00:00 AM,695.756,20.51,0.568,69.931,98.192,0,-999,NA,NA,NA,NA,4.515,NA,-999,23.92,8.632
11/21/2024 07:00:00 AM,696.297,20.705,0.701,282.449,98.157,21.234,-999,NA,NA,NA,NA,4.927,NA,5.297,32.942,12.6
11/21/2024 08:00:00 AM,696.835,21.095,0.6,247.087,97.859,61.788,-999,NA,NA,NA,NA,7.39,NA,2.149,33.203,15.139
11/21/2024 09:00:00 AM,696.956,23.029,1.205,36.989,91.654,292.352,-999,NA,NA,NA,NA,11.549,NA,-999,34.079,13.939
11/21/2024 10:00:00 AM,696.399,25.572,1.848,148.244,77.467,667.161,-999,NA,NA,NA,NA,26.148,NA,0.262,29.545,9.069
11/21/2024 11:00:00 AM,695.632,26.28,2.284,232.554,73.977,647.553,-999,NA,NA,NA,NA,43.962,NA,0.262,8.637,3.619
11/21/2024 12:00:00 PM,694.824,28.507,2.016,233.41,64.97,905.21,-999,NA,NA,NA,NA,55.038,NA,0.262,9.451,3.765
11/21/2024 01:00:00 PM,694.568,26.411,3.102,300.821,76.226,502.006,-999,NA,NA,NA,NA,40.371,NA,-999,9.202,3.157
11/21/2024 02:00:00 PM,694.142,25.31,3.781,329.358,79.992,221.43,-999,NA,NA,NA,NA,40.57,NA,0.262,7.013,3.85
11/21/2024 03:00:00 PM,693.511,25.54,3.653,316.666,78.499,259.13,-999,NA,NA,NA,NA,42.438,NA,0.306,8.006,4.86
11/21/2024 04:00:00 PM,693.341,24.571,3.155,332.983,82.637,76.946,-999,NA,NA,NA,NA,35.271,NA,0.42,8.031,5.056
11/21/2024 05:00:00 PM,693.43,23.273,2.457,330.466,87.878,23.618,-999,NA,NA,NA,NA,24.277,NA,-999,10.072,4.792
11/21/2024 06:00:00 PM,693.569,22.888,1.237,347.582,90.705,9.304,-999,NA,NA,NA,NA,21.6,NA,0.558,8.824,4.628
11/21/2024 07:00:00 PM,694.098,22.731,1.179,12.559,91.092,0,-999,NA,NA,NA,NA,16.441,NA,0.331,13.026,6.196
11/21/2024 08:00:00 PM,-999,-999,-999,-999,-999,-999,-999,NA,NA,NA,NA,-999,NA,-999,-999,-999
11/21/2024 09:00:00 PM,-999,-999,-999,-999,-999,-999,-999,NA,NA,NA,NA,-999,NA,-999,-999,-999
11/21/2024 10:00:00 PM,-999,-999,-999,-999,-999,-999,-999,NA,NA,NA,NA,-999,NA,-999,-999,-999
11/21/2024 11:00:00 PM,695.872,22.503,1.296,283.287,90.214,0,-999,NA,NA,NA,NA,6.092,NA,1.166,20.827,7.078
11/22/2024 12:00:00 AM,695.876,22.05,1.301,14.78,91.549,0,-999,NA,NA,NA,NA,9.776,NA,0.776,18.659,6.289
11/22/2024 01:00:00 AM,695.515,21.864,0.84,344.481,91.326,0,-999,NA,NA,NA,NA,12.272,NA,1.35,17.224,5.057
11/22/2024 02:00:00 AM,694.894,21.615,0.975,359.398,90.893,0,-999,NA,NA,NA,NA,9.514,NA,0.709,19.016,4.856
11/22/2024 03:00:00 AM,694.76,21.154,0.634,335.718,92.25,0,-999,NA,NA,NA,NA,6.604,NA,-999,21.871,5.378
11/22/2024 04:00:00 AM,694.682,21.014,0.661,25.903,92.186,0,-999,NA,NA,NA,NA,6.444,NA,0.647,25.75,6.318
11/22/2024 05:00:00 AM,694.845,20.965,0.568,290.996,93.467,0,-999,NA,NA,NA,NA,5.533,NA,0.769,25.332,6.829
11/22/2024 06:00:00 AM,695.281,20.858,0.814,294.519,94.665,0,-999,NA,NA,NA,NA,4.985,NA,1.612,30.539,8.605
11/22/2024 07:00:00 AM,695.774,21.024,0.683,310.342,94.377,18.028,-999,NA,NA,NA,NA,6.556,NA,1.381,33.805,10.509
11/22/2024 08:00:00 AM,696.505,21.768,1.019,69.454,91.52,75.754,-999,NA,NA,NA,NA,5.518,NA,-999,31.768,9.524
11/22/2024 09:00:00 AM,696.725,23.67,0.936,46.444,83.935,241.698,-999,NA,NA,NA,NA,12.83,NA,0.262,21.384,6.6
11/22/2024 10:00:00 AM,696.541,27.127,1.057,283.036,71.038,741.433,-999,NA,NA,NA,NA,26.936,NA,0.475,14.267,6.175
11/22/2024 11:00:00 AM,696.322,27.46,2.118,300.971,69.869,744.784,-999,NA,NA,NA,NA,41.702,NA,0.262,14.208,6.597
11/22/2024 12:00:00 PM,695.567,27.251,4.03,313.49,71.384,683.724,-999,NA,NA,NA,NA,46.88,NA,-999,7.913,4.037
11/22/2024 01:00:00 PM,694.831,26.85,3.102,334.338,74.199,573.701,-999,NA,NA,NA,NA,40.355,NA,0.262,7.817,3.965
11/22/2024 02:00:00 PM,693.961,27.303,3.297,310.295,71.429,413.33,-999,NA,NA,NA,NA,41.474,NA,0.262,6.796,3.466
11/22/2024 03:00:00 PM,693.337,27.366,4.196,308.967,70.822,471.714,-999,NA,NA,NA,NA,44.353,NA,0.262,8.059,5.387
11/22/2024 04:00:00 PM,693.418,24.562,2.915,333.779,84.274,147.771,-999,NA,NA,NA,NA,36.085,NA,-999,7.095,3.592
11/22/2024 05:00:00 PM,693.807,23.732,2.006,326.531,87.163,45.997,-999,NA,NA,NA,NA,34.475,NA,0.262,9.529,3.378
11/22/2024 06:00:00 PM,694.223,23.129,1.167,345.231,90.307,0.724,-999,NA,NA,NA,NA,22.592,NA,0.262,10.653,4.057
11/22/2024 07:00:00 PM,694.972,22.77,1.1,27.353,91.653,0,-999,NA,NA,NA,NA,13.902,NA,0.262,13.69,6.152
11/22/2024 08:00:00 PM,695.624,22.285,1.217,1.423,93.294,0,-999,NA,NA,NA,NA,10.549,NA,-999,14.304,5.823
11/22/2024 09:00:00 PM,696.073,22.061,1.077,46.891,93.444,0,-999,NA,NA,NA,NA,8.262,NA,0.262,16.242,6.574
11/22/2024 10:00:00 PM,696.396,21.913,1.045,323.265,94.351,0,-999,NA,NA,NA,NA,7.314,NA,0.408,18.72,7.364
11/22/2024 11:00:00 PM,696.469,21.753,1.18,5.007,94.033,0,-999,NA,NA,NA,NA,8.855,NA,0.352,20.177,6.771
11/23/2024 12:00:00 AM,696.318,21.619,0.836,57.906,92.333,0,-999,NA,NA,NA,NA,11.642,NA,0.529,16.863,5.407
11/23/2024 01:00:00 AM,695.971,21.353,0.885,319.421,94.556,0,-999,NA,NA,NA,NA,6.682,NA,1.893,23.81,6.854
11/23/2024 02:00:00 AM,695.428,20.981,0.898,64.626,95.153,0,-999,NA,NA,NA,NA,6.718,NA,2.218,27.037,6.4
11/23/2024 03:00:00 AM,695.163,20.795,0.777,21.816,95.835,0,-999,NA,NA,NA,NA,5.589,NA,-999,28.073,7.46
11/23/2024 04:00:00 AM,694.879,20.515,0.666,94.498,95.726,0,-999,NA,NA,NA,NA,4.271,NA,2.752,26.901,7.458
11/23/2024 05:00:00 AM,695.263,20.161,0.892,350.638,97.221,0,-999,NA,NA,NA,NA,3.926,NA,-999,30.77,9.241
11/23/2024 06:00:00 AM,695.578,20.211,0.632,12.494,97.461,0.048,-999,NA,NA,NA,NA,3.926,NA,2.907,31.715,9.522
11/23/2024 07:00:00 AM,695.923,20.451,0.817,260.858,97.051,22.031,-999,NA,NA,NA,NA,3.926,NA,4.675,37.393,12.495
11/23/2024 08:00:00 AM,696.4,21.591,0.832,340.69,94.218,53.504,-999,NA,NA,NA,NA,4.821,NA,4.533,41.264,15.55
11/23/2024 09:00:00 AM,696.881,24.243,1.172,267.614,84.692,286.407,-999,NA,NA,NA,NA,12.547,NA,-999,35.363,18.942
11/23/2024 10:00:00 AM,696.921,25.714,1.577,342.33,76.444,408.126,-999,NA,NA,NA,NA,33.609,NA,0.703,30.043,17.393
11/23/2024 11:00:00 AM,696.494,26.484,3.539,325.071,71.882,636.759,-999,NA,NA,NA,NA,51.132,NA,0.651,11.007,5.771
11/23/2024 12:00:00 PM,695.843,26.302,3.942,323.878,72.892,632.972,-999,NA,NA,NA,NA,42.745,NA,0.937,7.577,3.134
11/23/2024 01:00:00 PM,695.032,27.088,3.345,315.864,69.248,900.778,-999,NA,NA,NA,NA,43.864,NA,1.434,5.999,2.529
11/23/2024 02:00:00 PM,694.277,27.422,3.958,319.5,69.256,531.489,-999,NA,NA,NA,NA,43.629,NA,-999,6.833,3.238
11/23/2024 03:00:00 PM,693.795,26.357,2.423,326.05,77.3,170.697,-999,NA,NA,NA,NA,38.625,NA,1.33,7.021,3.267
11/23/2024 04:00:00 PM,693.655,25.051,1.242,302.947,84.989,117.772,-999,NA,NA,NA,NA,30.58,NA,0.742,8.398,3.704
11/23/2024 05:00:00 PM,693.733,24.808,1.374,62.868,87.055,70.518,-999,NA,NA,NA,NA,24.76,NA,0.461,12.629,5.266
11/23/2024 06:00:00 PM,694.208,24.044,1.215,295.243,87.351,5.413,-999,NA,NA,NA,NA,24.848,NA,0.415,9.56,4.379
11/23/2024 07:00:00 PM,694.734,23.442,0.775,302.893,89.644,0,-999,NA,NA,NA,NA,19.672,NA,0.685,12.377,5.179
11/23/2024 08:00:00 PM,695.206,23.091,0.735,35.761,91.404,0,-999,NA,NA,NA,NA,10.584,NA,-999,13.825,7.051
11/23/2024 09:00:00 PM,695.89,22.565,1.054,41.329,93.231,0,-999,NA,NA,NA,NA,9.801,NA,1.016,22.7,10.236
11/23/2024 10:00:00 PM,696.272,22.307,0.9,75.422,92.409,0,-999,NA,NA,NA,NA,7.017,NA,1.189,23.389,8.764
11/23/2024 11:00:00 PM,696.379,22.159,1.241,62.954,93.365,0,-999,NA,NA,NA,NA,6.479,NA,0.977,24.652,10.243
11/24/2024 12:00:00 AM,695.936,22.23,0.829,84.998,92.352,0,-999,NA,NA,NA,NA,5.983,NA,1.443,26.486,10.488
11/24/2024 01:00:00 AM,695.441,22.037,1.03,79.385,92.909,0,-999,NA,NA,NA,NA,6,NA,0.412,30.006,9.674
11/24/2024 02:00:00 AM,695.016,21.559,0.753,85.302,93.874,0,-999,NA,NA,NA,NA,5.147,NA,0.664,30.233,8.159
11/24/2024 03:00:00 AM,694.896,21.596,1.034,111.102,93.042,0,-999,NA,NA,NA,NA,4.5,NA,-999,28.841,8.431
11/24/2024 04:00:00 AM,694.861,21.49,0.815,286.726,92.534,0,-999,NA,NA,NA,NA,5.259,NA,1.189,28.872,8.453
11/24/2024 05:00:00 AM,695.121,21.439,0.924,269.26,92.726,0,-999,NA,NA,NA,NA,4.507,NA,1.344,30.07,8.595
11/24/2024 06:00:00 AM,695.546,21.38,0.952,152.951,93.257,0,-999,NA,NA,NA,NA,12.017,NA,-999,15.621,5.796
11/24/2024 07:00:00 AM,696.159,21.12,0.699,337.983,95.278,32.496,-999,NA,NA,NA,NA,5.339,NA,-999,21.395,7.224
11/24/2024 08:00:00 AM,696.703,21.764,0.973,72.251,94.76,92.493,-999,NA,NA,NA,NA,10.011,NA,2.632,16.98,7.464
11/24/2024 09:00:00 AM,696.514,24.194,1.375,153.177,85.306,402.503,-999,NA,NA,NA,NA,17.29,NA,-999,23.864,11.072
11/24/2024 10:00:00 AM,696.167,25.479,1.989,238.386,81.61,802.97,-999,NA,NA,NA,NA,35.932,NA,-999,16.93,8.839
11/24/2024 11:00:00 AM,695.63,27.362,2.275,250.166,72.2,729.396,-999,NA,NA,NA,NA,46.087,NA,0.262,10.898,5.311
11/24/2024 12:00:00 PM,694.838,28.768,2.69,255.18,66.52,908.453,-999,NA,NA,NA,NA,56.171,NA,-999,10.327,4.876
11/24/2024 01:00:00 PM,694.252,26.769,4.218,320.925,77.587,506.533,-999,NA,NA,NA,NA,46.014,NA,0.262,10.37,5.875
11/24/2024 02:00:00 PM,693.976,25.3,3.661,340.221,81.234,224.089,-999,NA,NA,NA,NA,44.451,NA,0.341,9.749,6.179
11/24/2024 03:00:00 PM,693.683,24.77,2.919,342.441,81.964,61.598,-999,NA,NA,NA,NA,38.442,NA,0.262,12.822,9.258
11/24/2024 04:00:00 PM,693.355,24.627,1.355,0.263,82.894,49.235,-999,NA,NA,NA,NA,32.584,NA,-999,10.518,6.182
11/24/2024 05:00:00 PM,693.442,24.758,1.231,299.812,83.336,33.946,-999,NA,NA,NA,NA,33.064,NA,0.366,9.511,4.979
11/24/2024 06:00:00 PM,693.551,24.155,1.152,43.87,85.565,10.439,-999,NA,NA,NA,NA,23.844,NA,0.348,13.282,6.533
11/24/2024 07:00:00 PM,693.889,23.929,1.137,9.618,85.68,0,-999,NA,NA,NA,NA,16.611,NA,-999,15.875,6.413
11/24/2024 08:00:00 PM,694.604,23.679,0.987,42.3,86.752,0,-999,NA,NA,NA,NA,12.726,NA,0.592,17.771,7.616
11/24/2024 09:00:00 PM,695.328,23.307,1.135,69.975,85.906,0,-999,NA,NA,NA,NA,13.447,NA,-999,17.598,5.823
11/24/2024 10:00:00 PM,695.79,23.012,1.411,90.07,86.334,0,-999,NA,NA,NA,NA,14.237,NA,0.434,17.113,5.437
11/24/2024 11:00:00 PM,696.001,22.927,1.038,97.539,84.853,0,-999,NA,NA,NA,NA,10.58,NA,0.821,16.666,5.689
11/25/2024 12:00:00 AM,695.414,22.708,1.248,101.296,83.796,0,0,NA,NA,NA,NA,12.476,NA,1.709,16.014,5.291
11/25/2024 01:00:00 AM,694.996,21.867,0.61,117.3,88.729,0,0,NA,NA,NA,NA,5.409,NA,2.464,22.541,7.262
11/25/2024 02:00:00 AM,694.455,21.17,0.78,50.357,90.279,0,0,NA,NA,NA,NA,4.365,NA,0.818,21.463,6.663
11/25/2024 03:00:00 AM,694.032,21.031,0.626,25.284,91.867,0,0,NA,NA,NA,NA,3.981,NA,-999,25.071,8.566
11/25/2024 04:00:00 AM,693.732,20.79,1.072,45.724,90.2,0,0,NA,NA,NA,NA,4.457,NA,0.286,21.218,5.993
11/25/2024 05:00:00 AM,693.786,20.626,0.561,77.78,88.338,0,0,NA,NA,NA,NA,4.023,NA,0.262,18.823,5.241
11/25/2024 06:00:00 AM,694.163,19.898,0.62,323.378,92.983,0.096,0,NA,NA,NA,NA,3.926,NA,-999,23.968,7.419
11/25/2024 07:00:00 AM,694.603,20.066,0.841,341.608,92.076,24.486,0,NA,NA,NA,NA,3.926,NA,-999,30.094,9.258
11/25/2024 08:00:00 AM,695.143,22.41,0.802,59.825,83.044,112.536,0,NA,NA,NA,NA,4.281,NA,0.75,24.319,7.936
11/25/2024 09:00:00 AM,695.653,26.063,1.018,357.885,72.816,419.162,0,NA,NA,NA,NA,12.408,NA,2.472,26.89,10.356
11/25/2024 10:00:00 AM,695.568,26.345,1.856,265.25,75.768,811.226,0,NA,NA,NA,NA,38.016,NA,2.041,29.722,13.747
11/25/2024 11:00:00 AM,695.151,28.797,1.652,248.934,62.782,627.109,0,NA,NA,NA,NA,52.737,NA,0.262,19.274,8.015
11/25/2024 12:00:00 PM,694.46,28.48,2.739,344.045,64.74,572.814,0,NA,NA,NA,NA,66.842,NA,0.262,13.175,6.493
11/25/2024 01:00:00 PM,693.877,28.169,2.763,298.634,69.279,286.31,0,NA,NA,NA,NA,56.789,NA,0.262,9.857,4.845
11/25/2024 02:00:00 PM,693.114,27.703,2.843,343.273,72.689,296.17,0,NA,NA,NA,NA,46.602,NA,-999,10.125,4.991
11/25/2024 03:00:00 PM,692.337,28.204,3.802,324.6,70.176,380.151,0,NA,NA,NA,NA,45.95,NA,0.262,9.603,4.738
11/25/2024 04:00:00 PM,691.873,28.786,3.02,319.747,68.531,152.765,0,NA,NA,NA,NA,46.425,NA,0.262,12.048,6.791
11/25/2024 05:00:00 PM,691.906,28.006,2.543,273.778,71.38,85.034,0,NA,NA,NA,NA,45.387,NA,0.262,9.539,4.594
11/25/2024 06:00:00 PM,692.308,26.327,2.641,312.868,80.459,24.231,0,NA,NA,NA,NA,44.93,NA,-999,11.008,5.475
11/25/2024 07:00:00 PM,692.885,25.538,1.626,299.122,85.311,0,0,NA,NA,NA,NA,38.752,NA,0.262,10.327,5.321
11/25/2024 08:00:00 PM,693.57,25.228,0.992,305.942,86.549,0,0,NA,NA,NA,NA,23.664,NA,0.262,13.715,7.116
11/25/2024 09:00:00 PM,694.231,24.809,0.628,48.481,88.345,0,0,NA,NA,NA,NA,13.813,NA,-999,17.881,8.848
11/25/2024 10:00:00 PM,694.556,24.319,0.994,33.52,89.025,0,0,NA,NA,NA,NA,48.114,NA,0.262,21.201,8.536
11/25/2024 11:00:00 PM,694.822,23.884,1.145,60.745,87.106,0,0,NA,NA,NA,NA,20.135,NA,0.262,16.437,6.511
11/26/2024 12:00:00 AM,694.797,23.633,1.196,100.808,86.65,0,0,NA,NA,NA,NA,22.09,NA,0.262,15.057,6.279
11/26/2024 01:00:00 AM,694.681,23.358,1.115,103.086,86.331,0,0,NA,NA,NA,NA,20.107,NA,0.262,15.048,6.05
11/26/2024 02:00:00 AM,694.232,23.143,1.248,77.237,84.713,0,0,NA,NA,NA,NA,18.177,NA,0.431,15.312,5.587
11/26/2024 03:00:00 AM,693.908,22.767,1.125,98.092,83.689,0,0,NA,NA,NA,NA,15.678,NA,0.839,14.398,5.271
11/26/2024 04:00:00 AM,693.751,22.357,1.543,102.412,84.693,0,0,NA,NA,NA,NA,15.232,NA,-999,13.88,5.393
11/26/2024 05:00:00 AM,693.933,22.052,1.449,35.664,83.243,0,0,NA,NA,NA,NA,11.21,NA,1.752,13.968,4.995
11/26/2024 06:00:00 AM,694.426,21.958,1.312,73.887,80.945,0.145,0,NA,NA,NA,NA,9.795,NA,-999,14.931,5.178
11/26/2024 07:00:00 AM,695.166,22.265,0.868,105.598,80.068,18.06,0,NA,NA,NA,NA,9.673,NA,2.606,17.194,6.02
11/26/2024 08:00:00 AM,695.713,24.038,1.073,23.253,73.38,114.662,0,NA,NA,NA,NA,12.508,NA,-999,22.954,6.337
11/26/2024 09:00:00 AM,696.164,27.413,0.97,19.124,65.167,404.195,0,NA,NA,NA,NA,9.441,NA,-999,22.498,6.974
11/26/2024 10:00:00 AM,696.221,29.297,1.132,323.424,65.122,705.28,0,NA,NA,NA,NA,30.012,NA,-999,25.372,11.013
11/26/2024 11:00:00 AM,695.827,30.084,2.194,312.803,61.244,720.585,0,NA,NA,NA,NA,48.555,NA,-999,15.546,8.314
11/26/2024 12:00:00 PM,695.248,28.947,3.57,325.398,69.376,864.567,0,NA,NA,NA,NA,49.17,NA,-999,14.864,7.889
11/26/2024 01:00:00 PM,694.442,29.017,3.809,309.329,69.229,734.103,0,NA,NA,NA,NA,-999,NA,3.838,13.618,7.531
11/26/2024 02:00:00 PM,693.75,29.158,3.757,308.29,69.179,632.135,0,NA,NA,NA,NA,-999,NA,-999,11.641,6.392
11/26/2024 03:00:00 PM,693.072,28.757,3.79,316.945,70.068,396.059,0,NA,NA,NA,NA,34.942,NA,2.882,9.931,6.037
11/26/2024 04:00:00 PM,692.566,27.646,2.892,311.459,74.535,97.456,0,NA,NA,NA,NA,38.705,NA,-999,12.523,6.918
11/26/2024 05:00:00 PM,692.699,27.266,2.433,304.837,78.428,84.808,0,NA,NA,NA,NA,37.638,NA,-999,14.352,8.221
11/26/2024 06:00:00 PM,692.907,26.124,2.09,305.341,83.243,15.257,0,NA,NA,NA,NA,32.313,NA,3.089,15.637,9.086
11/26/2024 07:00:00 PM,693.37,25.109,1.706,345.605,86.829,0,0,NA,NA,NA,NA,19.578,NA,3.493,15.316,9.283
11/26/2024 08:00:00 PM,694.056,24.707,1.174,65.501,86.388,0,0,NA,NA,NA,NA,16.482,NA,3.916,17.421,9.676
11/26/2024 09:00:00 PM,694.64,24.597,0.711,15.829,86.756,0,0,NA,NA,NA,NA,15.878,NA,4.046,14.865,8.669
11/26/2024 10:00:00 PM,695.453,24.447,1.075,22.77,88.485,0,0,NA,NA,NA,NA,10.375,NA,4.229,19.619,10.758
11/26/2024 11:00:00 PM,695.626,23.89,1.129,5.261,90.499,0,0,NA,NA,NA,NA,18.227,NA,4.434,15.937,9.481
11/27/2024 12:00:00 AM,695.127,23.507,0.693,311.825,91.02,0,0,NA,NA,NA,NA,38.195,NA,4.292,16.38,9.238
11/27/2024 01:00:00 AM,695.166,23.463,1.035,338.49,91.673,0,1.8,NA,NA,NA,NA,35.282,NA,1.815,18.059,9.186
11/27/2024 02:00:00 AM,694.708,22.633,1.051,282.049,95.664,0,1.8,NA,NA,NA,NA,36.734,NA,0.407,17.203,8.289
11/27/2024 03:00:00 AM,694.62,21.792,1.233,291.669,92.472,0,0.2,NA,NA,NA,NA,37.625,NA,-999,10.213,3.687
11/27/2024 04:00:00 AM,694.477,21.276,0.951,347.709,92.786,0,0,NA,NA,NA,NA,28.171,NA,0.491,12.241,3.09
11/27/2024 05:00:00 AM,694.899,21.313,1.164,65.481,92.034,0,0,NA,NA,NA,NA,22.165,NA,0.804,14.465,3.436
11/27/2024 06:00:00 AM,695.532,21.27,0.879,50.727,92.335,3.528,0,NA,NA,NA,NA,13.546,NA,-999,17.814,4.747
11/27/2024 07:00:00 AM,696.091,21.113,0.91,23.932,94.076,25.745,0,NA,NA,NA,NA,13.735,NA,3.005,26.738,9.374
11/27/2024 08:00:00 AM,696.93,22.012,0.874,345.493,92.577,110.248,0,NA,NA,NA,NA,15.773,NA,2.784,29.889,10.62
11/27/2024 09:00:00 AM,697.242,24.348,0.716,278.946,82.275,223.735,0,NA,NA,NA,NA,23.502,NA,-999,20.27,7.137
11/27/2024 10:00:00 AM,697.104,24.848,1.158,359.304,80.562,350.064,0,NA,NA,NA,NA,24.546,NA,0.276,29.1,11.215
11/27/2024 11:00:00 AM,696.558,26.551,1.015,26.453,72.751,424.962,0,NA,NA,NA,NA,36.336,NA,0.262,17.343,6.522
11/27/2024 12:00:00 PM,695.983,27.1,2.74,321.144,66.307,935.362,0,NA,NA,NA,NA,48.038,NA,0.412,7.225,2.698
11/27/2024 01:00:00 PM,695.265,27.227,2.768,309.118,66.671,642.287,0,NA,NA,NA,NA,55.176,NA,1.133,5.522,2.144
11/27/2024 02:00:00 PM,694.442,27.049,3.378,309.848,66.835,466.094,0,NA,NA,NA,NA,52.514,NA,1.381,6.282,2.239
11/27/2024 03:00:00 PM,693.649,26.675,3.164,307.58,67.817,299.956,0,NA,NA,NA,NA,59.312,NA,1.006,9.303,5.003
11/27/2024 04:00:00 PM,693.199,26.261,2.513,324.66,68.065,120.076,0,NA,NA,NA,NA,55.177,NA,1.224,13.829,9.57
11/27/2024 05:00:00 PM,693.308,25.921,1.867,321.402,70.042,75.077,0,NA,NA,NA,NA,50.161,NA,1.033,10.038,5.53
11/27/2024 06:00:00 PM,693.522,25.425,1.662,336.976,73.394,17.673,0,NA,NA,NA,NA,35.404,NA,2.261,8.298,3.25
11/27/2024 07:00:00 PM,694.314,24.455,1.339,344.871,80.562,0,0,NA,NA,NA,NA,26.895,NA,1.931,13.155,5.195
11/27/2024 08:00:00 PM,695.194,24.133,1.147,46.756,80.059,0,0,NA,NA,NA,NA,26.855,NA,1,15.367,5.376
11/27/2024 09:00:00 PM,695.788,23.749,1.35,32.363,81.357,0,0,NA,NA,NA,NA,25.793,NA,1.347,15.237,5.195
11/27/2024 10:00:00 PM,696.129,23.568,1.085,71.21,82.244,0,0,NA,NA,NA,NA,21.685,NA,-999,14.983,5.456
11/27/2024 11:00:00 PM,696.133,23.442,0.668,49.425,82.994,0,0,NA,NA,NA,NA,17.104,NA,1.273,17.77,6.634
11/28/2024 12:00:00 AM,696.285,22.617,0.92,10.321,86.765,0,0,NA,NA,NA,NA,13.247,NA,1.648,16.94,6.291
11/28/2024 01:00:00 AM,695.807,22.294,1.22,301.044,86.183,0,0,NA,NA,NA,NA,16.04,NA,-999,12.566,4.58
11/28/2024 02:00:00 AM,695.078,21.812,1.034,101.712,87.294,0,0,NA,NA,NA,NA,15.369,NA,1.006,12.262,4.662
11/28/2024 03:00:00 AM,694.878,20.979,0.96,74.735,91.764,0,0,NA,NA,NA,NA,11.466,NA,2.29,19.908,7.968
11/28/2024 04:00:00 AM,694.827,20.835,0.54,320.48,94.139,0,0,NA,NA,NA,NA,9.425,NA,3.582,21.718,8.747
11/28/2024 05:00:00 AM,695.231,20.698,0.958,22.458,92.398,0,0,NA,NA,NA,NA,6.505,NA,-999,15.715,6.133
11/28/2024 06:00:00 AM,695.756,21,0.883,83.792,89.289,0.37,0,NA,NA,NA,NA,4.722,NA,1.49,14.255,5.597
11/28/2024 07:00:00 AM,696.297,20.905,0.687,278.921,90.67,29.483,0,NA,NA,NA,NA,5.922,NA,1.102,18.895,7.065
11/28/2024 08:00:00 AM,696.835,23.024,1.026,246.561,84.775,60.062,0,NA,NA,NA,NA,12.653,NA,5.791,25.297,10.287
11/28/2024 09:00:00 AM,696.956,25.005,0.914,13.437,78.505,391.348,0,NA,NA,NA,NA,17.269,NA,4.412,36.56,15.703
11/28/2024 10:00:00 AM,696.399,26.715,1.784,317.807,72.164,691.819,0,NA,NA,NA,NA,40.505,NA,-999,33.077,15.52
11/28/2024 11:00:00 AM,695.632,28.946,1.664,289.878,60.993,707.148,0,NA,NA,NA,NA,65.582,NA,1.061,16.025,7.599
11/28/2024 12:00:00 PM,694.824,28.443,3.989,323.785,64.397,850.15,0,NA,NA,NA,NA,73.863,NA,-999,11.173,5.314
11/28/2024 01:00:00 PM,694.568,27.772,4.109,311.967,68.596,692.987,0,NA,NA,NA,NA,58.3,NA,0.262,9.037,4.699
11/28/2024 02:00:00 PM,694.142,28.338,3.737,312.141,67.361,621.856,0,NA,NA,NA,NA,52.288,NA,0.561,7.734,4.748
11/28/2024 03:00:00 PM,693.511,27.916,3.335,322.234,69.838,280.349,0,NA,NA,NA,NA,51.769,NA,-999,7.086,4.279
11/28/2024 04:00:00 PM,693.341,27.967,3.199,314.946,71.52,178.366,0,NA,NA,NA,NA,51.914,NA,0.262,10.513,5.543
11/28/2024 05:00:00 PM,693.43,27.294,3.034,289.674,74.833,150.816,0,NA,NA,NA,NA,50.82,NA,0.262,10.377,6.292
11/28/2024 06:00:00 PM,693.569,25.785,1.865,338.328,80.855,20.541,0,NA,NA,NA,NA,42.652,NA,0.262,10.974,6.153
11/28/2024 07:00:00 PM,694.098,24.907,1.246,301.057,85.915,0,0,NA,NA,NA,NA,26.861,NA,0.262,15.032,6.753
11/28/2024 08:00:00 PM,-999,24.324,1.187,90.122,87.375,0,0,NA,NA,NA,NA,24.317,NA,-999,14.553,7.284
11/28/2024 09:00:00 PM,-999,23.98,1.075,59.348,87.564,0,0,NA,NA,NA,NA,15.425,NA,0.262,16.079,7.574
11/28/2024 10:00:00 PM,-999,23.966,1.019,67.632,86.671,0,0,NA,NA,NA,NA,22.361,NA,-999,17.329,8.264
11/28/2024 11:00:00 PM,695.872,23.567,1.042,52.093,88.663,0,0,NA,NA,NA,NA,16.727,NA,0.315,19.154,8.572
11/29/2024 12:00:00 AM,695.876,23.294,1.145,96.849,88.921,0,0,NA,NA,NA,NA,20.587,NA,0.262,15.857,7.361
11/29/2024 01:00:00 AM,695.515,23.107,1.031,83.164,89.026,0,0,NA,NA,NA,NA,16.723,NA,0.262,15.227,6.89
11/29/2024 02:00:00 AM,694.894,22.711,1.063,13.237,90.309,0,0,NA,NA,NA,NA,12.783,NA,0.318,16.576,7.156
11/29/2024 03:00:00 AM,694.76,22.593,1.471,23.925,89.187,0,0,NA,NA,NA,NA,12.828,NA,0.534,15.243,6.362
11/29/2024 04:00:00 AM,694.682,22.449,1.016,87.081,88.147,0,0,NA,NA,NA,NA,12.861,NA,0.646,12.916,5.577
11/29/2024 05:00:00 AM,694.845,21.847,0.966,278.01,89.42,0,0,NA,NA,NA,NA,7.581,NA,0.674,13.788,5.58
11/29/2024 06:00:00 AM,695.281,21.831,1.424,83.082,86.832,0,0,NA,NA,NA,NA,7.505,NA,1.918,15.16,5.596
11/29/2024 07:00:00 AM,695.774,22.281,1.505,95.421,82.596,20.396,0,NA,NA,NA,NA,8.21,NA,1.939,14.119,5.226
11/29/2024 08:00:00 AM,696.505,23.149,1.155,83.766,83.02,73.66,0,NA,NA,NA,NA,13.988,NA,2.305,18.703,7.138
11/29/2024 09:00:00 AM,696.725,26.6,0.904,5.809,73.903,349.804,0,NA,NA,NA,NA,19.177,NA,-999,19.732,8.113
11/29/2024 10:00:00 AM,696.541,27.575,1.67,342.054,71.925,653.949,0,NA,NA,NA,NA,35.263,NA,1.482,16.433,8.359
11/29/2024 11:00:00 AM,696.322,28.1,2.607,292.484,70.522,644.138,0.2,NA,NA,NA,NA,50.032,NA,-999,11.756,7.363
11/29/2024 12:00:00 PM,695.567,27.917,3.863,314.838,71.779,883.765,0,NA,NA,NA,NA,53.465,NA,-999,11.157,6.378
11/29/2024 01:00:00 PM,694.831,27.671,3.962,319.93,72.608,781.278,0,NA,NA,NA,NA,51.334,NA,0.334,11.182,6.704
11/29/2024 02:00:00 PM,693.961,27.911,3.345,335.414,71.06,299.344,0,NA,NA,NA,NA,53.03,NA,-999,12.321,8.353
11/29/2024 03:00:00 PM,693.337,27.396,2.977,317.19,74.638,183.07,0,NA,NA,NA,NA,51.792,NA,0.312,11.08,6.268
11/29/2024 04:00:00 PM,693.418,26.819,2.845,321.463,77.051,155.02,0,NA,NA,NA,NA,45.394,NA,0.341,10.299,6.205
11/29/2024 05:00:00 PM,693.807,26.716,2.329,340.908,77.888,88.063,0,NA,NA,NA,NA,44.654,NA,0.373,10.371,6.27
11/29/2024 06:00:00 PM,694.223,25.588,2.08,326.171,82.837,12.84,0,NA,NA,NA,NA,43.682,NA,-999,10.405,6.346
11/29/2024 07:00:00 PM,694.972,24.806,1.656,308.687,86.592,0,0,NA,NA,NA,NA,39.912,NA,0.262,11.73,6.881
11/29/2024 08:00:00 PM,695.624,24.438,0.928,253.367,88.186,0,0,NA,NA,NA,NA,31.657,NA,0.262,18.118,9.277
11/29/2024 09:00:00 PM,696.073,24.318,0.921,69.563,88.597,0,0,NA,NA,NA,NA,36.406,NA,0.28,14.656,8.78
11/29/2024 10:00:00 PM,696.396,23.823,0.776,250.044,90.642,0,0,NA,NA,NA,NA,21.96,NA,-999,28.019,13.236
11/29/2024 11:00:00 PM,696.469,23.52,1.32,36.233,89.382,0,0,NA,NA,NA,NA,30.782,NA,0.679,20.549,10.274
11/30/2024 12:00:00 AM,696.318,23.341,1.145,38.787,88.602,0,0,NA,NA,NA,NA,12.564,NA,1.242,17.465,9.196
11/30/2024 01:00:00 AM,695.971,23.116,1.07,51.319,87.769,0,0,NA,NA,NA,NA,13.342,NA,0.573,18.266,9.93
11/30/2024 02:00:00 AM,695.428,22.742,0.716,331.937,89.627,0,0,NA,NA,NA,NA,10.698,NA,0.482,16.74,9.302
11/30/2024 03:00:00 AM,695.163,22.082,1.108,354.86,87.015,0,0,NA,NA,NA,NA,8.586,NA,0.565,15.27,7.659
11/30/2024 04:00:00 AM,694.879,21.922,1.09,43.432,81.852,0,0,NA,NA,NA,NA,12.001,NA,0.414,12.314,5.84
11/30/2024 05:00:00 AM,695.263,21.611,1.532,86.449,80.954,0,0,NA,NA,NA,NA,13.096,NA,0.292,10.78,5.286
11/30/2024 06:00:00 AM,695.578,21.324,0.671,85.703,80.641,0.048,0,NA,NA,NA,NA,8.082,NA,0.262,11.069,5.908
11/30/2024 07:00:00 AM,695.923,21.188,0.548,314.729,82.613,9.495,0,NA,NA,NA,NA,5.93,NA,0.674,17.399,8.821
11/30/2024 08:00:00 AM,696.4,24.35,0.966,64.763,69.438,45.111,0,NA,NA,NA,NA,10.755,NA,0.262,18.696,7.783
11/30/2024 09:00:00 AM,696.881,26.553,0.835,311.059,67.235,369.927,0,NA,NA,NA,NA,19.661,NA,1.142,27.499,11.615
11/30/2024 10:00:00 AM,696.921,28.375,1.128,313.45,65.093,682.545,0,NA,NA,NA,NA,36.942,NA,1.222,30.001,15.411
11/30/2024 11:00:00 AM,696.494,29.127,2.408,318.601,62.796,684.899,0,NA,NA,NA,NA,67.843,NA,0.262,24.408,12.895
11/30/2024 12:00:00 PM,695.843,28.721,3.368,321.384,67.154,961.737,0,NA,NA,NA,NA,74.523,NA,0.262,21.146,14.016
11/30/2024 01:00:00 PM,695.032,28.683,4.241,320.645,67.684,709.935,0,NA,NA,NA,NA,59.899,NA,-999,15.475,9.455
11/30/2024 02:00:00 PM,694.277,28.637,3.628,309.231,67.303,414.565,0,NA,NA,NA,NA,56.106,NA,0.262,14.11,8.707
11/30/2024 03:00:00 PM,693.795,28.809,3.377,285.653,67.39,421.466,0,NA,NA,NA,NA,53.064,NA,0.262,11.064,6.685
11/30/2024 04:00:00 PM,693.655,28.595,3.396,315.552,68.101,178.849,0,NA,NA,NA,NA,59.591,NA,0.262,11.393,7.599
11/30/2024 05:00:00 PM,693.733,28.265,3.168,311.433,71.693,151.976,0,NA,NA,NA,NA,64.748,NA,0.262,14.231,9.443
11/30/2024 06:00:00 PM,694.208,26.95,2.445,329.979,78.421,19.285,0,NA,NA,NA,NA,60.275,NA,0.262,18.492,12.061
11/30/2024 07:00:00 PM,694.734,26.157,1.584,332.684,81.298,0,0,NA,NA,NA,NA,50.946,NA,0.262,23.619,16.836
11/30/2024 08:00:00 PM,695.206,25.452,1.096,295.946,83.476,0,0,NA,NA,NA,NA,40.501,NA,0.262,23.93,15.05
11/30/2024 09:00:00 PM,695.89,24.936,0.965,78.812,83.956,0,0,NA,NA,NA,NA,24.661,NA,0.262,37.162,24.114
11/30/2024 10:00:00 PM,696.272,24.232,1.189,97.004,84.114,0,0,NA,NA,NA,NA,23.741,NA,0.262,31.476,20.55
11/30/2024 11:00:00 PM,696.379,23.911,1.654,36.257,83.076,0,0,NA,NA,NA,NA,23.137,NA,0.262,22.533,15.462
12/01/2024 12:00:00 AM,695.936,23.613,1.116,94.391,83.171,0,0,NA,NA,NA,NA,15.642,NA,0.262,19.672,12.73
12/01/2024 01:00:00 AM,695.441,23.327,1.164,81.69,82.702,0,0,NA,NA,NA,NA,17.495,NA,0.436,18.174,11.041
12/01/2024 02:00:00 AM,695.016,22.45,0.833,30.68,85.784,0,0,NA,NA,NA,NA,8.48,NA,0.414,20.215,12.032
12/01/2024 03:00:00 AM,694.896,22.088,0.722,120.213,86.986,0,0,NA,NA,NA,NA,8.733,NA,2.492,21.196,11.374
12/01/2024 04:00:00 AM,694.861,22.456,0.885,55.61,79.987,0,0,NA,NA,NA,NA,11.442,NA,-999,14.469,8.013
12/01/2024 05:00:00 AM,695.121,21.701,0.751,333.753,84.148,0,0,NA,NA,NA,NA,7.522,NA,2.53,17.716,9.548
12/01/2024 06:00:00 AM,695.546,21.786,1.062,69.544,79.146,0.145,0,NA,NA,NA,NA,12.269,NA,1.035,12.412,5.997
12/01/2024 07:00:00 AM,696.159,21.651,0.716,75.737,80.12,11.519,0,NA,NA,NA,NA,7.748,NA,1.156,16.625,7.387
12/01/2024 08:00:00 AM,696.703,23.796,0.886,252.744,78.63,53.182,0,NA,NA,NA,NA,18.346,NA,-999,22.888,13.502
12/01/2024 09:00:00 AM,696.514,25.364,1.358,278.503,80.186,354.798,0,NA,NA,NA,NA,27.287,NA,4.054,33.666,20.111
12/01/2024 10:00:00 AM,696.167,27.183,1.957,250.757,74.039,682.659,0,NA,NA,NA,NA,44.047,NA,0.71,36.609,19.801
12/01/2024 11:00:00 AM,695.63,28.593,1.735,326.221,66.141,415.94,0,NA,NA,NA,NA,66.984,NA,0.262,31.987,16.586
12/01/2024 12:00:00 PM,694.838,29.209,1.229,32.596,62.471,237.977,0,NA,NA,NA,NA,80.382,NA,0.603,30.763,18.38
12/01/2024 01:00:00 PM,694.252,29.194,2.589,311.024,66.209,282.943,0,NA,NA,NA,NA,67.497,NA,0.64,23.156,13.83
12/01/2024 02:00:00 PM,693.976,28.325,2.323,296.515,71.458,168.619,0,NA,NA,NA,NA,60.487,NA,0.372,18.519,11.525
12/01/2024 03:00:00 PM,693.683,28.548,3.008,307.915,73.501,454.575,0,NA,NA,NA,NA,52.391,NA,0.262,17.764,11.109
12/01/2024 04:00:00 PM,693.355,28.676,3.567,312.669,71.404,145.918,0,NA,NA,NA,NA,57.683,NA,0.262,15.244,10.074
12/01/2024 05:00:00 PM,693.442,27.493,2.806,301.032,74.133,58.789,0,NA,NA,NA,NA,59.624,NA,0.262,14.53,8.865
12/01/2024 06:00:00 PM,693.551,26.483,1.584,332.308,77.813,9.618,0,NA,NA,NA,NA,46.99,NA,0.262,16.543,8.998
12/01/2024 07:00:00 PM,693.889,25.559,0.976,302.213,81.472,0,0,NA,NA,NA,NA,44.058,NA,0.262,15.587,9.034
12/01/2024 08:00:00 PM,694.604,24.863,1.025,71,81.604,0,0,NA,NA,NA,NA,17.314,NA,0.262,22.567,12.637
12/01/2024 09:00:00 PM,695.328,24.042,1.555,28.215,80.67,0,0,NA,NA,NA,NA,26.182,NA,0.262,19.048,10.066
12/01/2024 10:00:00 PM,695.79,23.59,1.444,41.023,80.106,0,0,NA,NA,NA,NA,25.687,NA,0.262,16.468,8.742
12/01/2024 11:00:00 PM,696.001,23.49,1.729,90.141,77.932,0,0,NA,NA,NA,NA,21.837,NA,1.202,14.219,7.806
12/02/2024 12:00:00 AM,694.674,23.572,1.851,70.164,75.011,0,0,NA,NA,NA,NA,26.543,NA,1.368,12.122,6.424
12/02/2024 01:00:00 AM,694.285,22.953,0.658,75.903,77.172,0,0,NA,NA,NA,NA,18.732,NA,-999,13.2,7.43
12/02/2024 02:00:00 AM,693.703,22.231,0.795,71.542,80.997,0,0,NA,NA,NA,NA,15.152,NA,2.473,15.818,8.909
12/02/2024 03:00:00 AM,693.835,21.365,0.68,1.118,88.116,0,0,NA,NA,NA,NA,7.27,NA,5.207,20.803,12.993
12/02/2024 04:00:00 AM,693.841,21.391,0.695,108.344,83.444,0,0,NA,NA,NA,NA,10.438,NA,2.025,15.858,8.63
12/02/2024 05:00:00 AM,694.162,21.166,0.655,321.867,88.082,0,0,NA,NA,NA,NA,9.53,NA,-999,21.25,10.705
12/02/2024 06:00:00 AM,694.454,20.808,0.568,256.911,86.589,0.112,0,NA,NA,NA,NA,6.345,NA,2.946,20.637,10.205
12/02/2024 07:00:00 AM,694.854,20.817,0.916,259.188,85.532,23.554,0,NA,NA,NA,NA,7.225,NA,-999,22,11.031
12/02/2024 08:00:00 AM,695.468,22.611,0.862,22.73,79.481,95.538,0,NA,NA,NA,NA,5.844,NA,4.989,29.314,12.96
12/02/2024 09:00:00 AM,695.887,25.556,0.966,8.391,70.924,302.775,0,NA,NA,NA,NA,14.84,NA,4.045,37.435,15.003
12/02/2024 10:00:00 AM,695.664,27.244,1.184,270.458,72.233,902.851,0,NA,NA,NA,NA,29.761,NA,5.331,55.288,23.044
12/02/2024 11:00:00 AM,695.189,29.596,1.425,277.412,60.477,732.121,0,NA,NA,NA,NA,57.746,NA,0.689,37.028,15.556
12/02/2024 12:00:00 PM,694.473,30.319,3.157,216.205,57.7,802.72,0,NA,NA,NA,NA,80.062,NA,0.312,18.84,9.51
12/02/2024 01:00:00 PM,693.976,29.038,3.824,295.243,66.766,841.629,0,NA,NA,NA,NA,69.197,NA,0.401,18.334,9.593
12/02/2024 02:00:00 PM,693.333,29.695,3.075,310.263,64.726,721.552,0,NA,NA,NA,NA,63.626,NA,0.262,17.559,9.295
12/02/2024 03:00:00 PM,692.894,29.172,4.401,317.598,68.617,573.329,0,NA,NA,NA,NA,60.733,NA,0.262,14.175,8.307
12/02/2024 04:00:00 PM,692.816,28.493,4.24,320.628,72.158,181.491,0,NA,NA,NA,NA,60.086,NA,0.262,12.56,7.673
12/02/2024 05:00:00 PM,692.792,27.829,2.792,317.01,75.148,91.688,0,NA,NA,NA,NA,56.413,NA,-999,14.188,7.411
12/02/2024 06:00:00 PM,693.046,26.737,1.686,283.352,79.657,21.041,0,NA,NA,NA,NA,51.301,NA,0.262,18.479,9.51
12/02/2024 07:00:00 PM,693.607,25.73,1.538,298.569,82.256,0,0,NA,NA,NA,NA,46.287,NA,0.303,19.084,10.223
12/02/2024 08:00:00 PM,694.366,25.387,0.999,298.453,83.061,0,0,NA,NA,NA,NA,44.351,NA,-999,15.517,8.788
12/02/2024 09:00:00 PM,695.096,24.957,0.809,320.446,84.753,0,0,NA,NA,NA,NA,26.478,NA,0.407,22.707,11.263
12/02/2024 10:00:00 PM,695.543,24.593,0.62,327.976,85.884,0,0,NA,NA,NA,NA,28.12,NA,0.46,25.43,12.976
12/02/2024 11:00:00 PM,695.67,24.166,1.126,29.783,85.235,0,0,NA,NA,NA,NA,18.052,NA,0.5,21.357,11.327
12/03/2024 12:00:00 AM,695.416,23.618,1.464,79.019,81.618,0,0,NA,NA,NA,NA,19.731,NA,0.31,15.263,8.232
12/03/2024 01:00:00 AM,694.844,23.19,1.284,66.316,79.974,0,0,NA,NA,NA,NA,20.413,NA,1.284,13.657,7.563
12/03/2024 02:00:00 AM,694.779,22.787,1.199,27.005,78.085,0,0,NA,NA,NA,NA,18.721,NA,0.656,11.955,6.804
12/03/2024 03:00:00 AM,694.422,22.832,1.477,47.421,75.498,0,0,NA,NA,NA,NA,16.603,NA,0.582,10.85,6.33
12/03/2024 04:00:00 AM,694.383,23.029,1.665,97.88,70.717,0,0,NA,NA,NA,NA,19.31,NA,0.641,9.222,5.481
12/03/2024 05:00:00 AM,694.776,22.481,1.703,92.223,72.615,0,0,NA,NA,NA,NA,16.495,NA,0.307,10.777,5.936
12/03/2024 06:00:00 AM,694.937,22.684,1.863,101.111,68.129,0.241,0,NA,NA,NA,NA,14.776,NA,0.262,9.083,5.111
12/03/2024 07:00:00 AM,695.248,22.852,1.271,50.795,68.589,31.11,0,NA,NA,NA,NA,7.468,NA,0.288,13.794,7.024
12/03/2024 08:00:00 AM,695.428,24.291,1.283,213.348,75.052,99.179,0,NA,NA,NA,NA,17.713,NA,4.529,29.013,14.218
12/03/2024 09:00:00 AM,695.894,24.905,1.448,260.92,79.246,336.013,0,NA,NA,NA,NA,25.278,NA,6.221,53.82,22.726
12/03/2024 10:00:00 AM,695.963,28.493,1.529,250.576,66.079,648.609,0,NA,NA,NA,NA,40.96,NA,0.33,38.302,16.983
12/03/2024 11:00:00 AM,695.674,27.164,2.844,310.087,72.415,602.749,0,NA,NA,NA,NA,46.193,NA,0.358,19.326,9.64
12/03/2024 12:00:00 PM,695.031,28.156,3.177,321.084,70.179,772.253,0,NA,NA,NA,NA,47.418,NA,0.262,16.325,8.436
12/03/2024 01:00:00 PM,694.381,28.089,3.453,322.226,70.338,492.693,0,NA,NA,NA,NA,44.536,NA,0.262,14.314,8.561
12/03/2024 02:00:00 PM,693.652,28.643,4.075,327.532,66.869,647.054,0,NA,NA,NA,NA,47.566,NA,0.262,12.857,8.155
12/03/2024 03:00:00 PM,693.083,28.823,3.278,326.196,66.556,379.787,0,NA,NA,NA,NA,46.625,NA,0.262,15.142,7.859
12/03/2024 04:00:00 PM,692.91,28.073,3.404,339.016,69.603,200.712,0,NA,NA,NA,NA,47.305,NA,0.262,13.361,8.571
12/03/2024 05:00:00 PM,692.793,27.419,2.985,334.268,73.291,79.83,0,NA,NA,NA,NA,45.311,NA,0.262,13.679,8.129
12/03/2024 06:00:00 PM,692.87,26.458,2.099,312.217,77.67,15.257,0,NA,NA,NA,NA,39.361,NA,0.262,16.543,8.775
12/03/2024 07:00:00 PM,693.233,25.768,1.74,322.378,81.106,0,0,NA,NA,NA,NA,38.073,NA,0.262,19.018,9.741
12/03/2024 08:00:00 PM,694.033,25.359,1.431,342.398,83.567,0,0,NA,NA,NA,NA,33.094,NA,0.262,18.095,10.571
12/03/2024 09:00:00 PM,694.654,25.027,1.144,296.694,85.687,0,0,NA,NA,NA,NA,31.392,NA,0.262,20.683,11.671
12/03/2024 10:00:00 PM,695.19,24.554,1.051,345.281,88.071,0,0,NA,NA,NA,NA,35.917,NA,0.262,25.69,13.793
12/03/2024 11:00:00 PM,695.557,24.335,1.019,4.819,88.37,0,0,NA,NA,NA,NA,22.509,NA,0.262,23.292,13.128
12/04/2024 12:00:00 AM,695.335,23.952,1.048,354.959,85.233,0,0,NA,NA,NA,NA,19.169,NA,0.262,17.639,9.83
12/04/2024 01:00:00 AM,694.971,23.365,1.364,75.773,84.296,0,0,NA,NA,NA,NA,17.203,NA,0.287,15.825,8.717
12/04/2024 02:00:00 AM,694.459,22.937,1.494,101.452,82.564,0,0,NA,NA,NA,NA,17.51,NA,0.262,13.385,7.861
12/04/2024 03:00:00 AM,694.159,22.478,1.278,103.858,82.575,0,0,NA,NA,NA,NA,18.144,NA,0.802,11.401,7.466
12/04/2024 04:00:00 AM,694.029,21.873,1.486,29.62,82.899,0,0,NA,NA,NA,NA,14.917,NA,1.661,12.083,7.544
12/04/2024 05:00:00 AM,694.062,21.833,1.742,71.902,78.737,0,0,NA,NA,NA,NA,13.848,NA,1.364,10.675,6.803
12/04/2024 06:00:00 AM,694.328,21.928,1.298,117.327,75.739,1.047,0,NA,NA,NA,NA,13.314,NA,1.072,11.73,6.856
12/04/2024 07:00:00 AM,694.953,21.484,1.588,13.489,76.908,29.193,0,NA,NA,NA,NA,8.998,NA,1.077,16.552,7.766
12/04/2024 08:00:00 AM,695.236,23.916,1.029,93.656,68.701,103.9,0,NA,NA,NA,NA,11.686,NA,0.904,20.287,8.803
12/04/2024 09:00:00 AM,695.377,25.41,1.625,257.322,73.611,373.358,0,NA,NA,NA,NA,23.222,NA,4.774,33.286,15.959
12/04/2024 10:00:00 AM,695.547,27.855,1.692,299.566,69.01,671.253,0,NA,NA,NA,NA,34.631,NA,3.476,41.921,19.457
12/04/2024 11:00:00 AM,695.142,28.21,2.621,313.79,67.439,661.296,0,NA,NA,NA,NA,67.135,NA,0.969,25.037,13.987
12/04/2024 12:00:00 PM,694.619,28.026,4.15,324.566,70.608,432.599,0,NA,NA,NA,NA,55.025,NA,0.534,18.14,10.707
12/04/2024 01:00:00 PM,693.986,28.54,3.602,327.463,69.155,654.111,0,NA,NA,NA,NA,48.549,NA,0.262,15.31,8.566
12/04/2024 02:00:00 PM,693.265,28.795,4.221,317.722,67.867,560.682,0,NA,NA,NA,NA,49.599,NA,0.262,13.611,7.542
12/04/2024 03:00:00 PM,692.487,28.953,3.868,302.135,67.11,492.725,0,NA,NA,NA,NA,48.917,NA,0.262,12.017,6.644
12/04/2024 04:00:00 PM,692.014,28.852,3.581,315.324,66.922,128.864,0,NA,NA,NA,NA,52.565,NA,0.262,12.614,7.6
12/04/2024 05:00:00 PM,691.906,27.932,3.426,309.863,73.331,83.278,0,NA,NA,NA,NA,52.079,NA,0.262,13.979,7.628
12/04/2024 06:00:00 PM,692.17,26.622,2.643,316.977,79.532,26.454,0,NA,NA,NA,NA,48.782,NA,0.262,15.687,8.956
12/04/2024 07:00:00 PM,692.71,25.732,2.146,311.878,83.863,0,0,NA,NA,NA,NA,40.351,NA,0.262,17.187,9.025
12/04/2024 08:00:00 PM,693.562,25.542,1.484,337.756,85.941,0,0,NA,NA,NA,NA,36.885,NA,0.262,18.289,9.972
12/04/2024 09:00:00 PM,694.225,25.059,1.439,316.16,87.974,0,0,NA,NA,NA,NA,41.299,NA,0.262,17.195,9.206
12/04/2024 10:00:00 PM,694.626,24.725,0.67,272.127,89.291,0,0,NA,NA,NA,NA,62.359,NA,0.294,19.473,9.784
12/04/2024 11:00:00 PM,694.909,24.451,0.986,356.566,89.752,0,0,NA,NA,NA,NA,16.405,NA,0.367,24.325,12.433
12/05/2024 12:00:00 AM,694.75,24.083,0.92,12.051,89.926,0,0,NA,NA,NA,NA,48.365,NA,0.474,23.433,12.028
12/05/2024 01:00:00 AM,694.343,23.817,1.026,45.018,88.21,0,0,NA,NA,NA,NA,27.362,NA,0.481,18.086,9.874
12/05/2024 02:00:00 AM,693.948,23.461,1.328,32.221,84.202,0,0,NA,NA,NA,NA,16.427,NA,0.32,15.071,8.976
12/05/2024 03:00:00 AM,693.641,23.287,1.544,92.771,77.076,0,0,NA,NA,NA,NA,18.337,NA,0.397,11.553,7.494
12/05/2024 04:00:00 AM,693.522,23.055,2.088,91.762,73.132,0,0,NA,NA,NA,NA,18.798,NA,1.262,10.578,7.221
12/05/2024 05:00:00 AM,693.767,22.634,2.276,51.296,71.709,0,0,NA,NA,NA,NA,20.568,NA,0.701,9.826,6.31
12/05/2024 06:00:00 AM,694.143,22.152,2.039,48.599,71.81,0.032,0,NA,NA,NA,NA,14.99,NA,0.466,10.397,6.298
12/05/2024 07:00:00 AM,694.329,22.146,1.963,93.237,70.142,10.294,0,NA,NA,NA,NA,12.491,NA,0.525,13.39,6.905
12/05/2024 08:00:00 AM,694.822,23.691,1.516,57.614,64.691,48.188,0,NA,NA,NA,NA,15.481,NA,0.511,16.705,7.072
12/05/2024 09:00:00 AM,695.145,26.733,0.78,94.066,62.932,326.266,0,NA,NA,NA,NA,23.301,NA,0.774,21.574,11.445
12/05/2024 10:00:00 AM,695.023,28.143,1.295,296.773,62.226,677.874,0,NA,NA,NA,NA,40.786,NA,0.984,33.816,18.545
12/05/2024 11:00:00 AM,694.394,29.58,1.561,325.406,56.004,663.761,0,NA,NA,NA,NA,50.327,NA,0.276,15.515,9.114
12/05/2024 12:00:00 PM,693.628,29.029,3.952,312.139,62.831,884.79,0,NA,NA,NA,NA,59.76,NA,0.576,16.167,8.916
12/05/2024 01:00:00 PM,693.096,28.523,4.053,313.044,67.547,639.852,0,NA,NA,NA,NA,53.454,NA,0.377,18.908,10.003
12/05/2024 02:00:00 PM,692.69,28.873,4.177,317.64,68.392,585.075,0,NA,NA,NA,NA,52.471,NA,0.262,17.388,9.658
12/05/2024 03:00:00 PM,692.298,27.686,2.923,316.679,71.727,165.944,0,NA,NA,NA,NA,51.265,NA,0.262,16.356,8.994
12/05/2024 04:00:00 PM,692.079,27.766,3.141,318.166,72.795,144.065,0,NA,NA,NA,NA,54.988,NA,0.262,17.269,9.543
12/05/2024 05:00:00 PM,692.281,26.249,2.927,315.462,80.419,108.862,0,NA,NA,NA,NA,44.899,NA,0.262,22.099,10.948
12/05/2024 06:00:00 PM,692.525,25.169,1.587,352.006,84.389,27.05,0,NA,NA,NA,NA,31.184,NA,0.262,23.251,12.157
12/05/2024 07:00:00 PM,692.82,24.498,1.259,60.318,85.92,0,0,NA,NA,NA,NA,21.814,NA,0.262,26.772,11.623
12/05/2024 08:00:00 PM,693.239,23.827,1.386,65.692,86.039,0,0,NA,NA,NA,NA,18.015,NA,0.262,23.959,10.854
12/05/2024 09:00:00 PM,693.721,23.563,1.462,53.338,84.682,0,0,NA,NA,NA,NA,16.356,NA,0.262,20.249,10.158
12/05/2024 10:00:00 PM,694.424,23.02,1.438,98.67,85.904,0,0,NA,NA,NA,NA,12.867,NA,0.262,26.33,16.087
12/05/2024 11:00:00 PM,694.648,22.88,1.66,47.827,84.697,0,0,NA,NA,NA,NA,13.059,NA,0.294,19.432,9.766
12/06/2024 12:00:00 AM,694.449,22.966,1.531,67.927,82.52,0,0,NA,NA,NA,NA,14.668,NA,0.371,17.849,9.578
12/06/2024 01:00:00 AM,694.268,23.114,1.464,76.08,80.156,0,0,NA,NA,NA,NA,16.603,NA,0.844,17.156,8.724
12/06/2024 02:00:00 AM,694.043,22.865,1.091,28.098,84.418,0,0,NA,NA,NA,NA,12.658,NA,1.285,19.047,10.806
12/06/2024 03:00:00 AM,693.756,22.663,1.236,71.948,83.989,0,0,NA,NA,NA,NA,15.776,NA,0.463,16.084,9.67
12/06/2024 04:00:00 AM,693.663,22.249,1.754,65.402,80.24,0,0,NA,NA,NA,NA,13,NA,0.537,15.256,8.706
12/06/2024 05:00:00 AM,693.717,22.241,2.099,88.251,76.336,0,0,NA,NA,NA,NA,14.186,NA,0.73,12.836,8.148
12/06/2024 06:00:00 AM,694.071,21.831,1.477,89.648,76.574,0.016,0,NA,NA,NA,NA,10.895,NA,0.398,14.202,8.577
12/06/2024 07:00:00 AM,694.624,21.506,1.347,90.145,77.375,23.232,0,NA,NA,NA,NA,4.786,NA,0.694,17.12,9.583
12/06/2024 08:00:00 AM,695.042,22.368,1.369,74.014,73.351,66.377,0,NA,NA,NA,NA,9.066,NA,0.293,22.25,9.899
12/06/2024 09:00:00 AM,695.393,24.166,1.315,23.574,69.331,328.602,0,NA,NA,NA,NA,11.931,NA,0.368,26.379,10.669
12/06/2024 10:00:00 AM,695.28,27.724,1.299,19.049,65.412,688.846,0,NA,NA,NA,NA,30.512,NA,0.58,21.887,11.558
12/06/2024 11:00:00 AM,694.807,27.971,2.459,275.511,67.345,554.479,0,NA,NA,NA,NA,51.348,NA,0.515,20.297,11.295
12/06/2024 12:00:00 PM,694.26,27.587,2.968,300.747,70.879,436.675,0,NA,NA,NA,NA,43.877,NA,0.284,16.726,9.318
12/06/2024 01:00:00 PM,693.517,27.453,3.573,327.951,70.357,410.688,0,NA,NA,NA,NA,45.214,NA,0.262,15.756,9.387
12/06/2024 02:00:00 PM,692.98,27.25,3.718,323.074,71.189,193.285,0,NA,NA,NA,NA,45.289,NA,0.376,14.274,8.981
12/06/2024 03:00:00 PM,692.688,26.867,2.797,331.039,73.582,120.172,0,NA,NA,NA,NA,42.039,NA,1.088,16.895,9.535
12/06/2024 04:00:00 PM,692.477,26.002,3.028,339.778,78.79,113.373,0,NA,NA,NA,NA,39.646,NA,0.934,19.384,10.73
12/06/2024 05:00:00 PM,692.309,26.017,2.586,338.519,79.505,56.195,0,NA,NA,NA,NA,39.269,NA,0.318,22.058,11.354
12/06/2024 06:00:00 PM,692.449,25.201,1.314,299.395,81.597,10.907,0,NA,NA,NA,NA,36.527,NA,0.262,21.14,12.141
12/06/2024 07:00:00 PM,692.738,24.676,0.635,289.506,83.99,0,0,NA,NA,NA,NA,26.4,NA,0.262,21.595,11.342
12/06/2024 08:00:00 PM,-999,-999,-999,-999,-999,-999,-999,NA,NA,NA,NA,-999,NA,-999,-999,-999
12/06/2024 09:00:00 PM,-999,-999,-999,-999,-999,-999,-999,NA,NA,NA,NA,-999,NA,-999,-999,-999
12/06/2024 10:00:00 PM,-999,-999,-999,-999,-999,-999,-999,NA,NA,NA,NA,-999,NA,-999,-999,-999
12/06/2024 11:00:00 PM,-999,-999,-999,-999,-999,-999,-999,NA,NA,NA,NA,-999,NA,-999,-999,-999
12/07/2024 12:00:00 AM,-999,-999,-999,-999,-999,-999,-999,NA,NA,NA,NA,-999,NA,-999,-999,-999
12/07/2024 01:00:00 AM,694.346,22.781,1.215,95.886,90.917,0,0,NA,NA,NA,NA,8.519,NA,0.618,23.276,12.697
12/07/2024 02:00:00 AM,694.1,22.567,1.496,358.498,87.956,0,0,NA,NA,NA,NA,26.452,NA,0.572,14.527,8.382
12/07/2024 03:00:00 AM,693.598,22.451,0.669,299.967,87.739,0,0,NA,NA,NA,NA,27.437,NA,1.591,11.109,7.261
12/07/2024 04:00:00 AM,693.682,22.252,1.053,355.912,87.09,0,0,NA,NA,NA,NA,17.532,NA,2.142,14.711,8.356
12/07/2024 05:00:00 AM,693.896,21.931,1.807,68.985,80.664,0,0,NA,NA,NA,NA,11.012,NA,2.533,13.217,7.288
12/07/2024 06:00:00 AM,694.356,21.303,2.062,59.741,78.028,0,0,NA,NA,NA,NA,9.7,NA,2.152,11.818,7
12/07/2024 07:00:00 AM,694.756,21.067,2.219,69.029,75.888,10.649,0,NA,NA,NA,NA,8.837,NA,2.227,13.84,7.541
12/07/2024 08:00:00 AM,695.302,22.393,1.859,58.638,70.239,93.041,0,NA,NA,NA,NA,10.09,NA,1.575,21.626,8.674
12/07/2024 09:00:00 AM,695.729,23.85,1.545,58.752,66.885,305.805,0,NA,NA,NA,NA,12.032,NA,1.824,20.977,8.635
12/07/2024 10:00:00 AM,695.637,27.615,1.139,14.104,57.202,703.854,0,NA,NA,NA,NA,24.325,NA,1.631,21.512,8.471
12/07/2024 11:00:00 AM,695.357,27.922,2.732,14.741,60.397,655.561,0,NA,NA,NA,NA,44.994,NA,1.725,20.287,8.491
12/07/2024 12:00:00 PM,694.747,27.767,3.693,269.5,63.087,928.306,0,NA,NA,NA,NA,48.492,NA,1.777,17.321,7.649
12/07/2024 01:00:00 PM,694.147,27.466,3.926,313.009,67.111,727.858,0,NA,NA,NA,NA,48.634,NA,2.423,19.191,9.109
12/07/2024 02:00:00 PM,693.572,27.234,3.69,323.243,66.558,416.939,0,NA,NA,NA,NA,48.36,NA,2.056,17.341,9.493
12/07/2024 03:00:00 PM,692.994,27.545,3.858,323.17,64.81,477.227,0,NA,NA,NA,NA,48.974,NA,2.169,15.997,8.001
12/07/2024 04:00:00 PM,692.65,27.209,3.492,289.973,64.748,114.582,0,NA,NA,NA,NA,53.515,NA,2.362,15.238,7.803
12/07/2024 05:00:00 PM,692.644,26.719,3.311,310.805,67.536,117.885,0,NA,NA,NA,NA,56.421,NA,2.281,20.776,11.937
12/07/2024 06:00:00 PM,692.874,25.734,2.288,315.123,71.459,32.125,0,NA,NA,NA,NA,50.604,NA,2.306,20.005,12.008
12/07/2024 07:00:00 PM,693.131,24.903,1.55,316.221,75.112,0,0,NA,NA,NA,NA,46.39,NA,2.706,24.461,13.745
12/07/2024 08:00:00 PM,693.613,24.663,1.012,334.544,76.646,0,0,NA,NA,NA,NA,42.534,NA,2.327,22.127,12.508
12/07/2024 09:00:00 PM,694.222,24.488,0.799,304.055,78.209,0,0,NA,NA,NA,NA,25.187,NA,3.251,35.786,21.124
12/07/2024 10:00:00 PM,694.752,24.201,1.073,353.842,79.325,0,0,NA,NA,NA,NA,14.568,NA,3.544,48.407,29.64
12/07/2024 11:00:00 PM,695.001,23.949,1.285,58.343,77.695,0,0,NA,NA,NA,NA,20.501,NA,2.695,32.181,19.286
12/08/2024 12:00:00 AM,694.745,23.386,1.205,36.047,79.078,0,0,NA,NA,NA,NA,15.864,NA,3.194,29.56,17.433
12/08/2024 01:00:00 AM,694.6,22.78,1.142,97.71,79.405,0,0,NA,NA,NA,NA,20.106,NA,2.072,22.612,13.649
12/08/2024 02:00:00 AM,694.467,22.693,1.032,85.436,79.415,0,0,NA,NA,NA,NA,16.795,NA,1.49,26.546,15.132
12/08/2024 03:00:00 AM,694.065,22.424,1.118,32.939,80.299,0,0,NA,NA,NA,NA,17.826,NA,1.459,20.841,11.993
12/08/2024 04:00:00 AM,694.064,21.645,1.85,106.422,82.217,0,0,NA,NA,NA,NA,18.379,NA,1.194,13.413,7.624
12/08/2024 05:00:00 AM,694.287,21.157,1.591,105.273,80.558,0,0,NA,NA,NA,NA,18.916,NA,0.93,11.403,6.802
12/08/2024 06:00:00 AM,694.547,20.637,1.568,92.062,81.399,0,0,NA,NA,NA,NA,14.81,NA,1.305,11.35,6.723
12/08/2024 07:00:00 AM,694.893,20.503,1.195,55.767,80.191,8.49,0,NA,NA,NA,NA,10.224,NA,0.687,12.34,6.895
12/08/2024 08:00:00 AM,695.277,23.364,0.868,331.131,69.838,45.948,0,NA,NA,NA,NA,10.971,NA,1.061,15.797,8.193
12/08/2024 09:00:00 AM,695.554,25.257,0.982,72.907,65.897,314.311,0,NA,NA,NA,NA,18.652,NA,1.325,18.911,10.479
12/08/2024 10:00:00 AM,695.451,27.383,1.251,249.718,59.613,721.012,0,NA,NA,NA,NA,35.158,NA,0.815,20.812,13.299
12/08/2024 11:00:00 AM,695.064,27.833,2.211,243.158,58.116,667.579,0,NA,NA,NA,NA,53.022,NA,0.774,16.67,10.09
12/08/2024 12:00:00 PM,694.55,27.32,3.404,260.609,64.576,757.592,0,NA,NA,NA,NA,63.224,NA,0.708,20.225,12.545
12/08/2024 01:00:00 PM,693.771,27.848,4.05,320.636,64.65,792.263,0,NA,NA,NA,NA,63.237,NA,0.972,22.423,13.071
12/08/2024 02:00:00 PM,693.011,27.713,3.956,309.183,66.484,633.231,0,NA,NA,NA,NA,60.345,NA,1.094,21.871,14.334
12/08/2024 03:00:00 PM,692.508,27.874,4.063,316.218,65.902,506.34,0,NA,NA,NA,NA,56.248,NA,1.191,19.361,13.343
12/08/2024 04:00:00 PM,692.346,27.795,3.765,317.677,67.057,144.871,0,NA,NA,NA,NA,53.776,NA,1.42,16.575,9.989
12/08/2024 05:00:00 PM,692.338,26.931,3.506,321.837,70.46,103.384,0,NA,NA,NA,NA,53.587,NA,1.428,14.59,8.563
12/08/2024 06:00:00 PM,692.569,25.8,2.23,311.928,73.196,12.76,0,NA,NA,NA,NA,50.193,NA,1.693,18.215,8.857
12/08/2024 07:00:00 PM,692.789,25.237,2.077,311.93,73.549,0,0,NA,NA,NA,NA,51.098,NA,1.839,15.648,8.497
12/08/2024 08:00:00 PM,693.315,24.914,1.021,303.789,75.636,0,0,NA,NA,NA,NA,50.04,NA,1.876,21.099,10.586
12/08/2024 09:00:00 PM,694.026,24.819,0.663,222.41,76.369,0,0,NA,NA,NA,NA,42.014,NA,1.781,25.617,10.458
12/08/2024 10:00:00 PM,694.498,24.66,0.673,85.235,77.749,0,0,NA,NA,NA,NA,27.455,NA,2.463,33.349,14.203
12/08/2024 11:00:00 PM,694.531,24.125,1.274,1.615,80.197,0,0,NA,NA,NA,NA,33.736,NA,1.527,23.772,11.471
12/09/2024 12:00:00 AM,694.321,23.47,1.231,38.491,81.832,0,0,NA,NA,NA,NA,29.546,NA,1.689,15.983,9.161
12/09/2024 01:00:00 AM,694.203,22.825,1.148,103.269,81.975,0,0,NA,NA,NA,NA,27.007,NA,1.078,15.241,9.011
12/09/2024 02:00:00 AM,693.802,22.246,0.982,80.53,81.22,0,0,NA,NA,NA,NA,21.47,NA,1.026,13.607,8.67
12/09/2024 03:00:00 AM,693.534,21.473,0.821,296.795,84.066,0,0,NA,NA,NA,NA,15.719,NA,1.532,13.413,8.883
12/09/2024 04:00:00 AM,693.294,21.071,0.762,341.346,85.134,0,0,NA,NA,NA,NA,11.722,NA,1.557,14.186,9.16
12/09/2024 05:00:00 AM,693.457,21.047,0.933,69.593,83.503,0,0,NA,NA,NA,NA,7.256,NA,1.805,14.986,9.427
12/09/2024 06:00:00 AM,693.65,20.9,0.668,296.735,80.986,0,0,NA,NA,NA,NA,5.072,NA,1.811,15.828,9.312
12/09/2024 07:00:00 AM,694.12,20.872,0.972,173.649,81.267,9.135,0,NA,NA,NA,NA,4.455,NA,3.087,21.881,11.387
12/09/2024 08:00:00 AM,694.795,23.104,0.924,321.138,75.124,45.352,0,NA,NA,NA,NA,4.858,NA,4.112,31.915,15.128
12/09/2024 09:00:00 AM,694.983,24.577,1.208,278.779,74.92,301.503,0,NA,NA,NA,NA,3.926,NA,-999,27.841,15.254
12/09/2024 10:00:00 AM,694.672,27.399,1.282,268.738,66.356,726.716,0,NA,NA,NA,NA,32.491,NA,-999,29.1,15.356
12/09/2024 11:00:00 AM,694.162,28.761,1.816,316.872,58.189,654.352,0,NA,NA,NA,NA,53.616,NA,-999,30.253,14.325
12/09/2024 12:00:00 PM,693.415,29.63,3.053,340.923,54.803,904.041,0,NA,NA,NA,NA,77.692,NA,-999,25.127,15.078
12/09/2024 01:00:00 PM,692.763,29.003,4.415,316.781,60.525,869.999,0,NA,NA,NA,NA,73.982,NA,-999,21.859,12.056
12/09/2024 02:00:00 PM,692.308,28.38,3.731,299.313,66.801,600.612,0,NA,NA,NA,NA,65.912,NA,-999,17.941,10.111
12/09/2024 03:00:00 PM,691.812,28.032,2.863,285.58,69.124,305.95,0,NA,NA,NA,NA,63.997,NA,-999,18.303,10.267
12/09/2024 04:00:00 PM,691.684,27.452,2.297,301.506,71.058,127.406,0,NA,NA,NA,NA,67.178,NA,-999,20.248,10.598
12/09/2024 05:00:00 PM,691.803,26.722,2.397,310.864,74.003,69.084,0,NA,NA,NA,NA,65.91,NA,-999,22.455,11.646
12/09/2024 06:00:00 PM,692.137,25.946,1.524,309.058,77.996,12.163,0,NA,NA,NA,NA,61.412,NA,-999,23.954,13.436
12/09/2024 07:00:00 PM,692.655,25.142,0.877,317.367,82.392,0,0,NA,NA,NA,NA,50.192,NA,2.052,27.214,15.161
12/09/2024 08:00:00 PM,693.24,24.645,0.99,11.229,84.391,0,0,NA,NA,NA,NA,40.629,NA,0.95,32.819,18.008
12/09/2024 09:00:00 PM,693.754,23.997,1.004,33.752,85.407,0,0,NA,NA,NA,NA,30.786,NA,1.526,44.489,26.437
12/09/2024 10:00:00 PM,694.059,23.303,1.265,30.743,84.921,0,0,NA,NA,NA,NA,27.437,NA,1.352,34.434,19.7
12/09/2024 11:00:00 PM,694.235,22.915,0.773,73.988,84.533,0,0,NA,NA,NA,NA,22.411,NA,2.697,24.798,14.196
12/10/2024 12:00:00 AM,694.223,22.456,1.003,44.138,84.256,0,0,NA,NA,NA,NA,20.508,NA,2.876,24.024,13.406
12/10/2024 01:00:00 AM,693.845,22.059,1.216,43.709,84.014,0,0,NA,NA,NA,NA,19.38,NA,1.891,21.83,11.835
12/10/2024 02:00:00 AM,693.249,21.934,1.187,98.771,80.856,0,0,NA,NA,NA,NA,23.921,NA,0.579,16.423,9.797
12/10/2024 03:00:00 AM,693.023,21.272,0.552,19.91,82.879,0,0,NA,NA,NA,NA,17.137,NA,0.979,16.351,10.049
12/10/2024 04:00:00 AM,693.23,21.354,0.635,271.065,85.412,0,0,NA,NA,NA,NA,12.47,NA,3.16,19.463,12.255
12/10/2024 05:00:00 AM,693.278,22.466,1.185,86.49,75.759,0,0,NA,NA,NA,NA,10.276,NA,1.642,16.847,10.26
12/10/2024 06:00:00 AM,693.511,21.63,0.611,277.026,83.549,0,0,NA,NA,NA,NA,7.647,NA,4.426,30.353,16.479
12/10/2024 07:00:00 AM,693.95,21.222,0.744,359.574,88.679,8.12,0,NA,NA,NA,NA,5.751,NA,5.073,47.264,23.839
12/10/2024 08:00:00 AM,694.669,26.411,0.601,344.675,61.127,56.68,0,NA,NA,NA,NA,-999,NA,1.526,23.118,11.47
12/10/2024 09:00:00 AM,694.619,26.867,1.195,12.969,57.893,294.768,0,NA,NA,NA,NA,-999,NA,0.906,27.17,13.089
12/10/2024 10:00:00 AM,694.42,27.856,1.478,329.766,58.591,733.699,0,NA,NA,NA,NA,-999,NA,1.007,39.821,19.173
12/10/2024 11:00:00 AM,694.001,30.175,1.422,302.937,53.18,639.997,0,NA,NA,NA,NA,-999,NA,0.706,36.099,18.97
12/10/2024 12:00:00 PM,693.33,30.189,3.477,305.269,54.321,836.859,0,NA,NA,NA,NA,49.347,NA,0.694,28.613,14.631
12/10/2024 01:00:00 PM,692.715,29.826,4.35,319.303,59.812,827.482,0,NA,NA,NA,NA,3.926,NA,0.633,24.274,12.726
12/10/2024 02:00:00 PM,692.203,29.898,4.034,314.79,61.671,687.412,0,NA,NA,NA,NA,6.784,NA,0.674,21.796,11.893
12/10/2024 03:00:00 PM,691.932,29.734,3.145,307.183,62.19,397.751,0,NA,NA,NA,NA,33.989,NA,0.262,18.941,10.989
12/10/2024 04:00:00 PM,691.686,29.179,3.176,279.242,65.185,84.663,0,NA,NA,NA,NA,61.334,NA,0.262,18.908,11.227
12/10/2024 05:00:00 PM,691.72,28.828,2.201,312.442,68.088,67.956,0,NA,NA,NA,NA,59.518,NA,0.262,25.968,14.101
12/10/2024 06:00:00 PM,691.888,27.342,1.526,311.157,73.175,14.516,0,NA,NA,NA,NA,58.1,NA,0.262,29.15,15.401
12/10/2024 07:00:00 PM,692.269,26.115,1.365,302.662,78.954,0,0,NA,NA,NA,NA,52.598,NA,0.262,30.097,17.577
12/10/2024 08:00:00 PM,692.882,25.651,1.252,8.974,80.792,0,0,NA,NA,NA,NA,39.274,NA,0.279,29.774,16.6
12/10/2024 09:00:00 PM,693.505,24.889,1.247,99.067,80.138,0,0,NA,NA,NA,NA,31.114,NA,0.386,27.084,15.273
12/10/2024 10:00:00 PM,693.838,24.243,1.648,101.887,77.744,0,0,NA,NA,NA,NA,29.56,NA,0.436,23.341,13.003
12/10/2024 11:00:00 PM,694.035,23.911,1.876,37.728,74.542,0,0,NA,NA,NA,NA,29.929,NA,0.696,18.879,11.356
12/11/2024 12:00:00 AM,693.912,23.722,1.964,60.021,72.142,0,0,NA,NA,NA,NA,29.259,NA,1.745,17.164,10.238
12/11/2024 01:00:00 AM,693.741,23.251,0.916,80.013,73.546,0,0,NA,NA,NA,NA,20.716,NA,1.239,16.482,10.048
12/11/2024 02:00:00 AM,693.441,22.285,0.591,103.933,78.851,0,0,NA,NA,NA,NA,10.845,NA,2.775,20.649,12.955
12/11/2024 03:00:00 AM,693.208,21.277,0.629,333.623,85.077,0,0,NA,NA,NA,NA,5.94,NA,5.462,32.533,19.314
12/11/2024 04:00:00 AM,693.222,21.176,0.853,18.566,77.935,0,0,NA,NA,NA,NA,19.67,NA,0.893,15.968,9.605
12/11/2024 05:00:00 AM,693.511,20.865,0.782,314.411,81.517,0,0,NA,NA,NA,NA,9.915,NA,3.469,22.249,12.701
12/11/2024 06:00:00 AM,693.924,20.686,0.502,29.074,83.342,0.096,0,NA,NA,NA,NA,6.822,NA,4.128,28.67,15.337
12/11/2024 07:00:00 AM,694.597,21.004,0.576,279.867,83.602,10.214,0,NA,NA,NA,NA,4.424,NA,3.81,37.535,18.74
12/11/2024 08:00:00 AM,695.287,22.998,1.126,272.373,79.836,61.383,0,NA,NA,NA,NA,8.374,NA,6.565,45.21,22.545
12/11/2024 09:00:00 AM,695.554,25.585,1.049,327.384,68.106,289.218,0,NA,NA,NA,NA,16.644,NA,1.85,44.199,20.448
12/11/2024 10:00:00 AM,695.352,28.098,0.902,311.678,62.346,818.709,0,NA,NA,NA,NA,36.88,NA,1.077,47.91,24.393
12/11/2024 11:00:00 AM,694.932,29.735,1.693,5.132,56.004,632.876,0,NA,NA,NA,NA,59.964,NA,0.28,34.142,16.527
12/11/2024 12:00:00 PM,694.452,29.643,3.075,308.596,55.837,858.109,0,NA,NA,NA,NA,67.674,NA,0.284,23.94,12.094
12/11/2024 01:00:00 PM,693.924,29.863,3.57,329.829,57.964,823.326,0,NA,NA,NA,NA,68.697,NA,0.268,21.611,12.95
12/11/2024 02:00:00 PM,693.284,29.842,3.715,319.308,60.131,682.486,0,NA,NA,NA,NA,67.362,NA,0.309,22.775,14.352
12/11/2024 03:00:00 PM,692.862,29.743,3.553,291.773,61.721,453.06,0,NA,NA,NA,NA,64.78,NA,0.262,21.962,13.231
12/11/2024 04:00:00 PM,692.697,29.314,3.607,317.247,64.143,120.784,0,NA,NA,NA,NA,65.666,NA,0.262,19.356,11.778
12/11/2024 05:00:00 PM,692.896,28.333,2.483,314.602,67.356,63.638,0,NA,NA,NA,NA,63.84,NA,0.262,21.029,11.908
12/11/2024 06:00:00 PM,693.241,27.16,1.77,312.718,73.319,15.643,0,NA,NA,NA,NA,55.768,NA,0.275,27.598,14.275
12/11/2024 07:00:00 PM,693.723,25.91,1.072,293.553,79.29,0,0,NA,NA,NA,NA,42.354,NA,0.679,34.006,15.874
12/11/2024 08:00:00 PM,694.373,25.206,1.245,27.973,79.902,0,0,NA,NA,NA,NA,26.478,NA,0.381,32.33,16.234
12/11/2024 09:00:00 PM,695.157,24.878,1.069,38.471,78.023,0,0,NA,NA,NA,NA,28.212,NA,0.262,31.087,15.071
12/11/2024 10:00:00 PM,695.506,24.516,1.02,44.383,78.872,0,0,NA,NA,NA,NA,24.383,NA,0.673,31.066,15.152
12/11/2024 11:00:00 PM,695.486,24.015,1.346,61.041,79.645,0,0,NA,NA,NA,NA,26.981,NA,0.572,25.724,13.355
12/12/2024 12:00:00 AM,695.353,23.792,1.799,98.42,79.003,0,0,NA,NA,NA,NA,26.253,NA,0.963,21.743,12.194
12/12/2024 01:00:00 AM,695.109,23.577,1.668,98.96,77.901,0,0,NA,NA,NA,NA,25.802,NA,1.158,18.327,11.293
12/12/2024 02:00:00 AM,694.678,23.247,1.57,58.717,77.704,0,0,NA,NA,NA,NA,22.129,NA,0.799,17.7,11.03
12/12/2024 03:00:00 AM,694.207,22.821,1.641,38.291,77.567,0,0,NA,NA,NA,NA,19.261,NA,0.563,17.274,10.405
12/12/2024 04:00:00 AM,693.916,22.858,1.565,79.028,74.524,0,0,NA,NA,NA,NA,20.199,NA,0.572,13.523,9.326
12/12/2024 05:00:00 AM,694.07,22.566,1.462,86.202,73.713,0,0,NA,NA,NA,NA,18.884,NA,0.657,13.533,9.287
12/12/2024 06:00:00 AM,694.499,21.979,1.584,52.428,74.684,0.048,0,NA,NA,NA,NA,13.404,NA,0.626,14.554,9.317
12/12/2024 07:00:00 AM,694.783,21.943,1.88,94.561,72.734,9.022,0,NA,NA,NA,NA,13.717,NA,0.693,16.838,9.465
12/12/2024 08:00:00 AM,695.554,23.48,1.315,60.407,72.077,101.371,0,NA,NA,NA,NA,10.85,NA,1.3,28.43,12.417
12/12/2024 09:00:00 AM,695.972,25.958,0.945,35.193,71,319.209,0,NA,NA,NA,NA,16.788,NA,1.032,31.648,14.873
12/12/2024 10:00:00 AM,695.85,26.962,1.573,324.088,67.092,808.615,0,NA,NA,NA,NA,30.289,NA,1.616,31.944,16.274
12/12/2024 11:00:00 AM,695.657,28.038,1.751,34.186,66.159,482.06,0,NA,NA,NA,NA,51.138,NA,0.84,29.188,15.294
12/12/2024 12:00:00 PM,694.962,28.614,2.799,312.61,65.643,783.483,0,NA,NA,NA,NA,54.296,NA,0.815,24.529,13.079
12/12/2024 01:00:00 PM,694.121,28.543,3.608,311.627,65.571,381.72,0,NA,NA,NA,NA,52.137,NA,0.939,21.028,11.227
12/12/2024 02:00:00 PM,693.487,27.734,3.924,319.746,69.863,256.492,0,NA,NA,NA,NA,47.774,NA,0.618,20.092,12.732
12/12/2024 03:00:00 PM,693,27.008,3.372,325.714,73.658,212.86,0,NA,NA,NA,NA,44.453,NA,0.922,18.921,10.536
12/12/2024 04:00:00 PM,692.671,26.65,3.136,348.236,74.428,108.202,0,NA,NA,NA,NA,42.24,NA,1.048,18.645,10.913
12/12/2024 05:00:00 PM,692.525,25.864,1.711,304.838,77.467,66.78,0,NA,NA,NA,NA,44.424,NA,1.186,27.83,11.851
12/12/2024 06:00:00 PM,692.486,25.539,1.762,303.908,77.196,22.12,0,NA,NA,NA,NA,36.038,NA,1.113,21.289,11.071
12/12/2024 07:00:00 PM,692.809,24.645,1.522,342.08,78.982,0,0,NA,NA,NA,NA,14.78,NA,1.486,30.934,15.126
12/12/2024 08:00:00 PM,693.306,23.973,1.166,326.944,81.621,0,0,NA,NA,NA,NA,14.463,NA,1.481,32.48,15.988
12/12/2024 09:00:00 PM,693.927,23.405,1.249,77.896,82.388,0,0,NA,NA,NA,NA,14.8,NA,0.594,30.534,14.443
12/12/2024 10:00:00 PM,694.387,22.921,1.625,80.559,81.941,0,0,NA,NA,NA,NA,17.145,NA,1.139,23.452,12.218
12/12/2024 11:00:00 PM,694.748,22.797,1.271,75.754,80.895,0,0,NA,NA,NA,NA,14.454,NA,1.22,20.188,11.011
12/13/2024 12:00:00 AM,694.781,22.843,1.16,62.252,80.409,0,0,NA,NA,NA,NA,16.587,NA,1.366,20.315,11.243
12/13/2024 01:00:00 AM,694.421,22.728,0.971,99.799,81.267,0,0,NA,NA,NA,NA,10.545,NA,1.713,19.108,10.928
12/13/2024 02:00:00 AM,693.912,22.547,0.906,105.494,83.575,0,0,NA,NA,NA,NA,5.047,NA,5.882,20.305,11.852
12/13/2024 03:00:00 AM,693.56,22.077,1.225,22.889,84.869,0,0,NA,NA,NA,NA,4.411,NA,2.566,21.289,12.857
12/13/2024 04:00:00 AM,693.492,22.077,1.385,71.449,82.299,0,0,NA,NA,NA,NA,11.008,NA,1.114,15.876,9.889
12/13/2024 05:00:00 AM,693.566,21.931,1.631,18.806,79.951,0,0,NA,NA,NA,NA,13.253,NA,0.696,15.032,9.987
12/13/2024 06:00:00 AM,693.676,21.79,1.61,61.176,78.408,0.032,0,NA,NA,NA,NA,10.697,NA,0.519,13.436,8.455
12/13/2024 07:00:00 AM,694.141,21.798,1.647,93.641,76.751,14.693,0,NA,NA,NA,NA,8.115,NA,0.852,14.789,8.536
12/13/2024 08:00:00 AM,694.664,22.55,1.325,41.582,73.106,60.98,0,NA,NA,NA,NA,9.14,NA,0.921,21.103,9.463
12/13/2024 09:00:00 AM,694.856,26.095,1.075,99.406,65.54,281.235,0,NA,NA,NA,NA,12.211,NA,1.024,33.457,11.768
12/13/2024 10:00:00 AM,694.801,27.378,1.611,294.566,66.438,714.222,0,NA,NA,NA,NA,30.672,NA,1.048,19.543,9.099
12/13/2024 11:00:00 AM,694.566,27.233,3.142,319.221,68.8,598.785,0,NA,NA,NA,NA,45.447,NA,0.751,16.545,8.76
12/13/2024 12:00:00 PM,694.15,27.348,4.122,331.622,69.978,542.783,0,NA,NA,NA,NA,48.857,NA,0.762,17.883,9.596
12/13/2024 01:00:00 PM,693.535,27.27,3.9,320.377,70.601,436.304,0,NA,NA,NA,NA,49.994,NA,0.511,16.907,9.272
12/13/2024 02:00:00 PM,692.861,27.607,3.888,320.489,68.947,583.657,0,NA,NA,NA,NA,51.055,NA,0.469,15.533,8.793
12/13/2024 03:00:00 PM,692.308,27.846,3.653,333.264,68.376,386.569,0,NA,NA,NA,NA,50.311,NA,0.554,13.908,8.444
12/13/2024 04:00:00 PM,692.179,26.478,3.644,324.477,74.3,138.41,0,NA,NA,NA,NA,47.193,NA,0.627,15.108,8.748
12/13/2024 05:00:00 PM,692.393,23.305,1.406,347.825,90.059,38.666,3.4,NA,NA,NA,NA,23.548,NA,1.064,18.223,10.395
12/13/2024 06:00:00 PM,692.53,24.063,0.647,343.769,88.527,20.138,0,NA,NA,NA,NA,11.708,NA,0.265,26.098,12.966
12/13/2024 07:00:00 PM,692.857,23.912,0.668,349.299,89.714,0,0,NA,NA,NA,NA,9.074,NA,0.322,33.64,18.101
12/13/2024 08:00:00 PM,693.399,23.916,0.592,119.154,87.458,0,0,NA,NA,NA,NA,31.404,NA,0.343,27.53,15.885
12/13/2024 09:00:00 PM,693.914,23.849,0.617,5.537,88.025,0,0,NA,NA,NA,NA,19.253,NA,0.262,29.972,18.131
12/13/2024 10:00:00 PM,694.378,23.587,0.943,102.329,86.873,0,0,NA,NA,NA,NA,22.183,NA,0.262,35.544,20.601
12/13/2024 11:00:00 PM,694.523,23.38,0.867,95.631,86.444,0,0,NA,NA,NA,NA,27.552,NA,0.328,24.405,14.625
12/14/2024 12:00:00 AM,694.336,23.165,0.935,60.194,87.077,0,0,NA,NA,NA,NA,17.623,NA,0.262,22.581,13.582
12/14/2024 01:00:00 AM,694.132,22.93,0.933,288.816,88.112,0,0,NA,NA,NA,NA,19.744,NA,0.262,19.211,12.529
12/14/2024 02:00:00 AM,693.572,22.856,0.888,93.547,87.458,0,0,NA,NA,NA,NA,21.451,NA,0.262,16.824,11.382
12/14/2024 03:00:00 AM,693.293,22.861,1.173,99.622,85.821,0,0,NA,NA,NA,NA,20.335,NA,0.262,15.085,9.607
12/14/2024 04:00:00 AM,693.182,22.675,1.194,90.006,84.425,0,0,NA,NA,NA,NA,16.048,NA,0.262,13.446,8.009
12/14/2024 05:00:00 AM,693.328,22.419,1.281,79.976,82.087,0,0,NA,NA,NA,NA,14.733,NA,0.412,11.52,6.907
12/14/2024 06:00:00 AM,693.73,22.127,1.565,109.319,80.521,0,0,NA,NA,NA,NA,13.942,NA,1.288,11.565,6.758
12/14/2024 07:00:00 AM,694.37,21.876,1.279,60.439,81.262,10.681,0,NA,NA,NA,NA,11.017,NA,1.705,15.029,7.989
12/14/2024 08:00:00 AM,694.938,23.775,1.016,81.62,71.823,38.231,0,NA,NA,NA,NA,12.698,NA,1.746,17.442,8.561
12/14/2024 09:00:00 AM,695.09,26.003,0.763,341.971,67.631,253.595,0,NA,NA,NA,NA,29.38,NA,2.073,20.672,10.827
12/14/2024 10:00:00 AM,694.902,27.406,1.453,355.07,66.227,732.129,0,NA,NA,NA,NA,38.455,NA,1.838,24.728,14.182
12/14/2024 11:00:00 AM,694.648,27.631,3.141,343.045,65.079,574.313,0,NA,NA,NA,NA,68.36,NA,0.623,17.993,10.772
12/14/2024 12:00:00 PM,694.181,27.498,3.572,314.015,67.867,540.737,0,NA,NA,NA,NA,61.339,NA,0.537,14.627,8.033
12/14/2024 01:00:00 PM,693.798,27.398,3.776,289.295,67.911,451.916,0,NA,NA,NA,NA,60.333,NA,0.621,14.963,7.706
12/14/2024 02:00:00 PM,693.144,27.895,3.581,301.476,66.315,563.359,0,NA,NA,NA,NA,62.211,NA,0.486,14.569,7.275
12/14/2024 03:00:00 PM,692.472,28.255,4.537,323.502,64.015,591.132,0,NA,NA,NA,NA,63.766,NA,0.723,14.609,7.138
12/14/2024 04:00:00 PM,692.111,28.361,3.146,308.791,62.776,108.298,0,NA,NA,NA,NA,58.69,NA,0.597,11.852,5.928
12/14/2024 05:00:00 PM,692.108,27.822,2.661,283.721,64.936,66.635,0,NA,NA,NA,NA,54.572,NA,0.732,13.124,6.021
12/14/2024 06:00:00 PM,692.24,26.69,1.428,279.395,68.691,12.196,0,NA,NA,NA,NA,47.442,NA,1.017,16.222,6.937
12/14/2024 07:00:00 PM,692.63,25.074,1.18,322.082,75.606,0,0,NA,NA,NA,NA,40.035,NA,1.114,18.454,8.796
12/14/2024 08:00:00 PM,693.202,24.322,0.726,309.454,79.598,0,0,NA,NA,NA,NA,40.02,NA,1.115,17.474,8.677
12/14/2024 09:00:00 PM,693.725,23.858,0.744,6.026,81.39,0,0,NA,NA,NA,NA,23.145,NA,2.009,27.465,14.065
12/14/2024 10:00:00 PM,694.264,23.233,1.073,95.204,82.664,0,0,NA,NA,NA,NA,23.546,NA,0.836,23.262,10.457
12/14/2024 11:00:00 PM,694.36,22.814,1.343,105.726,83.326,0,0,NA,NA,NA,NA,25.233,NA,0.743,20.808,10.239
12/15/2024 12:00:00 AM,694.368,22.778,1.49,54.542,81.094,0,0,NA,NA,NA,NA,21.582,NA,1.123,14.299,7.538
12/15/2024 01:00:00 AM,694.183,22.552,1.17,34.499,81.428,0,0,NA,NA,NA,NA,15.064,NA,2.736,15.283,8.379
12/15/2024 02:00:00 AM,693.834,22.417,1.224,20.85,83.192,0,0,NA,NA,NA,NA,16.615,NA,3.112,15.12,8.362
12/15/2024 03:00:00 AM,693.34,22.108,1.299,65.797,80.517,0,0,NA,NA,NA,NA,13.716,NA,2.735,12.357,6.695
12/15/2024 04:00:00 AM,693.17,22.222,1.062,122.411,78.317,0,0,NA,NA,NA,NA,21.165,NA,3.872,15.804,9.751
12/15/2024 05:00:00 AM,693.349,21.622,1.104,26.566,77.424,0,0,NA,NA,NA,NA,12.861,NA,3.53,15.714,9.306
12/15/2024 06:00:00 AM,693.68,21.763,1.622,41.894,72.912,0,0,NA,NA,NA,NA,18.108,NA,2.288,9.087,4.889
12/15/2024 07:00:00 AM,694.182,21.887,1.511,79.449,70.366,4.414,0,NA,NA,NA,NA,15.442,NA,2.142,9.337,4.978
12/15/2024 08:00:00 AM,694.855,22.466,1.278,97.779,67.915,65.33,0,NA,NA,NA,NA,15.06,NA,2.234,14.321,8.462
12/15/2024 09:00:00 AM,695.285,24.317,0.979,108.281,67.942,229.373,0,NA,NA,NA,NA,22.382,NA,2.845,19.261,10.42
12/15/2024 10:00:00 AM,695.215,25.669,1.405,315.868,70.008,724.517,0,NA,NA,NA,NA,36.279,NA,3.636,27.695,15.573
12/15/2024 11:00:00 AM,694.852,28.86,1.412,227.488,61.123,641.834,0,NA,NA,NA,NA,51.844,NA,2.511,20.475,13.073
12/15/2024 12:00:00 PM,694.358,27.652,3.231,288.692,66.651,551.29,0,NA,NA,NA,NA,54.003,NA,2.346,17.186,8.91
12/15/2024 01:00:00 PM,693.728,27.57,3.929,321.699,67.481,609.87,0,NA,NA,NA,NA,51.196,NA,2.313,14.535,8.58
12/15/2024 02:00:00 PM,693.041,27.962,4.09,318.028,64.641,618.134,0,NA,NA,NA,NA,52.12,NA,2.68,14.061,8.521
12/15/2024 03:00:00 PM,692.394,28.077,4.251,318.882,63.114,512.591,0,NA,NA,NA,NA,53.706,NA,2.345,13.135,7.085
12/15/2024 04:00:00 PM,692.094,28.524,3.319,304.669,61.878,128.647,0,NA,NA,NA,NA,51.523,NA,2.733,11.461,6.595
12/15/2024 05:00:00 PM,692.059,27.994,2.533,293.7,62.45,71.694,0,NA,NA,NA,NA,50.045,NA,2.481,11.9,6.169
12/15/2024 06:00:00 PM,692.26,26.404,2.068,314.039,70.505,11.938,0,NA,NA,NA,NA,48.48,NA,2.707,17.505,8.053
12/15/2024 07:00:00 PM,692.823,25.008,1.502,304.816,77.061,0,0,NA,NA,NA,NA,49.701,NA,3.012,18.131,8.933
12/15/2024 08:00:00 PM,693.694,24.784,0.954,333.326,79.086,0,0,NA,NA,NA,NA,50.399,NA,2.835,15.446,8.142
12/15/2024 09:00:00 PM,694.242,24.448,1.164,323.132,81.197,0,0,NA,NA,NA,NA,49.771,NA,2.732,19.607,9.552
12/15/2024 10:00:00 PM,694.864,24.265,1.215,326.369,82.49,0,0,NA,NA,NA,NA,38.991,NA,2.883,22.256,9.487
12/15/2024 11:00:00 PM,695.04,24.024,0.955,21.146,83.864,0,0,NA,NA,NA,NA,41.197,NA,2.179,16,7.82
12/16/2024 12:00:00 AM,694.76,23.828,0.643,282.467,85.352,0,0,NA,NA,NA,NA,33.92,NA,2.154,15.691,7.95
12/16/2024 01:00:00 AM,694.43,23.636,1.029,12.01,86.271,0,0,NA,NA,NA,NA,31.058,NA,1.204,15.22,7.831
12/16/2024 02:00:00 AM,693.945,23.05,1.022,57.704,89.63,0,0,NA,NA,NA,NA,28.195,NA,1.511,11.704,6.941
12/16/2024 03:00:00 AM,693.649,22.485,0.922,11.102,91.923,0,0,NA,NA,NA,NA,21.342,NA,1.198,14.462,7.086
12/16/2024 04:00:00 AM,693.483,22.429,1.308,98.572,87.005,0,0,NA,NA,NA,NA,12.681,NA,1.132,12.113,6.266
12/16/2024 05:00:00 AM,693.638,21.477,1.981,95.767,88.715,0,0.6,NA,NA,NA,NA,16.324,NA,2.087,10.371,6.219
12/16/2024 06:00:00 AM,693.955,21.331,1.264,103.086,85.418,0,0.2,NA,NA,NA,NA,6.946,NA,2.242,12.903,6.615
12/16/2024 07:00:00 AM,694.485,21.294,0.79,54.589,84.07,19.091,0.2,NA,NA,NA,NA,4.685,NA,2.715,15.004,8.152
12/16/2024 08:00:00 AM,695.03,23.762,0.82,51.647,75.637,110.264,0,NA,NA,NA,NA,7.226,NA,2.1,16.422,8.628
12/16/2024 09:00:00 AM,695.33,25.39,1.006,53.188,69.31,142.601,0,NA,NA,NA,NA,16.345,NA,2.373,19.945,9.075
12/16/2024 10:00:00 AM,695.139,26.961,1.05,301.652,70.905,615.226,0,NA,NA,NA,NA,27.798,NA,2.854,27.887,15.039
12/16/2024 11:00:00 AM,694.868,27.256,2.538,318.799,69.236,467.673,0,NA,NA,NA,NA,54.346,NA,1.521,16.699,9.816
12/16/2024 12:00:00 PM,694.338,27.468,3.266,306.062,70.004,806.296,0,NA,NA,NA,NA,55.205,NA,1.88,14.207,8.537
12/16/2024 01:00:00 PM,693.766,27.711,3.761,315.356,69.298,604.956,0,NA,NA,NA,NA,58.672,NA,1.017,14.591,8.548
12/16/2024 02:00:00 PM,693.273,27.921,3.247,318.221,68.721,500.797,0,NA,NA,NA,NA,55.561,NA,1.16,14.124,8.409
12/16/2024 03:00:00 PM,692.731,28.017,3.884,338.795,69.316,483.494,0,NA,NA,NA,NA,54.534,NA,0.947,14.954,8.983
12/16/2024 04:00:00 PM,692.376,27.891,3.342,324.313,70.366,171.003,0,NA,NA,NA,NA,54.137,NA,0.575,18.018,11.475
12/16/2024 05:00:00 PM,692.579,27.515,2.425,327.058,72.595,108.46,0,NA,NA,NA,NA,57.114,NA,0.615,23.459,15.204
12/16/2024 06:00:00 PM,693.112,26.029,1.961,288.884,77.861,28.291,0,NA,NA,NA,NA,50.641,NA,0.719,29.331,15.639
12/16/2024 07:00:00 PM,693.65,24.878,1.458,271.316,81.764,0,0,NA,NA,NA,NA,47.36,NA,1.02,26.124,11.561
12/16/2024 08:00:00 PM,694.282,24.476,1.013,303.64,82.578,0,0,NA,NA,NA,NA,44.765,NA,0.997,18.373,9.667
12/16/2024 09:00:00 PM,695.011,24.285,1.027,11.77,84.251,0,0,NA,NA,NA,NA,31.244,NA,0.973,20.737,12.017
12/16/2024 10:00:00 PM,695.413,24.163,0.711,317.415,85.42,0,0,NA,NA,NA,NA,25.817,NA,1.255,26.993,13.658
12/16/2024 11:00:00 PM,695.539,23.736,0.536,304.035,87.794,0,0,NA,NA,NA,NA,11.03,NA,1.697,27.527,14.91
12/17/2024 12:00:00 AM,695.588,23.834,0.892,56.636,87.589,0,0,NA,NA,NA,NA,18.629,NA,1.528,25.274,13.794
12/17/2024 01:00:00 AM,695.408,23.33,0.774,52.569,90.337,0,0,NA,NA,NA,NA,17.205,NA,0.436,23.588,13.234
12/17/2024 02:00:00 AM,695.157,22.929,0.882,46.611,92.31,0,0,NA,NA,NA,NA,14.442,NA,0.262,19.887,11.568
12/17/2024 03:00:00 AM,694.774,22.643,0.947,101.185,93.988,0,0.2,NA,NA,NA,NA,13.209,NA,0.262,19.279,12.022
12/17/2024 04:00:00 AM,694.607,22.415,0.751,39.159,92.827,0,0,NA,NA,NA,NA,13.046,NA,0.262,16.915,10.542
12/17/2024 05:00:00 AM,694.525,22.24,0.893,59.513,90.678,0,0,NA,NA,NA,NA,5.996,NA,0.262,18.008,10.625
12/17/2024 06:00:00 AM,694.797,22.343,1.082,60.765,86.715,0,0,NA,NA,NA,NA,5.306,NA,0.262,17.445,10.512
12/17/2024 07:00:00 AM,695.417,22.233,1.621,42.78,83.176,21.749,0,NA,NA,NA,NA,5.161,NA,0.36,18.753,10.79
12/17/2024 08:00:00 AM,695.811,23.437,1.417,64.503,76.052,68.149,0,NA,NA,NA,NA,6.262,NA,0.338,17.218,9.54
12/17/2024 09:00:00 AM,695.945,24.785,1.141,94.167,70.311,210.523,0,NA,NA,NA,NA,11.023,NA,0.262,20.283,10.518
12/17/2024 10:00:00 AM,695.777,28.007,1.096,38.462,66.698,661.586,0,NA,NA,NA,NA,28.796,NA,1.676,38.115,21.529
12/17/2024 11:00:00 AM,695.291,29.623,1.396,341.697,60.546,604.198,0,NA,NA,NA,NA,54.834,NA,0.309,32.874,19.946
12/17/2024 12:00:00 PM,694.541,30.222,2.153,331.638,58.617,711.901,0,NA,NA,NA,NA,76.174,NA,0.262,24.396,15
12/17/2024 01:00:00 PM,693.854,29.883,3.292,310.363,63.812,688.202,0.2,NA,NA,NA,NA,67.784,NA,0.262,23.37,12.709
12/17/2024 02:00:00 PM,693.434,28.882,4.219,308.23,68.209,385.925,0,NA,NA,NA,NA,54.374,NA,0.262,20.521,11.437
12/17/2024 03:00:00 PM,693.125,28.552,3.77,311.968,70.945,359.068,0,NA,NA,NA,NA,56.433,NA,0.262,22.513,14.446
12/17/2024 04:00:00 PM,692.975,27.185,3.56,339.036,75.785,87.145,0,NA,NA,NA,NA,52.255,NA,0.262,20.044,12.768
12/17/2024 05:00:00 PM,693.032,27.13,2.953,320.476,76.025,82.392,0,NA,NA,NA,NA,47.465,NA,0.262,19.713,12.277
12/17/2024 06:00:00 PM,693.439,26.485,2.108,291.714,78.757,20.122,0,NA,NA,NA,NA,53.765,NA,0.262,24.358,13.729
12/17/2024 07:00:00 PM,693.965,25.626,1.418,319.946,81.328,0,0,NA,NA,NA,NA,39.354,NA,0.262,22.886,14.261
12/17/2024 08:00:00 PM,694.374,25.2,0.794,329.481,82.1,0,0,NA,NA,NA,NA,22.207,NA,0.262,26.4,15.461
12/17/2024 09:00:00 PM,695.027,24.428,1.164,317.636,84.25,0,0,NA,NA,NA,NA,19.695,NA,0.262,30.311,16.157
12/17/2024 10:00:00 PM,695.587,24.132,1.373,36.606,83.669,0,0,NA,NA,NA,NA,22.258,NA,0.262,23.423,12.993
12/17/2024 11:00:00 PM,695.622,23.907,1.292,64.543,83.367,0,0,NA,NA,NA,NA,21.701,NA,0.262,18.954,11.743
12/18/2024 12:00:00 AM,695.432,23.912,0.971,30.9,82.782,0,0,NA,NA,NA,NA,17.006,NA,0.262,19.717,12.25
12/18/2024 01:00:00 AM,695.138,23.405,0.893,52.733,84.009,0,0,NA,NA,NA,NA,10.742,NA,0.474,20.578,12.652
12/18/2024 02:00:00 AM,694.75,23.253,0.901,30.63,81.985,0,0,NA,NA,NA,NA,15.215,NA,-999,16.833,11.261
12/18/2024 03:00:00 AM,694.448,22.655,0.987,103.67,84.839,0,0,NA,NA,NA,NA,-999,NA,-999,17.995,12.11
12/18/2024 04:00:00 AM,694.46,21.773,0.626,313.665,90.023,0,0,NA,NA,NA,NA,4.68,NA,3.294,21.383,13.765
12/18/2024 05:00:00 AM,694.563,21.921,0.569,196.091,88.888,0,0,NA,NA,NA,NA,-999,NA,-999,23.056,14.665
12/18/2024 06:00:00 AM,694.894,22.016,0.67,142.613,85.861,0.016,0,NA,NA,NA,NA,6.452,NA,2.152,22.03,13.84
12/18/2024 07:00:00 AM,695.523,22.022,0.694,231.942,87.259,8.442,0,NA,NA,NA,NA,7.536,NA,5.651,35.079,19.616
12/18/2024 08:00:00 AM,696.036,23.228,1.004,331.785,78.893,40.873,0,NA,NA,NA,NA,6.867,NA,3.184,34.678,16.081
12/18/2024 09:00:00 AM,696.042,26.793,0.947,344.937,66.666,237.735,0,NA,NA,NA,NA,16.145,NA,2.225,28.778,14.644
12/18/2024 10:00:00 AM,695.693,28.387,1.158,314.062,63.682,690.562,0,NA,NA,NA,NA,36.649,NA,0.846,29.648,16.496
12/18/2024 11:00:00 AM,695.422,30.04,1.984,23.335,58.63,578.114,0,NA,NA,NA,NA,63.538,NA,0.554,29.883,16.786
12/18/2024 12:00:00 PM,695.045,29.554,3.707,308.502,62.76,732.024,0,NA,NA,NA,NA,69.248,NA,0.524,26.683,15.459
12/18/2024 01:00:00 PM,694.412,29.239,3.535,311.825,64.684,733.474,0,NA,NA,NA,NA,61.569,NA,0.32,19.927,13.418
12/18/2024 02:00:00 PM,693.712,29.497,3.858,322.792,63.5,450.531,0,NA,NA,NA,NA,59.936,NA,0.262,19.767,13.376
12/18/2024 03:00:00 PM,693.049,29.93,3.837,321.981,63.515,553.593,0,NA,NA,NA,NA,57.892,NA,0.262,18.819,11.625
12/18/2024 04:00:00 PM,692.719,28.756,3.616,322.92,69.07,89.481,0,NA,NA,NA,NA,57.645,NA,0.262,19.58,12.391
12/18/2024 05:00:00 PM,692.767,28.471,2.705,318.975,69.856,71.791,0,NA,NA,NA,NA,58.619,NA,0.262,21.673,14.485
12/18/2024 06:00:00 PM,693.22,27.496,2.34,316.867,71.779,16.465,0,NA,NA,NA,NA,50.748,NA,0.262,21.993,13.604
12/18/2024 07:00:00 PM,693.666,26.277,0.963,301.095,77.447,0,0,NA,NA,NA,NA,44.412,NA,0.262,29.625,15.069
12/18/2024 08:00:00 PM,694.16,25.591,0.863,311.686,80.41,0,0,NA,NA,NA,NA,21.998,NA,0.262,28.257,16.363
12/18/2024 09:00:00 PM,694.596,25.252,1.329,12.72,79.422,0,0,NA,NA,NA,NA,24.595,NA,0.262,28.997,16.619
12/18/2024 10:00:00 PM,694.805,24.874,1.027,89.347,79.582,0,0,NA,NA,NA,NA,19.907,NA,0.262,25.362,14.54
12/18/2024 11:00:00 PM,694.817,24.422,1.062,47.955,80.092,0,0,NA,NA,NA,NA,17.963,NA,0.262,22.118,13.183
12/19/2024 12:00:00 AM,694.914,24.262,0.896,54.985,79.616,0,0,NA,NA,NA,NA,20.557,NA,0.361,18.903,11.604
12/19/2024 01:00:00 AM,694.703,23.509,0.765,345.253,82.593,0,0,NA,NA,NA,NA,8.925,NA,1.66,21.074,13.017
12/19/2024 02:00:00 AM,694.445,23.795,1.146,91.817,76.048,0,0,NA,NA,NA,NA,15.455,NA,2.626,15.178,9.035
12/19/2024 03:00:00 AM,694.059,23.528,1.041,40.823,75.281,0,0,NA,NA,NA,NA,15.168,NA,3.383,13.127,8.391
12/19/2024 04:00:00 AM,693.885,22.88,0.689,55.616,77.953,0,0,NA,NA,NA,NA,11.255,NA,3.301,14.039,8.786
12/19/2024 05:00:00 AM,693.949,22.893,0.622,78.063,76.617,0,0,NA,NA,NA,NA,14.122,NA,-999,14.603,8.608
12/19/2024 06:00:00 AM,694.142,22.306,0.663,55.522,81.391,0,0,NA,NA,NA,NA,6.522,NA,-999,23.973,12.766
12/19/2024 07:00:00 AM,694.542,22.448,0.762,65.923,76.855,11.745,0,NA,NA,NA,NA,5.66,NA,2.876,17.549,9.429
12/19/2024 08:00:00 AM,695.388,24.563,0.803,26.551,70.212,59.53,0,NA,NA,NA,NA,7.589,NA,4.337,26.27,12.194
12/19/2024 09:00:00 AM,695.679,26.38,1.078,27.3,63.508,234.996,0,NA,NA,NA,NA,-999,NA,-999,25.466,11.585
12/19/2024 10:00:00 AM,695.623,27.889,1.085,325.24,62.71,685.205,0,NA,NA,NA,NA,32.21,NA,3.396,33.246,16.718
12/19/2024 11:00:00 AM,695.415,29.019,1.676,31.585,58.716,579.259,0,NA,NA,NA,NA,49.438,NA,3.124,34.922,15.931
12/19/2024 12:00:00 PM,694.694,29.96,2.711,328.677,56.685,691.053,0,NA,NA,NA,NA,70.474,NA,2.046,25.679,13.02
12/19/2024 01:00:00 PM,693.914,30.357,2.696,316.786,57.827,704.458,0,NA,NA,NA,NA,-999,NA,-999,24.419,13.95
12/19/2024 02:00:00 PM,693.402,30.183,3.457,315.864,58.564,399.829,0,NA,NA,NA,NA,66.999,NA,1.904,20.286,11.73
12/19/2024 03:00:00 PM,693.191,29.338,3.342,324.58,65.065,259.92,0,NA,NA,NA,NA,66.641,NA,1.648,20.549,12.903
12/19/2024 04:00:00 PM,692.931,28.869,3.169,318.381,68.856,153.2,0,NA,NA,NA,NA,63.618,NA,0.837,23.793,14.161
12/19/2024 05:00:00 PM,693.04,27.844,3.718,320.877,73.002,66.232,0,NA,NA,NA,NA,63.194,NA,0.992,22.283,13.37
12/19/2024 06:00:00 PM,693.361,26.707,2.847,312.567,77.446,15.708,0,NA,NA,NA,NA,63.904,NA,0.944,24.897,14.089
12/19/2024 07:00:00 PM,693.711,25.883,1.521,294.013,83.449,0,0,NA,NA,NA,NA,54.681,NA,1.027,29.244,16.57
12/19/2024 08:00:00 PM,694.211,25.437,1.104,17.892,86.04,0,0,NA,NA,NA,NA,40.049,NA,0.961,33.938,19.834
12/19/2024 09:00:00 PM,695.085,25.039,1.166,12.542,85.511,0,0,NA,NA,NA,NA,29.378,NA,1.05,33.608,20.105
12/19/2024 10:00:00 PM,695.465,24.719,0.931,84.684,83.834,0,0,NA,NA,NA,NA,37.238,NA,1.602,30.364,18.459
12/19/2024 11:00:00 PM,695.527,24.377,1.137,73.335,82.3,0,0,NA,NA,NA,NA,21.586,NA,1.213,26.165,15.803
12/20/2024 12:00:00 AM,695.241,23.644,1.441,67.799,82.276,0,0,NA,NA,NA,NA,22.279,NA,1.264,20.018,13.217
12/20/2024 01:00:00 AM,694.858,23.219,1.422,48.857,80.782,0,0,NA,NA,NA,NA,23.181,NA,0.652,17.364,11.474
12/20/2024 02:00:00 AM,694.411,22.97,1.334,116.364,79.963,0,0,NA,NA,NA,NA,20.823,NA,0.7,17.011,11.093
12/20/2024 03:00:00 AM,694.183,22.594,1.297,31.511,79.567,0,0,NA,NA,NA,NA,18.416,NA,2.156,16.153,10.529
12/20/2024 04:00:00 AM,693.967,22.429,1.22,95.673,78.159,0,0,NA,NA,NA,NA,16.716,NA,2.311,14.944,9.658
12/20/2024 05:00:00 AM,694.032,22.22,1.241,120.773,78.243,0,0,NA,NA,NA,NA,10.928,NA,1.902,15.751,10.461
12/20/2024 06:00:00 AM,694.202,22.296,0.937,86.349,76.912,0,0,NA,NA,NA,NA,7.365,NA,2.282,16.433,10.316
12/20/2024 07:00:00 AM,694.848,22.045,0.925,52.269,78.673,19.816,0,NA,NA,NA,NA,5.626,NA,4.111,23.397,12.953
12/20/2024 08:00:00 AM,695.222,22.664,1.097,13.089,78.432,71.678,0,NA,NA,NA,NA,8.668,NA,4.39,34.103,16.028
12/20/2024 09:00:00 AM,695.498,23.172,1.433,92.288,78.34,205.013,0,NA,NA,NA,NA,10.394,NA,4.277,46.875,20.718
12/20/2024 10:00:00 AM,695.279,26.078,2.332,25.962,72.606,565.862,0,NA,NA,NA,NA,33.383,NA,1.709,39.292,18.628
12/20/2024 11:00:00 AM,694.854,26.31,3.508,317.74,76.219,514.008,0,NA,NA,NA,NA,49.192,NA,0.836,21.719,13.63
12/20/2024 12:00:00 PM,694.313,27.279,3.822,331.092,73.494,737.454,0,NA,NA,NA,NA,49.597,NA,0.448,21.078,12.892
12/20/2024 01:00:00 PM,693.577,28.981,3.043,334.01,66.473,737.936,0,NA,NA,NA,NA,50.009,NA,0.262,18.66,11.829
12/20/2024 02:00:00 PM,692.9,29.589,3.391,303.919,62.996,607.549,0,NA,NA,NA,NA,52.7,NA,0.262,17.494,10.455
12/20/2024 03:00:00 PM,692.671,29.464,4.381,316.424,63.713,618.908,0,NA,NA,NA,NA,52.856,NA,0.262,19.11,10.567
12/20/2024 04:00:00 PM,692.579,29.147,4.371,314.127,64.7,180.073,0,NA,NA,NA,NA,55.588,NA,0.262,16.827,10.236
12/20/2024 05:00:00 PM,692.592,28.748,2.929,306.298,69.366,93.218,0,NA,NA,NA,NA,53.477,NA,0.296,18.787,11.849
12/20/2024 06:00:00 PM,693.216,27.264,1.977,313.57,76.652,11.986,0,NA,NA,NA,NA,46.452,NA,0.262,24.957,14.036
12/20/2024 07:00:00 PM,693.949,25.997,1.808,309.773,81.863,0,0,NA,NA,NA,NA,41.351,NA,0.262,29.828,13.995
12/20/2024 08:00:00 PM,694.682,25.464,1.285,324.07,84.554,0,0,NA,NA,NA,NA,29.628,NA,0.349,29.147,14.389
12/20/2024 09:00:00 PM,695.22,25.044,1.112,18.107,85.461,0,0,NA,NA,NA,NA,22.499,NA,0.336,29.611,16.371
12/20/2024 10:00:00 PM,695.713,24.929,1.234,134.253,85.627,0,0,NA,NA,NA,NA,39.653,NA,0.872,29.383,16.015
12/20/2024 11:00:00 PM,695.665,24.521,0.999,78.773,86.074,0,0,NA,NA,NA,NA,14.012,NA,1.012,31.727,17.672
12/21/2024 12:00:00 AM,695.412,23.798,1.502,101.345,88.517,0,6.799,NA,NA,NA,NA,37.828,NA,0.988,24.21,14.832
12/21/2024 01:00:00 AM,695.113,22.08,1.709,124.519,96.594,0,7.199,NA,NA,NA,NA,27.958,NA,1.059,18.746,12.459
12/21/2024 02:00:00 AM,694.895,22.003,1.092,296.401,97.03,0,0,NA,NA,NA,NA,15.351,NA,1.52,26.401,13.995
12/21/2024 03:00:00 AM,694.279,22.106,0.735,108.946,96.613,0,0,NA,NA,NA,NA,31.935,NA,1.174,23.484,13.623
12/21/2024 04:00:00 AM,694.23,21.672,0.547,70.009,94.667,0,0,NA,NA,NA,NA,13.361,NA,1.55,19.815,11.08
12/21/2024 05:00:00 AM,694.495,21.765,0.824,329.417,94.405,0,0,NA,NA,NA,NA,19.439,NA,1.385,21.48,11.681
12/21/2024 06:00:00 AM,694.832,21.507,0.911,8.564,95.073,0,0,NA,NA,NA,NA,9.722,NA,2.001,25.998,13.637
12/21/2024 07:00:00 AM,695.049,21.467,0.83,41.663,94.045,22.716,0,NA,NA,NA,NA,11.309,NA,2.312,24.381,13.572
12/21/2024 08:00:00 AM,695.777,22.487,0.833,82.763,92.59,69.561,0,NA,NA,NA,NA,15.789,NA,1.7,33.364,21.217
12/21/2024 09:00:00 AM,696.236,23.136,0.99,243.236,89.118,139.393,0,NA,NA,NA,NA,10.888,NA,0.764,38.936,19.578
12/21/2024 10:00:00 AM,696.114,25.423,0.964,317.454,81.983,586.589,0,NA,NA,NA,NA,21.839,NA,0.383,50.209,25.055
12/21/2024 11:00:00 AM,695.714,28.903,1.257,2.509,65.959,590.133,0,NA,NA,NA,NA,30.751,NA,0.262,37.025,20.024
12/21/2024 12:00:00 PM,695.13,27.678,3.292,323.52,72.143,428.587,0,NA,NA,NA,NA,60.143,NA,0.262,17.032,11.231
12/21/2024 01:00:00 PM,694.558,27.124,2.848,324.872,75.03,262.047,0,NA,NA,NA,NA,46.267,NA,0.289,14.771,9.674
12/21/2024 02:00:00 PM,693.893,26.655,2.661,318.404,76.876,138.426,0,NA,NA,NA,NA,47.144,NA,0.308,11.655,8.831
12/21/2024 03:00:00 PM,693.282,25.553,1.687,9.86,84.671,124.361,0.6,NA,NA,NA,NA,37.968,NA,0.262,16.867,10.491
12/21/2024 04:00:00 PM,692.869,25.728,1.73,314.83,83.054,89.287,0,NA,NA,NA,NA,50.244,NA,0.262,14.183,9.528
12/21/2024 05:00:00 PM,693.007,25.943,2.192,305.786,82.152,109.201,0,NA,NA,NA,NA,33.659,NA,0.288,13.15,8.896
12/21/2024 06:00:00 PM,693.641,25.279,1.087,276.67,84.318,14.097,0,NA,NA,NA,NA,37.199,NA,0.401,14.331,9.377
12/21/2024 07:00:00 PM,694.331,24.604,0.765,354.045,86.919,0,0,NA,NA,NA,NA,28.106,NA,0.737,19.407,12.136
12/21/2024 08:00:00 PM,695.133,24.325,0.998,293.222,89.117,0,0,NA,NA,NA,NA,17.845,NA,0.7,25.575,16.119
12/21/2024 09:00:00 PM,695.802,23.917,1.114,36.98,91.831,0,0,NA,NA,NA,NA,49.479,NA,0.543,24.392,16.03
12/21/2024 10:00:00 PM,695.699,23.433,0.6,156.951,91.488,0,0,NA,NA,NA,NA,21.617,NA,0.687,21.77,14.355
12/21/2024 11:00:00 PM,695.769,23.149,1.173,237.968,93.019,0,0,NA,NA,NA,NA,23.21,NA,0.658,29.737,19.517
12/22/2024 12:00:00 AM,695.883,22.63,0.972,41.122,93.748,0,0,NA,NA,NA,NA,19.9,NA,0.653,26.216,15.959
12/22/2024 01:00:00 AM,695.716,22.447,0.907,337.381,91.853,0,0,NA,NA,NA,NA,24.886,NA,0.938,20.799,11.458
12/22/2024 02:00:00 AM,695.306,22.31,0.83,94.318,89.51,0,0,NA,NA,NA,NA,15.06,NA,1.004,17.085,8.938
12/22/2024 03:00:00 AM,694.934,22.002,0.609,338.816,90.347,0,0,NA,NA,NA,NA,8.308,NA,1.351,17.776,9.099
12/22/2024 04:00:00 AM,695.029,22.088,0.947,165.957,88.902,0,0,NA,NA,NA,NA,14.001,NA,2.385,15.353,7.655
12/22/2024 05:00:00 AM,695.34,21.638,0.911,43.909,90.844,0,0,NA,NA,NA,NA,10.596,NA,3.082,18.257,9.685
12/22/2024 06:00:00 AM,695.745,21.731,0.929,354.342,89.31,0,0,NA,NA,NA,NA,6.926,NA,2.371,16.1,7.962
12/22/2024 07:00:00 AM,696.139,21.911,1.105,82.61,86.369,11.616,0,NA,NA,NA,NA,6.125,NA,1.818,13.105,6.308
12/22/2024 08:00:00 AM,696.588,22.707,1.044,15.839,84.551,94.749,0,NA,NA,NA,NA,16.44,NA,6.843,16.246,8.918
12/22/2024 09:00:00 AM,696.967,25.183,0.95,300.402,80.069,245.275,0,NA,NA,NA,NA,20.198,NA,10.141,35.449,19.515
12/22/2024 10:00:00 AM,696.921,26.593,1.506,355.721,73.392,618.86,0,NA,NA,NA,NA,20.645,NA,2.773,31.84,18.475
12/22/2024 11:00:00 AM,696.212,29.256,1.933,228.96,61.918,591.165,0,NA,NA,NA,NA,50.161,NA,1.887,13.323,9.342
12/22/2024 12:00:00 PM,695.601,27.855,3.734,320.42,70.191,626.754,0,NA,NA,NA,NA,61.487,NA,2.004,15.833,9.766
12/22/2024 01:00:00 PM,694.975,27.082,4.325,321.851,73.463,534.002,0,NA,NA,NA,NA,55.201,NA,1.055,16.158,10.386
12/22/2024 02:00:00 PM,694.343,27.318,4.269,321.687,72.091,508.853,0,NA,NA,NA,NA,49.121,NA,0.989,16.122,10.545
12/22/2024 03:00:00 PM,693.747,27.691,3.409,314.096,70.505,294.607,0,NA,NA,NA,NA,47.639,NA,1.223,14.039,9.521
12/22/2024 04:00:00 PM,693.355,27.463,3.57,298.988,71.246,195.54,0,NA,NA,NA,NA,50.681,NA,0.957,11.455,7.013
12/22/2024 05:00:00 PM,693.579,26.169,2.499,309.813,76.887,83.777,0,NA,NA,NA,NA,47.203,NA,1.354,10.875,6.591
12/22/2024 06:00:00 PM,693.972,25.15,1.467,299.649,83.391,27.163,0.8,NA,NA,NA,NA,43.687,NA,1.746,11.668,7.494
12/22/2024 07:00:00 PM,694.57,23.865,0.631,298.286,91.516,0,0.6,NA,NA,NA,NA,32.906,NA,1.961,13.31,8.54
12/22/2024 08:00:00 PM,695.357,23.716,0.632,28.344,91.82,0,0.2,NA,NA,NA,NA,20.201,NA,0.919,13.659,9.116
12/22/2024 09:00:00 PM,696.105,23.557,0.692,1.417,92.664,0,0,NA,NA,NA,NA,28.081,NA,1.184,22.909,14.583
12/22/2024 10:00:00 PM,696.45,23.229,0.757,355.294,94.012,0,0,NA,NA,NA,NA,33.647,NA,1.09,28.071,18.482
12/22/2024 11:00:00 PM,696.554,23.207,0.647,356.942,93.471,0,0,NA,NA,NA,NA,25.534,NA,1.282,22.624,16.197
12/23/2024 12:00:00 AM,696.398,23.039,0.85,32.842,94.282,0,0,NA,NA,NA,NA,23.175,NA,0.944,23.7,15.196
12/23/2024 01:00:00 AM,696.022,22.705,0.762,359.269,94.322,0,0,NA,NA,NA,NA,21.68,NA,0.577,15.476,9.611
12/23/2024 02:00:00 AM,695.511,22.402,0.733,55.617,95.524,0,0,NA,NA,NA,NA,25.821,NA,0.262,16.118,9.844
12/23/2024 03:00:00 AM,695.02,22.25,0.617,267.21,96.15,0,0,NA,NA,NA,NA,26.202,NA,0.262,19.28,11.868
12/23/2024 04:00:00 AM,695.058,22.174,0.732,15.021,96.214,0,0,NA,NA,NA,NA,16.215,NA,0.262,17.364,10.825
12/23/2024 05:00:00 AM,695.324,22.158,0.761,264.459,96.247,0,0,NA,NA,NA,NA,35.008,NA,0.262,23.907,14.259
12/23/2024 06:00:00 AM,695.504,21.946,0.788,64.782,96.634,0,0,NA,NA,NA,NA,18.125,NA,0.262,21.322,12.79
12/23/2024 07:00:00 AM,695.672,22.039,0.753,267.726,96.193,6.347,0,NA,NA,NA,NA,28.191,NA,0.424,37.461,24.822
12/23/2024 08:00:00 AM,696.129,22.517,0.805,71.108,92.381,54.165,0,NA,NA,NA,NA,21.343,NA,0.262,23.285,12.233
12/23/2024 09:00:00 AM,696.406,24.821,0.719,339.265,83.893,177.721,0,NA,NA,NA,NA,11.243,NA,0.262,28.442,15.856
12/23/2024 10:00:00 AM,696.353,25.67,1.013,306.933,82.694,379.722,0,NA,NA,NA,NA,22.303,NA,0.262,36.967,24.215
12/23/2024 11:00:00 AM,696.07,28.609,1.258,320.652,69.458,590.407,0,NA,NA,NA,NA,38.906,NA,0.262,32.531,21.748
12/23/2024 12:00:00 PM,695.494,28.491,2.815,307.054,68.627,490.067,0,NA,NA,NA,NA,58.358,NA,0.262,19.295,11.7
12/23/2024 01:00:00 PM,694.674,27.646,4.197,323.082,72.637,559.957,0,NA,NA,NA,NA,53.225,NA,0.262,14.329,8.553
12/23/2024 02:00:00 PM,694.111,28.09,4.111,315.213,71.444,578.469,0,NA,NA,NA,NA,51.029,NA,0.262,12.5,7.128
12/23/2024 03:00:00 PM,693.724,26.82,3.231,311.307,76.102,217.902,0,NA,NA,NA,NA,41.243,NA,0.262,11.483,6.279
12/23/2024 04:00:00 PM,693.469,26.713,2.435,296.95,77.179,104.529,0,NA,NA,NA,NA,39.033,NA,0.262,12.286,6.087
12/23/2024 05:00:00 PM,693.581,26.525,2.766,303.855,77.44,61.56,0,NA,NA,NA,NA,45.487,NA,0.262,9.579,6.229
12/23/2024 06:00:00 PM,694.02,25.145,2.469,308.704,83.445,2.674,0,NA,NA,NA,NA,43.503,NA,0.262,13.581,9.02
12/23/2024 07:00:00 PM,694.62,24.471,1.523,297.361,86.326,0,0,NA,NA,NA,NA,39.322,NA,0.262,22.755,16.739
12/23/2024 08:00:00 PM,695.205,24.146,1.299,316.842,87.327,0,0,NA,NA,NA,NA,31.06,NA,0.262,13.417,8.555
12/23/2024 09:00:00 PM,695.854,24.095,1.127,338.071,87.577,0,0,NA,NA,NA,NA,30.435,NA,0.262,13.956,9.185
12/23/2024 10:00:00 PM,696.238,23.829,1.372,27.63,88.791,0,0,NA,NA,NA,NA,43.109,NA,0.262,15.267,11.032
12/23/2024 11:00:00 PM,696.179,23.658,0.956,348.571,89.741,0,0,NA,NA,NA,NA,18.636,NA,0.262,17.452,12.552
12/24/2024 12:00:00 AM,696.135,23.452,1.055,147.847,90.725,0,0,NA,NA,NA,NA,30.55,NA,0.262,18.573,12.416
12/24/2024 01:00:00 AM,695.975,23.101,0.969,16.153,92.14,0,0,NA,NA,NA,NA,35.988,NA,0.628,19.918,14.272
12/24/2024 02:00:00 AM,695.677,22.878,0.92,6.648,93.169,0,0,NA,NA,NA,NA,38.552,NA,0.6,20.635,14.095
12/24/2024 03:00:00 AM,695.08,22.761,0.89,63.821,91.009,0,0,NA,NA,NA,NA,21.702,NA,0.676,13.877,9.138
12/24/2024 04:00:00 AM,695.011,22.586,1.063,48.982,91.44,0,0,NA,NA,NA,NA,17.537,NA,0.905,14.499,9.347
12/24/2024 05:00:00 AM,695.089,22.605,1.44,103.973,87.7,0,0,NA,NA,NA,NA,13,NA,0.745,9.748,5.83
12/24/2024 06:00:00 AM,695.21,22.294,1.418,62.654,85.51,0,0,NA,NA,NA,NA,7.947,NA,1.534,9.406,5.431
12/24/2024 07:00:00 AM,695.74,22.36,1.486,35.914,81.632,13.72,0,NA,NA,NA,NA,6.987,NA,2.314,9.487,5.199
12/24/2024 08:00:00 AM,696.255,23.196,1.014,96.887,77.117,75.19,0,NA,NA,NA,NA,10.726,NA,2.416,14.398,7.109
12/24/2024 09:00:00 AM,696.35,26.48,0.89,349.113,68.398,273.518,0,NA,NA,NA,NA,23.894,NA,3.477,22.53,9.151
12/24/2024 10:00:00 AM,696.15,27.434,1.35,261.283,70.186,831.283,0,NA,NA,NA,NA,31.449,NA,2.933,27.438,13.448
12/24/2024 11:00:00 AM,695.677,27.962,1.578,43.632,66.594,330.31,0,NA,NA,NA,NA,57.45,NA,2.393,25.958,13.358
12/24/2024 12:00:00 PM,694.991,27.874,3.31,312.618,69.554,454.591,0,NA,NA,NA,NA,52.867,NA,1.434,19.674,9.764
12/24/2024 01:00:00 PM,694.366,28.059,3.571,324.325,70.116,634.906,0,NA,NA,NA,NA,50.865,NA,0.664,14.717,8.131
12/24/2024 02:00:00 PM,693.594,27.788,4.291,314.686,71.041,464.161,0,NA,NA,NA,NA,49.365,NA,0.373,12.27,7.352
12/24/2024 03:00:00 PM,692.968,28.462,3.446,308.615,68.297,516.07,0,NA,NA,NA,NA,46.803,NA,0.663,9.437,6.434
12/24/2024 04:00:00 PM,692.511,28.586,3.204,325.404,67.967,143.872,0,NA,NA,NA,NA,45.926,NA,0.278,10.244,6.748
12/24/2024 05:00:00 PM,692.371,27.969,3.027,307.019,71.314,107.235,0,NA,NA,NA,NA,47.226,NA,0.262,9.991,5.44
12/24/2024 06:00:00 PM,692.723,26.912,2.43,321.209,75.996,24.472,0,NA,NA,NA,NA,39.76,NA,0.42,10.746,5.949
12/24/2024 07:00:00 PM,693.36,25.592,1.812,322.536,82.058,0.064,0,NA,NA,NA,NA,41.018,NA,0.357,12.819,7.37
12/24/2024 08:00:00 PM,693.946,25.163,1.472,330.665,85.095,0,0,NA,NA,NA,NA,34.827,NA,0.416,16.051,9.912
12/24/2024 09:00:00 PM,694.533,24.795,1.053,59.068,87.318,0,0,NA,NA,NA,NA,30.644,NA,0.326,19.118,12.725
12/24/2024 10:00:00 PM,695.099,24.232,1.319,312.859,90.429,0,1.2,NA,NA,NA,NA,45.252,NA,0.487,19.953,15.088
12/24/2024 11:00:00 PM,695.238,23.117,1.868,30.044,93.467,0,0.6,NA,NA,NA,NA,28.695,NA,0.315,26.76,17.22
12/25/2024 12:00:00 AM,695.289,21.718,1.608,307.259,94.379,0,0,NA,NA,NA,NA,40.973,NA,0.6,23.971,14.399
12/25/2024 01:00:00 AM,695.29,21.293,1.018,18.728,95.165,0,0.2,NA,NA,NA,NA,23.721,NA,0.777,30.659,22.23
12/25/2024 02:00:00 AM,694.634,21.262,0.796,9.259,95.281,0,0,NA,NA,NA,NA,26.324,NA,0.8,23.622,17.448
12/25/2024 03:00:00 AM,693.906,21.244,0.902,293.105,96.264,0,0,NA,NA,NA,NA,18.203,NA,1.329,35.213,25.118
12/25/2024 04:00:00 AM,693.679,21.117,1,215.166,96.354,0,0,NA,NA,NA,NA,13.049,NA,2.168,28.13,18.156
12/25/2024 05:00:00 AM,694.134,20.821,0.988,98.086,96.99,0,0,NA,NA,NA,NA,14.331,NA,2.141,26.759,16.334
12/25/2024 06:00:00 AM,694.039,20.712,0.615,90.018,95.499,0,0,NA,NA,NA,NA,5.908,NA,3.35,19.275,11.163
12/25/2024 07:00:00 AM,694.411,20.596,0.875,259.514,95.836,8.587,0,NA,NA,NA,NA,7.889,NA,3.349,22.483,13.136
12/25/2024 08:00:00 AM,694.918,22.268,0.974,27.457,87.381,45.095,0,NA,NA,NA,NA,11.684,NA,2.964,20.529,10.945
12/25/2024 09:00:00 AM,695.02,24.926,1.326,237.139,75.831,209.702,0,NA,NA,NA,NA,21.669,NA,2.798,16.301,9.753
12/25/2024 10:00:00 AM,695.062,26.203,1.892,82.12,74.046,686.26,0,NA,NA,NA,NA,39.917,NA,2.039,14.816,9.635
12/25/2024 11:00:00 AM,694.928,25.954,3.377,320.222,78.472,418.389,0,NA,NA,NA,NA,47.095,NA,2.093,12.047,8.495
12/25/2024 12:00:00 PM,694.432,26.695,3.846,321.122,75.575,702.541,0,NA,NA,NA,NA,47.36,NA,0.948,12.442,8.386
12/25/2024 01:00:00 PM,693.847,27.067,3.514,318.613,72.338,577.003,0,NA,NA,NA,NA,49.646,NA,0.699,11.319,8.341
12/25/2024 02:00:00 PM,693.22,27.21,3.264,318.338,73.75,314.404,0,NA,NA,NA,NA,53.002,NA,0.839,16.174,12.053
12/25/2024 03:00:00 PM,692.853,25.808,3.089,328.36,78.511,192.704,0,NA,NA,NA,NA,42.661,NA,1.07,16.563,12.621
12/25/2024 04:00:00 PM,692.443,25.859,2.19,342.166,76.124,70.325,0,NA,NA,NA,NA,46.871,NA,1.301,8.824,6.723
12/25/2024 05:00:00 PM,692.415,25.85,2.357,311.023,77.39,36.04,0,NA,NA,NA,NA,45.093,NA,1.826,11.063,8.067
12/25/2024 06:00:00 PM,692.63,25.536,1.762,313.535,75.979,12.824,0,NA,NA,NA,NA,45.805,NA,2.362,10.248,6.661
12/25/2024 07:00:00 PM,692.95,24.5,0.646,350.406,80.986,0,0,NA,NA,NA,NA,33.921,NA,3.064,13.53,8.332
12/25/2024 08:00:00 PM,693.479,24.011,0.686,74.192,83.71,0,0,NA,NA,NA,NA,19.518,NA,2.189,20.984,13.48
12/25/2024 09:00:00 PM,693.995,23.781,0.904,25.922,84.784,0,0,NA,NA,NA,NA,20.805,NA,1.871,23.99,13.777
12/25/2024 10:00:00 PM,694.519,23.275,0.763,46.286,88.332,0,0,NA,NA,NA,NA,17.438,NA,2.233,30.261,15.966
12/25/2024 11:00:00 PM,694.751,23.304,0.731,335.566,88.111,0,0,NA,NA,NA,NA,19.575,NA,1.655,24.456,13.874
12/26/2024 12:00:00 AM,694.822,23.23,0.848,24.361,88.818,0,0,NA,NA,NA,NA,17.439,NA,1.4,29.181,19.713
12/26/2024 01:00:00 AM,694.599,22.549,0.882,249.729,92.473,0,0,NA,NA,NA,NA,24.839,NA,0.643,21.619,11.838
12/26/2024 02:00:00 AM,694.215,22.543,0.805,26.714,92.78,0,0,NA,NA,NA,NA,16.213,NA,0.924,21.596,11.595
12/26/2024 03:00:00 AM,693.799,22.377,0.827,5.448,93.297,0,0,NA,NA,NA,NA,14.15,NA,0.547,22.829,12.33
12/26/2024 04:00:00 AM,693.746,22.257,0.95,257.822,93.916,0,0,NA,NA,NA,NA,27.69,NA,0.665,21.927,11.66
12/26/2024 05:00:00 AM,693.957,22.165,0.651,107.466,94.27,0,0,NA,NA,NA,NA,13.402,NA,2.095,24.754,13.079
12/26/2024 06:00:00 AM,693.955,22.374,0.875,106.677,91.866,0,0,NA,NA,NA,NA,13.809,NA,0.714,22.75,11.437
12/26/2024 07:00:00 AM,694.448,22.249,0.893,22.475,93.061,5.944,0,NA,NA,NA,NA,21.364,NA,3.036,30.564,13.587
12/26/2024 08:00:00 AM,695.084,22.939,0.812,91.282,89.899,59.466,0,NA,NA,NA,NA,19.124,NA,0.83,32.311,13.831
12/26/2024 09:00:00 AM,695.473,25.008,0.747,3.132,80.976,231.999,0,NA,NA,NA,NA,9.076,NA,0.403,31.353,13.003
12/26/2024 10:00:00 AM,695.57,27.377,1.709,28.235,68.287,1102.853,0,NA,NA,NA,NA,17.341,NA,0.262,17.982,8.521
12/26/2024 11:00:00 AM,695.114,27.513,2.478,356.838,68.82,417.261,0,NA,NA,NA,NA,45.766,NA,0.262,15.135,8.78
12/26/2024 12:00:00 PM,694.463,27.748,3.676,326.595,70.109,696.628,0,NA,NA,NA,NA,57.502,NA,0.262,15.434,8.79
12/26/2024 01:00:00 PM,693.691,28.495,4.016,313.265,68.461,954.406,0,NA,NA,NA,NA,54.548,NA,0.262,13.862,8.767
12/26/2024 02:00:00 PM,692.933,28.426,3.931,319.268,67.381,633.859,0,NA,NA,NA,NA,53.529,NA,0.262,13.288,8.369
12/26/2024 03:00:00 PM,692.151,28.986,3.413,274.73,66.309,641.383,0,NA,NA,NA,NA,54.303,NA,0.262,14.985,8.384
12/26/2024 04:00:00 PM,691.786,28.278,3.94,322.167,69.463,137.798,0,NA,NA,NA,NA,51.836,NA,0.262,14.779,8.786
12/26/2024 05:00:00 PM,692.096,27.56,2.494,299.317,72.861,88.111,0,NA,NA,NA,NA,54.932,NA,0.262,17.969,9.794
12/26/2024 06:00:00 PM,692.662,25.97,2.392,299.247,81.125,16.352,0.2,NA,NA,NA,NA,49.937,NA,0.262,18.141,10.143
12/26/2024 07:00:00 PM,693.067,24.187,1.134,342.921,88.298,0,0.2,NA,NA,NA,NA,33.122,NA,0.262,15.664,9.528
12/26/2024 08:00:00 PM,694.016,22.259,1.896,334.209,94.167,0,12.799,NA,NA,NA,NA,31.142,NA,0.262,13.411,7.819
12/26/2024 09:00:00 PM,695.051,21.111,0.976,281.582,97.307,0,0,NA,NA,NA,NA,23.238,NA,0.401,14.832,5.314
12/26/2024 10:00:00 PM,695.365,21.709,0.815,92.189,95.829,0,0,NA,NA,NA,NA,19.209,NA,0.924,17.696,7.743
12/26/2024 11:00:00 PM,695.196,21.652,0.859,341.098,96.023,0,0,NA,NA,NA,NA,21.602,NA,0.976,23.793,10.342
12/27/2024 12:00:00 AM,695.184,21.371,0.814,249.171,96.295,0,0,NA,NA,NA,NA,16.423,NA,1.181,27.469,11.147
12/27/2024 01:00:00 AM,694.855,21.425,0.865,295.005,96.817,0,0,NA,NA,NA,NA,19.224,NA,2.747,30.617,13.448
12/27/2024 02:00:00 AM,694.291,21.237,0.763,307.278,96.717,0,0,NA,NA,NA,NA,17.187,NA,4.073,26.922,13.387
12/27/2024 03:00:00 AM,693.941,21.159,0.768,274.101,96.568,0,0.2,NA,NA,NA,NA,14.874,NA,3.852,23.656,11.097
12/27/2024 04:00:00 AM,693.865,21.134,0.678,252.77,96.46,0,0,NA,NA,NA,NA,12.02,NA,3.579,22.614,11.798
12/27/2024 05:00:00 AM,694.097,21.13,1.272,140.248,96.397,0,0,NA,NA,NA,NA,12.705,NA,3.495,21.717,12.33
12/27/2024 06:00:00 AM,694.516,20.94,0.748,326.865,97.074,0,0,NA,NA,NA,NA,8.014,NA,4.541,17.198,9.497
12/27/2024 07:00:00 AM,694.871,21.097,0.765,280.489,97.076,30.594,0,NA,NA,NA,NA,8.68,NA,4.004,20.33,12.316
12/27/2024 08:00:00 AM,695.495,22.732,1.283,205.244,91.913,164.107,0,NA,NA,NA,NA,16.748,NA,2.977,14.461,7.629
12/27/2024 09:00:00 AM,695.828,23.67,1.908,143.647,83.711,213.713,0.2,NA,NA,NA,NA,30.123,NA,2.537,17.318,5.779
12/27/2024 10:00:00 AM,696.085,25.006,1.322,266.786,80.723,424.834,0,NA,NA,NA,NA,31.193,NA,3.31,15.486,5.595
12/27/2024 11:00:00 AM,695.758,26.628,2.162,246.496,74.232,490.422,0,NA,NA,NA,NA,43.072,NA,2.052,9.378,4.129
12/27/2024 12:00:00 PM,695.408,25.679,4.221,321.819,78.636,508.675,0,NA,NA,NA,NA,43.668,NA,1.881,6.629,3.446
12/27/2024 01:00:00 PM,694.929,25.444,3.592,312.919,78.161,423.351,0,NA,NA,NA,NA,44.838,NA,2.144,8.366,4.851
12/27/2024 02:00:00 PM,694.19,25.368,3.467,320.695,77.823,302.888,0,NA,NA,NA,NA,47.038,NA,2.724,6.541,3.965
12/27/2024 03:00:00 PM,693.476,26.093,3.177,303.739,76.116,477.484,0,NA,NA,NA,NA,48.17,NA,2.538,5.832,3.322
12/27/2024 04:00:00 PM,693.045,26.367,3.225,295.96,74.261,189.273,0,NA,NA,NA,NA,50.634,NA,1.597,5.326,3.107
12/27/2024 05:00:00 PM,693.189,25.928,2.448,287.794,76.211,111.021,0,NA,NA,NA,NA,49.059,NA,2.494,6.712,3.348
12/27/2024 06:00:00 PM,693.571,25.5,1.933,304.99,77.631,42.581,0,NA,NA,NA,NA,42.256,NA,2.4,7.034,3.874
12/27/2024 07:00:00 PM,694.009,24.265,1.115,260.648,83.106,0.048,0,NA,NA,NA,NA,38.184,NA,2.873,11.896,6.086
12/27/2024 08:00:00 PM,694.623,23.727,1.32,349.917,86.423,0,0,NA,NA,NA,NA,30.882,NA,2.328,11.624,6.393
12/27/2024 09:00:00 PM,695.349,23.486,1.277,8.411,87.817,0,0,NA,NA,NA,NA,20.023,NA,2.592,13.2,6.891
12/27/2024 10:00:00 PM,695.977,23.331,0.999,8.168,89.129,0,0,NA,NA,NA,NA,24.778,NA,2.517,16.076,8.081
12/27/2024 11:00:00 PM,696.173,23.113,1.092,12.393,89.957,0,0,NA,NA,NA,NA,19.337,NA,1.606,18.203,8.266
12/28/2024 12:00:00 AM,696.049,22.835,1.437,351.139,91.693,0,0,NA,NA,NA,NA,22.367,NA,1.799,18.272,8.609
12/28/2024 01:00:00 AM,695.659,22.269,1.175,314.951,91.623,0,0,NA,NA,NA,NA,33.009,NA,2.439,12.602,6.951
12/28/2024 02:00:00 AM,695.21,22.145,1.142,291.924,92.552,0,0,NA,NA,NA,NA,18.022,NA,3.297,14.18,6.737
12/28/2024 03:00:00 AM,694.773,22.115,0.899,107.168,92.973,0,0,NA,NA,NA,NA,19.57,NA,2.849,16.5,7.158
12/28/2024 04:00:00 AM,694.704,21.947,1.145,91.081,94.141,0,0,NA,NA,NA,NA,23.199,NA,2.951,17.941,8.095
12/28/2024 05:00:00 AM,694.464,21.687,0.958,89.318,92.088,0,0,NA,NA,NA,NA,11.741,NA,2.805,15.203,6.757
12/28/2024 06:00:00 AM,695.091,21.304,0.809,333.644,95.092,0,0,NA,NA,NA,NA,14.704,NA,5.028,20.734,9.43
12/28/2024 07:00:00 AM,695.57,21.269,1.474,43.542,90.99,3.947,0,NA,NA,NA,NA,6.088,NA,2.61,18.795,8.263
12/28/2024 08:00:00 AM,696.037,22.233,0.903,53.616,88.143,54.987,0,NA,NA,NA,NA,15.937,NA,3.856,23.459,10.36
12/28/2024 09:00:00 AM,696.396,24.609,1.041,96.495,80.105,304.483,0,NA,NA,NA,NA,20.081,NA,3.055,20.863,9.339
12/28/2024 10:00:00 AM,696.494,26.76,1.527,301.135,73.394,726.47,0,NA,NA,NA,NA,28.033,NA,2.839,19.891,9.566
12/28/2024 11:00:00 AM,696.211,25.619,3.412,312.697,79.486,461.164,0,NA,NA,NA,NA,41.848,NA,3.142,14.282,7.817
12/28/2024 12:00:00 PM,695.644,26.771,3.556,317.713,74.686,746.588,0,NA,NA,NA,NA,44.493,NA,2.099,13.98,7.444
12/28/2024 01:00:00 PM,695.017,26.667,3.697,321.031,73.879,312.217,0,NA,NA,NA,NA,47.954,NA,2.307,11.503,6.213
12/28/2024 02:00:00 PM,694.278,27.012,3.056,344.921,72.704,264.882,0,NA,NA,NA,NA,43.54,NA,2.745,10.391,5.947
12/28/2024 03:00:00 PM,693.589,26.521,3.505,319.704,74.986,201.259,0,NA,NA,NA,NA,44.492,NA,3.12,10.708,6.015
12/28/2024 04:00:00 PM,693.23,25.74,3.213,341.877,79.768,141.858,0,NA,NA,NA,NA,38.557,NA,3.408,10.103,6.104
12/28/2024 05:00:00 PM,693.368,24.745,2.116,328.01,85.472,60.303,0,NA,NA,NA,NA,40.268,NA,3.245,9.822,5.943
12/28/2024 06:00:00 PM,693.724,23.883,1.218,292.923,89.761,6.444,0,NA,NA,NA,NA,26.645,NA,2.122,11.357,6.343
12/28/2024 07:00:00 PM,694.268,23.462,1.034,296.69,89.435,0,0,NA,NA,NA,NA,34.787,NA,2.042,11.235,6.336
12/28/2024 08:00:00 PM,695.139,23.514,1.419,22.585,88.971,0,0.6,NA,NA,NA,NA,37.746,NA,1.907,16.057,9.343
12/28/2024 09:00:00 PM,695.555,22.549,0.792,312.204,92.357,0,0,NA,NA,NA,NA,19.602,NA,2.118,14.942,9.023
12/28/2024 10:00:00 PM,695.968,22.479,0.837,111.766,93.248,0,0.2,NA,NA,NA,NA,24.254,NA,2.013,18.102,11.655
12/28/2024 11:00:00 PM,696.218,22.116,0.969,278.687,95.611,0,0,NA,NA,NA,NA,22.459,NA,2.395,20.829,13.048
12/29/2024 12:00:00 AM,695.949,22.115,0.702,225.854,95.428,0,0,NA,NA,NA,NA,18.083,NA,2.739,21.573,12.052
12/29/2024 01:00:00 AM,695.813,21.868,1.035,105.475,96.098,0,0,NA,NA,NA,NA,33.605,NA,0.975,19.767,10.627
12/29/2024 02:00:00 AM,695.46,22.019,0.688,49.666,94.565,0,0,NA,NA,NA,NA,12.312,NA,1.098,17.491,8.961
12/29/2024 03:00:00 AM,695.147,21.85,0.862,329.105,95.975,0,0,NA,NA,NA,NA,25.7,NA,1.839,23.377,10.439
12/29/2024 04:00:00 AM,694.872,21.688,0.888,99.797,96.214,0,0,NA,NA,NA,NA,11.891,NA,1.46,22.136,10.377
12/29/2024 05:00:00 AM,695.207,21.657,0.761,8.81,96.567,0,0,NA,NA,NA,NA,26.245,NA,1.181,22.928,11.113
12/29/2024 06:00:00 AM,695.686,21.728,1.124,12.709,95.659,0,0,NA,NA,NA,NA,11.238,NA,1.138,19.083,10.006
12/29/2024 07:00:00 AM,695.893,22.041,0.654,34.844,93.674,16.078,0,NA,NA,NA,NA,16.284,NA,0.809,21.201,11.536
12/29/2024 08:00:00 AM,696.399,22.382,0.929,312.208,94.168,42.017,0,NA,NA,NA,NA,17.439,NA,1.418,28.047,13.889
12/29/2024 09:00:00 AM,696.858,22.796,1.011,11.869,88.969,85.856,0,NA,NA,NA,NA,14.388,NA,0.58,30.239,18.816
12/29/2024 10:00:00 AM,696.99,24.001,1.769,313.841,84.673,232.016,0,NA,NA,NA,NA,24.35,NA,0.262,13.912,7.907
12/29/2024 11:00:00 AM,696.504,25.042,2.885,345.644,81.049,502.094,0,NA,NA,NA,NA,34.227,NA,0.262,6.201,3.935
12/29/2024 12:00:00 PM,695.754,25.956,3.957,311.928,76.913,610.739,0,NA,NA,NA,NA,40.734,NA,0.262,5.713,3.231
12/29/2024 01:00:00 PM,695.125,26.018,4.128,326.32,76.341,306.61,0,NA,NA,NA,NA,42.4,NA,0.291,8.981,5.615
12/29/2024 02:00:00 PM,694.493,25.959,3.475,315.782,76.709,331.341,0,NA,NA,NA,NA,42.083,NA,0.593,10.396,6.404
12/29/2024 03:00:00 PM,693.574,26.648,3.288,328.54,73.485,567.981,0,NA,NA,NA,NA,39.911,NA,0.917,9.897,6.773
12/29/2024 04:00:00 PM,693.304,26.404,3.728,325.01,74.073,149.366,0,NA,NA,NA,NA,46.628,NA,0.618,7.313,4.42
12/29/2024 05:00:00 PM,693.166,26.058,2.93,319.835,76.964,84.663,0,NA,NA,NA,NA,42.599,NA,1.536,6.676,3.553
12/29/2024 06:00:00 PM,693.533,24.851,1.687,298.333,81.727,11.245,0,NA,NA,NA,NA,39.404,NA,1.34,9.203,4.209
12/29/2024 07:00:00 PM,694.066,23.706,1.522,307.281,86.783,0,0,NA,NA,NA,NA,39.738,NA,0.748,8.017,3.996
12/29/2024 08:00:00 PM,694.714,23.359,1.318,295.98,88.939,0,0,NA,NA,NA,NA,36.972,NA,0.865,8.112,4.433
12/29/2024 09:00:00 PM,695.42,23.302,1.367,322.052,89.281,0,0,NA,NA,NA,NA,30.409,NA,0.707,10.006,5.94
12/29/2024 10:00:00 PM,695.696,22.816,0.931,334.692,92.181,0,0,NA,NA,NA,NA,32.075,NA,0.742,11.866,6.889
12/29/2024 11:00:00 PM,695.638,22.422,0.789,16.511,94.38,0,0,NA,NA,NA,NA,35.241,NA,0.528,12.624,7.208
12/30/2024 12:00:00 AM,695.696,22.132,1.156,18.72,94.078,0,0,NA,NA,NA,NA,23.193,NA,0.722,15.917,6.232
12/30/2024 01:00:00 AM,695.463,21.962,1.01,84.723,94.371,0,0,NA,NA,NA,NA,29.872,NA,1.7,13.76,5.144
12/30/2024 02:00:00 AM,694.973,21.902,0.884,25.541,94.871,0,0,NA,NA,NA,NA,16.669,NA,1.998,14.806,5.526
12/30/2024 03:00:00 AM,694.545,21.709,0.831,298.846,95.117,0,0,NA,NA,NA,NA,22.292,NA,-999,14.197,5.177
12/30/2024 04:00:00 AM,694.347,21.503,0.849,27.142,95.63,0,0,NA,NA,NA,NA,12.441,NA,1.467,12.492,4.972
12/30/2024 05:00:00 AM,694.179,21.439,0.71,50.275,95.221,0,0,NA,NA,NA,NA,14.365,NA,1.964,14.647,5.673
12/30/2024 06:00:00 AM,694.546,21.299,0.754,2.217,95.653,0,0,NA,NA,NA,NA,13.59,NA,1.777,16.371,6.179
12/30/2024 07:00:00 AM,694.967,21.271,1.335,310.545,89.499,12.179,0,NA,NA,NA,NA,5.064,NA,1.781,14.99,6.754
12/30/2024 08:00:00 AM,695.452,21.688,1.276,58.113,83.446,28.242,0,NA,NA,NA,NA,6.955,NA,1.847,17.59,7.636
12/30/2024 09:00:00 AM,696.001,22.401,1.389,98.96,79.214,138.571,0,NA,NA,NA,NA,-999,NA,-999,19.303,8.109
12/30/2024 10:00:00 AM,696.139,25.607,1.332,4.018,73.913,695.169,0,NA,NA,NA,NA,27.1,NA,1.835,17.233,7.811
12/30/2024 11:00:00 AM,695.848,26.818,2.758,320.608,72.388,427.865,0,NA,NA,NA,NA,40.77,NA,1.612,13.708,6.635
12/30/2024 12:00:00 PM,695.463,26.248,3.814,305.204,75.264,675.909,0,NA,NA,NA,NA,46.175,NA,1.719,9.824,5.305
12/30/2024 01:00:00 PM,694.78,26.805,3.751,312.35,72.643,815.608,0,NA,NA,NA,NA,47.772,NA,1.677,9.2,5.216
12/30/2024 02:00:00 PM,693.797,27.331,3.589,320.424,70.703,647.183,0,NA,NA,NA,NA,45.276,NA,1.726,8.69,5.142
12/30/2024 03:00:00 PM,692.948,27.235,3.614,319.204,70.627,492.774,0,NA,NA,NA,NA,47.374,NA,1.573,10.005,5.408
12/30/2024 04:00:00 PM,692.467,26.928,3.689,308.673,72.871,196.716,0,NA,NA,NA,NA,-999,NA,-999,10.132,5.813
12/30/2024 05:00:00 PM,692.618,25.178,2.315,350.596,82.961,83.391,0.4,NA,NA,NA,NA,37.914,NA,1.753,10.726,6.228
12/30/2024 06:00:00 PM,693.014,24.387,1.087,311.983,87.308,20.332,0,NA,NA,NA,NA,23.834,NA,0.548,17.884,9.931
12/30/2024 07:00:00 PM,693.573,23.891,1.155,307.247,88.681,0,0,NA,NA,NA,NA,47.989,NA,1.364,19.76,11.127
12/30/2024 08:00:00 PM,694.121,23.625,0.63,309.007,90.244,0,0,NA,NA,NA,NA,14.57,NA,0.917,19.742,11.916
12/30/2024 09:00:00 PM,694.565,23.385,0.785,31.069,90.115,0,0,NA,NA,NA,NA,21.813,NA,0.715,25.183,15.523
12/30/2024 10:00:00 PM,695.092,23.249,0.924,329.959,90.545,0,0,NA,NA,NA,NA,29.653,NA,0.943,22.248,13.75
12/30/2024 11:00:00 PM,695.314,23.019,0.717,280.908,91.867,0,0,NA,NA,NA,NA,29.636,NA,0.836,25.568,15.616
12/31/2024 12:00:00 AM,695.542,22.828,1.041,10.863,92.669,0,0,NA,NA,NA,NA,18.96,NA,0.833,29.834,16.904
12/31/2024 01:00:00 AM,695.153,22.371,0.688,319.855,94.14,0,0,NA,NA,NA,NA,17.32,NA,-999,22.858,11.587
12/31/2024 02:00:00 AM,694.629,22.269,0.956,25.507,94.668,0,0,NA,NA,NA,NA,36.535,NA,0.262,18.812,9.558
12/31/2024 03:00:00 AM,694.158,22.222,0.776,334.734,94.114,0,0,NA,NA,NA,NA,19.052,NA,0.262,16.653,8.145
12/31/2024 04:00:00 AM,693.805,21.956,0.8,25.8,95.237,0,0,NA,NA,NA,NA,28.022,NA,0.262,19.764,9.973
12/31/2024 05:00:00 AM,693.84,21.718,0.903,42.33,96.377,0,0,NA,NA,NA,NA,15.083,NA,0.514,20.125,9.628
12/31/2024 06:00:00 AM,694.138,21.289,1.211,340.406,89.751,0,0,NA,NA,NA,NA,7.21,NA,0.504,16.496,8.871
12/31/2024 07:00:00 AM,694.565,21.583,1.126,72.602,81.587,14.419,0,NA,NA,NA,NA,4.332,NA,0.643,14.559,8.42
12/31/2024 08:00:00 AM,694.901,22.425,1.32,77.935,76.171,40.132,0,NA,NA,NA,NA,8.876,NA,0.608,17.607,9.132
12/31/2024 09:00:00 AM,695.228,24.341,1.022,101.783,72.953,185.922,0,NA,NA,NA,NA,20.765,NA,-999,18.192,9.244
12/31/2024 10:00:00 AM,695.077,27.036,1.366,79.544,69.173,898.266,0,NA,NA,NA,NA,32.905,NA,0.388,22.881,13.012
12/31/2024 11:00:00 AM,694.702,26.848,3.245,329.536,71.486,585.429,0,NA,NA,NA,NA,51.95,NA,0.342,15.915,9.322
12/31/2024 12:00:00 PM,694.355,26.604,4.535,317.01,72.341,635.664,0,NA,NA,NA,NA,46.811,NA,-999,14.168,7.644
12/31/2024 01:00:00 PM,693.904,26.994,4.453,320.497,70.699,780.067,0,NA,NA,NA,NA,46.123,NA,0.365,12.227,6.75
12/31/2024 02:00:00 PM,693.235,27.704,4.211,310.64,67.772,801.592,0.2,NA,NA,NA,NA,47.779,NA,0.335,11.031,6.946
12/31/2024 03:00:00 PM,692.711,27.676,4.129,316.523,69.328,644.605,0,NA,NA,NA,NA,49.214,NA,0.262,11.951,7.049
12/31/2024 04:00:00 PM,692.376,27.663,3.607,302.359,69.715,238.524,0,NA,NA,NA,NA,-999,NA,-999,12.461,7.448
12/31/2024 05:00:00 PM,692.434,26.153,4.27,326.704,75.242,115.661,0,NA,NA,NA,NA,46.608,NA,0.262,12.629,7.469
12/31/2024 06:00:00 PM,692.68,24.785,2.242,317.822,78.564,7.024,0,NA,NA,NA,NA,47.17,NA,0.336,10.546,6.515
12/31/2024 07:00:00 PM,692.975,24.395,0.918,260.598,82.948,0.032,0,NA,NA,NA,NA,41.116,NA,0.629,15.71,8.549
12/31/2024 08:00:00 PM,693.599,24.2,0.998,35.326,84.387,0,0,NA,NA,NA,NA,27.596,NA,0.323,21.543,14.473
12/31/2024 09:00:00 PM,694.391,23.836,1.388,15.652,87.328,0,0,NA,NA,NA,NA,42.539,NA,0.262,21.668,13.906
12/31/2024 10:00:00 PM,694.741,23.656,1.073,338.01,88.97,0,0,NA,NA,NA,NA,22.372,NA,0.262,25.463,18.909
12/31/2024 11:00:00 PM,695.198,23.333,1.534,21.406,86.581,0,0,NA,NA,NA,NA,28.276,NA,0.262,42.076,32.57
